average_rtt,retransmission_rate,throughput_mbps,window_size_trend,average_rto,current_window_size,congestion
345.1244703273512,1.0,0.03312,0.0,1985.5256494009186,65412.75687950411,1
340.2387340485358,1.0,0.07056,-2112.565379003936,1775.5908719116915,65307.12861055391,1
332.00123416519597,1.0,0.06931466121367019,-10511.296229174017,1579.1625236191678,64580.52322654166,1
309.8369758102487,1.0,0.06769666573611381,-15149.032921446387,1796.9185530822099,63651.17548017075,1
292.6879688895937,1.0,0.07806255805665384,-28378.826030391596,1850.7539754744255,61643.57898413509,1
291.23377389741177,1.0,0.07369208963696501,-27389.87247498229,1810.411375326036,60913.942718168575,1
279.2954663100742,1.0,0.0734818947786085,-20623.866146048844,1741.9273631865265,61400.356392115675,1
282.6517587968641,1.0,0.07299561878531453,-26551.95033594708,1625.7509251102992,59214.50496721862,1
280.4734768523501,1.0,0.06660095294949729,-23214.585163801898,1555.634280654839,59272.48239190579,1
268.04248585847387,1.0,0.06409911491151127,-22229.385767434094,1575.1360699160753,58604.43664000118,1
258.37140062932286,1.0,0.06199177299306956,-25102.708996905658,1636.558720337876,56964.16934563906,1
262.90745698797986,1.0,0.06231163583733905,-25153.11934999181,1645.7583818914006,56322.18751553337,1
261.93064914434086,1.0,0.060922957121177096,-27291.676390450553,1675.1624214392903,54980.424146267724,1
262.9396398214435,1.0,0.062377013223783764,-24554.158152238695,1658.9176830767708,55527.64075015547,1
268.3326821979836,1.0,0.0616389200486247,-27664.200525056323,1710.6715728539311,53510.2998386322,1
272.21941951740763,1.0,0.061679911104040135,-24219.854970830493,1682.6802654966086,53968.78037831799,1
275.1078570057057,1.0,0.06273436829245088,-26363.828577174747,1688.679853832174,52139.72672959046,1
269.0956907402764,1.0,0.062135292171417264,-23924.272730501063,1698.5545857967286,52373.925911901875,1
263.91594878260446,1.0,0.06062404163088065,-26445.616969230996,1680.776137121413,50218.22834772379,1
264.1293062582884,1.0,0.05920097405840061,-25792.367888455123,1686.127527139876,49676.18593707377,1
263.3294186349238,1.0,0.06028854351791516,-23901.714607556827,1707.2952585296673,50452.11842648289,1
261.19234503645043,1.0,0.05872681784982476,-24011.78020761744,1702.6423823145378,49610.65290994997,1
261.17560084824873,1.0,0.05770976221978627,-25458.391915272587,1724.4708122630539,47812.822920610095,1
264.1767161890518,1.0,0.057308489795889234,-25253.80883605208,1732.660298376103,47479.48018607962,1
267.23284270204766,1.0,0.05668464511714218,-27282.46122529852,1720.5766017437045,45409.82511235236,1
263.06935351652527,1.0,0.058673881998300946,-26171.751193172182,1746.3726581798403,45565.11425846343,1
261.2218148813265,1.0,0.05755084243153526,-24972.436783926132,1758.4563979908396,45719.751128111675,1
263.94112971080614,1.0,0.05655601774438218,-25468.549145311878,1729.961288623473,44258.32252633552,1
264.1457996623014,1.0,0.05577229703551152,-26968.445315424247,1706.8792903351336,42380.51586482297,1
260.4338482582794,1.0,0.05432312156832185,-26326.6701916457,1720.7029214909628,41727.869331429145,1
260.6206054707278,1.0,0.05353900922550877,-26676.420915249706,1697.6839645999155,40798.64443557304,1
257.93717282258217,1.0,0.052868480350874755,-25478.90240297844,1708.8898659141814,41343.249052364525,1
260.27124897530405,1.0,0.05348392650422898,-25885.841948285208,1706.5172298894367,39730.156387649884,1
259.4933552955381,1.0,0.0535148839579471,-25959.203552242263,1685.149828609638,39245.39608465365,1
256.4668981955341,1.0,0.05195882918655662,-25439.758654228062,1698.9287922648498,38527.085106468745,1
258.3302563221916,1.0,0.052128151561972494,-25304.446538231125,1684.9443608503525,38193.857229765475,1
256.74208486997753,1.0,0.0511546707487774,-25952.06703052984,1680.5945010120988,36560.14313854736,1
257.0616808668542,1.0,0.05253695190321206,-25536.990451029298,1662.1307703473594,36427.02856048689,1
255.77661254892425,1.0,0.05278554270263935,-25648.659763259227,1646.2961938269386,35784.32838091268,1
253.399106898337,1.0,0.05352428073734797,-27091.16051276185,1627.4930938707462,33565.98012733071,1
255.02903905604686,1.0,0.05414655381836287,-26020.0741153717,1620.4953321865448,33896.429053599015,1
252.76289107817715,1.0,0.055776695196319885,-27134.743245071575,1611.0539880610263,32097.99681919305,1
254.67464649039658,1.0,0.05684211530554896,-26620.057450075616,1625.1429544186894,31982.505897435276,1
255.83656977278815,1.0,0.05810256206538207,-26360.08004666162,1644.2367544772924,31822.149903195506,1
256.32714942778,1.0,0.0582624046910514,-27052.096322612422,1657.8731076002045,30407.136071895275,1
255.61356709289407,1.0,0.05844346363995351,-27760.963856597704,1654.6304732308806,28814.536821907914,1
257.40416322587646,1.0,0.05846566350026866,-27502.548335897423,1661.2503288488429,28389.99112882509,1
257.38625264227795,1.0,0.05833351999282687,-26927.313269535403,1662.2709291376377,27896.820856600156,1
257.7023688762801,1.0,0.05748953998748932,-27056.72131694244,1651.6957634065375,26711.311228364924,1
259.38384248239083,1.0,0.05818140469253195,-26662.560303424267,1666.483802110228,26786.431256542855,1
259.5530843762981,1.0,0.05763466047839598,-26606.75441227239,1675.9977516035813,25722.36400893271,1
257.7766507444407,1.0,0.05805936395103717,-27471.415125689484,1671.583837684017,24967.331400048242,1
254.6015079093486,1.0,0.05790456083008369,-27194.224415530927,1676.5574211382518,24533.489433024133,1
256.045196400944,1.0,0.05885020739949295,-27590.92950405433,1685.0149016440764,23450.726570081057,1
253.43039717228856,1.0,0.059124700553793375,-27937.976304243555,1687.865712015483,21876.069881820353,1
254.05526321238307,1.0,0.05752746504424033,-26422.13744485931,1672.4156945694517,21410.808074397508,1
254.76396785751353,1.0,0.056773523393854934,-26586.361345532445,1688.2653523620484,21708.263089848646,1
255.4149084767743,1.0,0.0565551026370657,-26845.07435653272,1700.7230098194952,19178.843356670226,1
255.81311367835937,1.0,0.05753236424555404,-27269.147137091164,1729.6318106644367,18725.71805068818,1
259.03742865873136,1.0,0.056736248111348156,-26726.853320643833,1740.5115680255558,17556.17682199222,1
260.41721789639007,1.0,0.056389094680356765,-25737.375719653322,1743.7409985828967,18533.209460948477,1
263.759709996162,1.0,0.057048037545055254,-27018.68045630937,1741.1864941636984,16216.656116082295,1
264.1722789286999,1.0,0.05586441654819018,-27357.195376251446,1718.2672821255794,15007.325420989393,1
262.7249091878197,1.0,0.05730760675179084,-26559.710858114406,1725.9989879364002,15736.927707283352,1
263.134079771413,1.0,0.057707067117103536,-26288.3678795275,1734.298675219064,14344.061980385974,1
261.75028601682396,1.0,0.05806026960940352,-27829.798943885056,1734.9089125640364,13076.517502635601,1
260.307139089117,1.0,0.05857918739170593,-27233.8632861464,1722.5898438400789,13503.291422733635,1
259.28103504349923,1.0,0.05738068139087629,-27704.32705038077,1733.5114144888103,11852.121284916979,1
259.1346795174586,1.0,0.05769656388518334,-27605.768108641827,1736.7842019778145,11291.034431615084,1
259.9818344506161,1.0,0.05673390904950675,-26841.79778675959,1720.6598905853061,10283.337458965236,1
257.68647956518845,0.9807692307692307,0.060129706177943804,-26885.42730589603,1700.9397144794941,10221.975094073256,0
253.80408306613424,0.9622641509433962,0.06543271303385924,-26551.480246622483,1675.2291542038543,10234.081822634476,0
249.85187482255915,0.9433962264150944,0.06872529077830483,-26300.798898106535,1649.828642496305,11331.543800863841,0
246.5711913730851,0.9245283018867925,0.07027843478934939,-25539.295445560605,1617.773090234003,11898.28876719936,0
243.76413747371848,0.9074074074074074,0.07106766366077265,-24337.900985146724,1594.789048124714,13172.805773447415,0
241.5759095359305,0.8888888888888888,0.07456371718093617,-23108.618240494186,1568.8113359794186,13674.764724690138,0
238.83274649899326,0.8727272727272727,0.07823276418542136,-23315.075471562683,1544.4301753313603,13161.222872267312,0
235.99757300072338,0.8571428571428571,0.08265075930928675,-22053.457520985376,1522.5210241278749,14854.346849041372,0
232.38176736744208,0.8392857142857143,0.08607301176125848,-22177.62650338993,1493.829287369522,14529.838722156504,0
227.33671299900723,0.8214285714285714,0.09087203504534473,-19967.651223636636,1467.3539553442993,15810.812730968026,0
225.06642382036026,0.8245614035087719,0.09470712563128589,-20064.583192374448,1450.84488473734,15327.502608516592,0
220.69922880186297,0.8070175438596491,0.09789929401312067,-19802.099274068976,1431.4780398173875,15883.19177713755,0
218.83048840699124,0.8070175438596491,0.10292748773248123,-19258.54023241465,1393.5858104212589,17138.653868380803,0
215.9760844526324,0.7931034482758621,0.10842203038462483,-18663.0791922621,1375.9719255714576,17780.395084803175,0
212.97905558647642,0.7758620689655172,0.11335900345475008,-17316.80422190674,1348.022922671997,18675.17740095692,0
210.93953039364553,0.7627118644067796,0.11807519702687821,-16880.802801797203,1334.1583899653401,19079.054870523356,0
206.24769445402865,0.7457627118644068,0.12046352128696071,-15275.921990580531,1324.8975838219008,19609.582965806996,0
202.49237979942873,0.7457627118644068,0.12633488889261932,-14686.873696546243,1312.5037751736643,20262.822082009156,0
200.0852589766309,0.7333333333333333,0.12764553655904884,-14603.849507506355,1300.0846656928834,20183.2060193254,0
198.5860817157958,0.7213114754098361,0.1293865797164947,-14271.172893048053,1286.4171311661885,20414.62891258603,0
197.83941916210009,0.7049180327868853,0.13530562243187627,-12655.608196851346,1260.7599068608413,21955.011747255467,0
194.72891856106185,0.6885245901639344,0.13648717330162854,-12101.166253313073,1252.1118874916394,23333.60287652385,0
193.36003339081716,0.6721311475409836,0.14044681019112942,-10679.085386091534,1222.9877875541501,24139.63023341114,0
191.99802499277365,0.6612903225806451,0.1418209024682485,-11319.30288258087,1211.3235394869562,23047.73954972844,0
190.1672567906714,0.6507936507936508,0.14267503184013464,-9649.093412703198,1200.1462923165598,25355.83395814768,0
185.46393456148306,0.6349206349206349,0.14348379847004,-8957.702278343359,1176.9088946997806,25849.403334439776,0
183.18829164517317,0.6190476190476191,0.15200152939379855,-8634.653733872256,1169.2604616975896,25950.611257334967,0
180.87812317213104,0.609375,0.15577016139679556,-8949.949741235323,1157.7072357026095,25297.92741964656,0
179.4087822104704,0.6,0.15793158098082172,-7607.665500245933,1144.9826628594774,27154.574798728794,0
178.26580778002176,0.5846153846153846,0.16189285412871174,-6779.333806812613,1119.853302020597,28105.562259263825,0
174.22114208210976,0.5692307692307692,0.16754497152359574,-6143.233606126539,1105.0675773364408,27549.650101510135,0
172.2672095634751,0.5606060606060606,0.16921257304434642,-4939.881546334353,1092.6175068564191,29214.863211952565,0
170.81386857000763,0.5454545454545454,0.17499918228024858,-4206.67426217844,1075.857601270829,30195.160074525833,0
168.80657439097757,0.5373134328358209,0.17469587630285147,-4912.500178186679,1062.4899505202418,29068.73382662612,0
165.9211641673892,0.5373134328358209,0.1791489290218537,-3425.0955858659877,1052.940682780322,30669.080529903593,0
164.18578849184834,0.5373134328358209,0.18230834966360257,-1192.5164634073076,1041.7738461039276,31793.993597545992,0
162.48402327962177,0.5223880597014925,0.18440146158918821,-1355.02616825233,1032.2879540465058,31906.87841801899,0
161.09277248718342,0.5147058823529411,0.18296897577553803,-1428.3957147685912,1024.554138418081,31766.493866500226,0
157.7669329629593,0.5,0.18546832247949685,1134.629482511722,1012.4365271619718,33789.40349787005,0
156.40843462442348,0.5,0.18845090979200455,1046.1744819673636,1000.9638224272516,33524.34146747515,0
154.72012082615473,0.4927536231884058,0.19242391956843558,1981.2841959638436,988.8989205368157,34919.54904465844,0
153.42180236219886,0.4857142857142857,0.19568920492126793,1768.6505958729117,977.2422533456997,34632.175602514224,0
149.5829073432928,0.4714285714285714,0.1984670159654623,2535.2677757942392,949.6572914101582,35596.37945121983,0
148.48614316223288,0.4647887323943662,0.20068430652332325,2139.34011272503,938.402327842837,35024.1407419974,0
145.01272784049985,0.4507042253521127,0.2037470074466974,3928.1056996950547,911.1244617977602,36262.6540402929,0
142.57422350348244,0.43661971830985913,0.2102662752090438,5509.208799104444,882.8827878393121,36959.72680110213,0
141.2241009947242,0.4305555555555556,0.21473631149780695,5854.258232066211,873.644197802667,37521.53921047913,0
139.2520014735311,0.4166666666666667,0.22033455247329445,5952.792927519744,854.9687207775896,37218.51956364224,0
138.70064130883446,0.410958904109589,0.22085101903551907,7054.873692074513,850.5478602174912,38938.42410086135,0
135.46965419547328,0.3972602739726027,0.22999884633100995,7383.2611401779395,830.9479630466784,38725.48697220992,0
134.43465797441465,0.3918918918918919,0.23354388984429453,8304.251401998821,823.9444937539887,40206.848908666645,0
131.51997789695352,0.3783783783783784,0.23697665929415618,9605.97883261707,805.3779072606663,40801.467837725286,0
130.94113609401106,0.37333333333333335,0.23877152230634952,9612.600844583407,797.632461709348,40892.95731081436,0
129.8205803507894,0.3684210526315789,0.237223159762586,9842.40205065518,792.6270838791303,41434.30634225996,0
126.70699531176224,0.35526315789473684,0.2416624083517655,9990.764944227389,785.4193300087908,41745.88787288416,0
123.19961349336143,0.34210526315789475,0.246417618995688,11794.990679614673,761.244175946926,43169.27766826833,0
122.70054810383111,0.33766233766233766,0.24828168815936016,11633.453924499461,756.7806856619125,43146.374383001756,0
118.1503356291164,0.3157894736842105,0.25429642782356787,12811.01387752219,718.6062864875256,43236.32108782873,0
117.62267327872468,0.3116883116883117,0.25505761042777586,13781.905100648291,715.181910606128,44907.081680179224,0
117.32882031006513,0.3076923076923077,0.2533653746173213,14563.536130657263,710.9047370515428,46366.83415198587,0
116.21052424193269,0.2948717948717949,0.2583953069227931,14930.50699602251,694.6359747331518,45815.92286072113,0
113.3101447078088,0.28205128205128205,0.2647443665492575,17484.97802464244,670.5776092121728,47523.09925908207,0
112.80971833826322,0.27848101265822783,0.26850465117867717,17088.310708590227,668.991368338789,47139.60177634966,0
112.68457181923307,0.275,0.2687250216449922,17602.309501889187,665.7098539644128,48262.27195330559,0
110.89930722654815,0.2625,0.2753109707351827,18715.031092295234,652.0527395749052,48996.19487163667,0
110.25777178726946,0.25925925925925924,0.27614271152402675,18245.81730003767,650.7855080964449,48754.28936071136,0
107.83655883333601,0.25925925925925924,0.27943720780806963,18843.268590308566,630.7896184098885,49761.978747496105,0
104.63105384231764,0.24691358024691357,0.28874949078791873,21017.270068761267,603.7064240054814,49988.21396518624,0
104.03626662186696,0.24390243902439024,0.28619044025890805,20683.38802113031,602.3085048511475,50000.0,0
101.567051882914,0.23170731707317074,0.2950646883060358,21454.728664554288,582.7283056789742,50000.0,0
100.55226984517208,0.2289156626506024,0.2953052542548385,31276.2668750136,577.1328116839302,64699.0,0
99.88413613874475,0.2261904761904762,0.2962203633025131,28486.03774621979,571.8309499533223,60866.0,0
99.04381965946993,0.2235294117647059,0.2964618088417524,30581.21735026515,565.675511211052,64569.0,0
95.28415071666382,0.21176470588235294,0.305554494252134,24405.692406256818,549.0821184924736,53266.0,0
94.39658170748949,0.20930232558139536,0.3085161463358948,20880.671795926337,544.3513029162283,48292.0,0
93.49147272830018,0.20689655172413793,0.31267882844586364,18928.83483083722,539.1125821439864,45619.0,0
90.29538525591312,0.19540229885057472,0.3160474220610579,19517.816814334878,514.4332098286723,47477.0,0
89.65883624674855,0.19318181818181818,0.31806592022681024,20306.649757184292,509.6058796233146,48803.0,0
86.10941341468072,0.18181818181818182,0.32273077670395817,31320.473687028214,488.8729947487514,62959.0,0
85.4469871548264,0.1797752808988764,0.32467083897466475,19233.354698164985,485.0969193167081,45063.0,0
81.85734577426413,0.16853932584269662,0.33391445302334205,27724.00731884495,462.44391552403926,55878.0,0
81.26463540372205,0.16666666666666666,0.33249018285962745,22099.149131635015,458.3928019198873,48012.0,0
77.93146820483575,0.15555555555555556,0.3372449899540854,23213.124009639432,449.01266959240803,50199.0,0
77.23912065259324,0.15384615384615385,0.34138549822199243,26768.290394329968,445.1312303203894,55855.0,0
75.60954059338788,0.14285714285714285,0.3421459702318928,31656.745470967348,423.33353227039316,61803.0,0
72.68773845248161,0.13186813186813187,0.34653785285539307,22248.50519090629,403.27850663285204,46172.0,0
70.0325924199241,0.12087912087912088,0.3518710316991373,32134.16327656498,376.8948409075982,61297.0,0
69.54262614945591,0.11956521739130435,0.35531556621862675,33188.34889602145,374.52863850435625,63032.0,0
69.0078537209725,0.11827956989247312,0.3582607822850354,23094.1049962818,371.7474051609076,48128.0,0
67.274373734048,0.10752688172043011,0.3727618825658939,31833.366172900332,361.00562658779285,58516.0,0
66.65963984727915,0.10638297872340426,0.37308508122296513,27058.14817237899,357.8169312001558,52037.0,0
66.24914164919304,0.10526315789473684,0.37708428373984054,25954.659725856935,355.59884269028555,50703.0,0
62.91978687909606,0.09473684210526316,0.3816050156335768,26859.923062627608,337.40736995740866,51211.0,0
62.50931135486932,0.09375,0.38449373385588737,32406.761149553982,335.2091046891292,59890.0,0
60.00642831774218,0.08333333333333333,0.3913763611771096,28108.066468137444,316.30579673361564,52030.0,0
58.018316988853535,0.07291666666666667,0.3937619794097432,27637.835551994605,306.8339351900476,51263.0,0
57.55200881090614,0.07216494845360824,0.3947257518758866,33998.372327277015,305.14776728259903,60979.0,0
57.45262691579874,0.07216494845360824,0.3998190828588066,27315.713550606764,302.2748150772846,50772.0,0
57.04432415592338,0.07142857142857142,0.40526803355651714,30760.17333675978,300.4573877004675,56131.0,0
56.8549502840136,0.07142857142857142,0.4057822208276142,29780.534275374583,297.8061521854754,55667.0,0
56.71126076073186,0.0707070707070707,0.4095287935258104,28032.79327363134,296.2627861391444,53215.0,0
56.435255014443435,0.0707070707070707,0.4109462355755594,31916.371140545583,292.5970191075101,59470.0,0
56.13968047497659,0.0707070707070707,0.4185192149148797,24892.716406994077,289.74666561061304,50014.0,0
55.82717098219711,0.07,0.420908312248095,22716.741619333796,288.1667996287813,47161.0,0
55.108961657767516,0.07,0.4260765412659875,29881.515527787993,285.14763562878017,58241.0,0
54.645286395944076,0.06930693069306931,0.4291697117165055,28705.622253760637,283.6900028206768,56725.0,0
53.426035468484585,0.07,0.4287232018375717,31168.990107229827,283.63408122549384,61376.0,0
52.86184128556809,0.07,0.4301708891085181,33410.25597161575,282.0572355641462,64424.0,0
52.65119320346903,0.07,0.43511240384442895,32491.081427377718,277.6546308121595,64157.0,0
52.51408815731773,0.06930693069306931,0.43539703624415177,25705.468918959185,276.3529204787793,54293.0,0
52.330623650337465,0.06930693069306931,0.43602683307813644,25789.41151522921,273.06442845762433,53696.0,0
51.706860999304936,0.0594059405940594,0.43864918575836037,21103.766184706685,269.4366432928649,47176.0,0
51.124920613123365,0.0594059405940594,0.4375870119639195,23130.758032886137,267.1464189777327,51536.0,0
50.8532708220876,0.058823529411764705,0.4370025421987359,31032.380323898444,265.8459213892822,63606.0,0
50.46955219840259,0.049019607843137254,0.43541041913354334,28507.189582347284,264.91209529670607,60377.0,0
50.0501710681355,0.049019607843137254,0.4374352136783067,21909.357578718813,261.7704378341946,51322.0,0
49.87622311057337,0.04854368932038835,0.4391641840951677,17604.927846852264,260.12565687622487,45010.0,0
49.86746072648643,0.04854368932038835,0.4365438865008996,18184.844567552143,256.3253523803145,46338.0,0
49.13812726323918,0.04854368932038835,0.4382299669185595,28338.234577512372,251.67598574256405,61822.0,0
48.760148145946374,0.04854368932038835,0.44125228654630266,26457.799924473344,248.63031253174125,59669.0,0
48.43094268786824,0.04807692307692308,0.44448325414903844,19374.016343730535,247.49135661574923,49279.0,0
48.09213329224785,0.038461538461538464,0.44510330313637275,26263.72970643297,245.65889783422168,59357.0,0
47.92127416766213,0.038461538461538464,0.4468157594589731,22711.824847894753,241.0415225926528,54214.0,0
47.79997469786422,0.0380952380952381,0.45212907051559015,29426.04233299535,239.37918190648537,64438.0,0
46.85897033604244,0.0380952380952381,0.45674547733104187,23042.628953147647,236.2654730628297,56312.0,0
46.18089262201303,0.0380952380952381,0.45490747263356707,18593.722975684337,231.90209693607582,50922.0,0
45.63958739064196,0.0380952380952381,0.4581076157789901,21851.398708371482,228.15598513946298,56524.0,0
45.35859368070295,0.03773584905660377,0.459082024816724,18923.826681019957,227.1469502409884,52440.0,0
44.12820997232722,0.0380952380952381,0.46483839373003866,22178.36484485839,222.46385571351925,58271.0,0
43.54319447322438,0.0380952380952381,0.46812251492329554,19497.407683816677,218.08272652599555,54735.0,0
43.269363554320414,0.03773584905660377,0.46565833720679906,15732.315927300495,216.51495397831502,49396.0,0
42.999482608358214,0.03773584905660377,0.4676352678155312,17477.742114299752,216.29417095101073,52060.0,0
42.546089257776,0.03773584905660377,0.47010583851369225,16955.948479224237,212.66288699669735,50437.0,0
42.26540479439264,0.037383177570093455,0.4752589247381985,19571.493202080495,211.16966706920138,54442.0,0
42.025189555499736,0.037383177570093455,0.47660855110447453,22369.244692498123,208.4455835642453,60488.0,0
41.58087278033399,0.037383177570093455,0.48083568106791114,12535.850948934265,206.09289570792285,46773.0,0
41.40037485982196,0.037037037037037035,0.4850845739955427,24715.0072909876,205.1090424664158,65096.0,0
40.80662198125005,0.037037037037037035,0.4900923614697393,20692.92770523355,201.18464637680248,58442.0,0
40.65212272579301,0.03669724770642202,0.4945995417331253,23499.62044397315,200.3546931066969,62786.0,0
40.280913465372755,0.03669724770642202,0.4969376429873186,20609.42442704054,199.59134604344837,60000.0,0
41.30422894448628,0.046296296296296294,0.4895045254797149,24560.131355856818,212.72341492206687,65670.86846085699,1
42.44743097355777,0.04672897196261682,0.48305025119593076,21563.736806300258,228.82266801001413,63924.279536498776,1
43.06658819549707,0.04716981132075472,0.4819995288866219,22024.21822322046,246.55232660261674,64446.079084946854,1
43.20524619722383,0.04807692307692308,0.4701793991146267,18716.336535627688,254.3463236950223,62919.96946852989,1
44.50283275961762,0.0594059405940594,0.4559098349645269,17601.242707250854,274.63361094189605,62460.33602766386,1
46.52093968094002,0.06930693069306931,0.4529708887032153,16861.61365300147,292.1123880293573,62108.2994249872,1
47.35992517135872,0.08,0.4450600501526593,15394.597111917945,306.7713690584436,60056.176625169835,1
48.67027421474654,0.09090909090909091,0.4365023251752727,14755.503559107381,312.65347381049213,60691.294849311074,1
49.364838912471946,0.10309278350515463,0.42295999542779134,12368.566578648763,321.6257026925814,59349.42286098815,1
51.131199176851986,0.11458333333333333,0.41784854945691563,11550.624187793312,332.0047309890906,59010.433716374086,1
53.37767958406367,0.12631578947368421,0.41414382168002345,9962.407575283636,343.77402031839154,57915.25353915692,1
54.77681688633863,0.13541666666666666,0.41167172586292733,9014.879583621037,352.3217376572987,56658.45439436902,1
56.8432831387773,0.14736842105263157,0.4103763270276195,6881.755096996023,364.6288952924588,55128.620298609945,1
58.349038000739014,0.1595744680851064,0.40346344242589377,6421.355107049331,375.9157781255286,55403.46886793346,1
59.881270535657116,0.17582417582417584,0.39079007748029576,4234.6829082765935,391.1435600528305,55252.41505194387,1
62.675403821849834,0.18478260869565216,0.3881615417165857,3621.6299526786916,397.75892841996733,54406.74820402216,1
64.87396582051453,0.1956521739130435,0.38593061476898927,2718.8989458150395,414.30983035308907,52804.79630595174,1
67.96026693283325,0.20652173913043478,0.3816795429449251,2089.535816381952,420.5327754185699,52872.5046427232,1
70.77985442714949,0.20652173913043478,0.3781071781793104,1260.5574487887136,439.9918402493294,51869.60608100236,1
72.93085764337467,0.21978021978021978,0.37325766305540603,283.03740039422445,463.9444677586599,50421.99119015972,1
76.52170986441128,0.23333333333333334,0.36595152098467015,-7749.818975758535,474.3604141479302,49258.198059145325,1
79.44448924465186,0.25,0.35806741707151535,873.3993150741989,491.25392869224737,49596.36897708924,1
82.8556998535263,0.27058823529411763,0.34132293920946694,-10478.832291996157,531.2219897928412,47372.40845230327,1
85.58210703603146,0.2857142857142857,0.33279345900200097,-6462.448232045883,555.796627483364,46261.65695740512,1
88.97503789106428,0.3048780487804878,0.32327446767435536,-6233.109266480228,595.7818486375787,46570.577817011166,1
91.06813439271582,0.3170731707317073,0.31671201926646575,-10982.306476293683,612.2126413472871,45410.683131351674,1
94.92424093561169,0.3333333333333333,0.31141734450200753,-10891.872298862512,636.6113777945865,45041.383770045635,1
99.54549503645663,0.35443037974683544,0.29951903625030357,-9227.631158259519,660.8536697148629,44808.33938373025,1
101.29071204845928,0.3670886075949367,0.2904471225345235,-5287.130199839767,680.0584451026998,44124.629785659214,1
106.32481298072192,0.38961038961038963,0.2777185458713565,-12128.986000126228,704.5319869292648,41790.935544446365,1
109.6244650884622,0.4025974025974026,0.27257205661791634,-6590.681496806883,730.5399489639806,42179.427092187616,1
116.08318427845357,0.43243243243243246,0.2563509030385425,-10092.982574474197,780.6800170830353,40997.130885743776,1
123.44190764876373,0.4647887323943662,0.2344278883076518,-6732.669769555358,829.9369392634886,39946.52462948548,1
125.24403846259223,0.4788732394366197,0.22818214273766776,-5757.42002150875,856.9909961662472,38532.16732706262,1
135.6969811245215,0.5223880597014925,0.2003692007105723,-17733.127620445095,917.8609192139302,37643.84617604429,1
139.80762859935103,0.5454545454545454,0.19151390166788582,-10967.072238975139,943.0822012674862,37250.36526305195,1
143.85988036602265,0.5606060606060606,0.19037295129037213,-6897.7246299188055,955.3946494808733,36835.47938381651,1
151.99171380542165,0.6031746031746031,0.17735163874648452,-10433.511888738467,1011.7363332440885,35831.481266341216,1
157.0549535574929,0.6290322580645161,0.1673615291824549,-7648.730512166946,1059.2504318217736,34919.12004483089,1
161.31584851549007,0.6451612903225806,0.16590005070413666,-18413.494803059686,1081.308556474198,34212.6434036039,1
172.49205264487696,0.6949152542372882,0.14800464985502562,-13789.190743962765,1167.7074474204821,33530.86370557777,1
178.71006836193945,0.7241379310344828,0.13890822730372765,-16402.823283821323,1213.4728995356652,31766.61111088027,1
185.0814670513482,0.7543859649122807,0.1321189490025156,-15951.127350567911,1251.3414302700469,32608.226082065386,1
191.03756476173925,0.7857142857142857,0.12501244542806386,-18047.358783591797,1294.730507301043,31347.59879638543,1
193.88536930314473,0.8035714285714286,0.11971488360563488,-16916.77212750036,1320.1637232337312,29450.89068907626,1
207.18168614373423,0.8679245283018868,0.10568884603278815,-16930.053424468228,1407.7685550018853,29064.423421239073,1
228.33827308987102,0.9591836734693877,0.06945264790919065,-23109.24852746548,1544.2217354211116,28264.195210692316,1
237.68041540985996,1.0,0.06011070057089097,-25479.444962687878,1595.1491741083084,27691.63602844757,1
238.84367903745752,1.0,0.059443698119681934,-25878.551402692385,1580.8540635976876,26212.28861965377,1
240.66002407781,1.0,0.05917499021992033,-25054.22070962595,1558.0200233275561,26078.086416812723,1
242.21241728600444,1.0,0.060090669448142724,-24810.376762093307,1572.6331382112933,25819.504837135988,1
241.77093094311596,1.0,0.05940861273698084,-24135.709148408845,1557.3641683302878,24226.751174010118,1
242.14712703408802,1.0,0.05991084490093433,-25419.914952745883,1549.708226780832,23305.750545604973,1
243.78940539722757,1.0,0.05931618612016842,-25615.77864676792,1548.2991423145806,22405.076192112472,1
245.29154543512956,1.0,0.05922002811180772,-25738.29324429168,1567.7639316021334,21405.233622219333,1
247.42140627766085,1.0,0.05759654691717361,-24914.43027138139,1556.2094157588324,22231.761508122163,1
248.93723902227566,1.0,0.057291625353553664,-25510.8552867868,1579.167186587277,19991.58651702224,1
248.0908956085159,1.0,0.0546017558073098,-23502.97202645767,1591.1791410931544,20424.54185563351,1
249.35232924003697,1.0,0.05528811979032418,-23993.122841943274,1595.4199124280813,19140.749873960707,1
249.81199743811797,1.0,0.05661570072984507,-25780.979259338546,1606.8688765417176,17828.450106958942,1
248.66084265342317,1.0,0.05567334414632879,-24552.939299056947,1617.1571383730543,17978.672664467227,1
248.4568652026055,1.0,0.05427382664763002,-23479.236064324694,1628.0545276007904,17708.25749372646,1
247.0757892758637,1.0,0.05443648225002834,-23509.543361108306,1629.2482921952242,16894.957079780317,1
245.74164044490448,1.0,0.055788747357224326,-23214.785696131206,1606.2090879816367,15794.19081817141,1
247.91383791054412,1.0,0.055955344101878,-23801.187147851262,1570.6635620096777,14031.551766922912,1
248.09524471604797,1.0,0.05662678377964239,-23532.441543967525,1585.9368544586248,14034.411502089273,1
249.2009394244476,1.0,0.057319481296591396,-24083.672097293773,1599.709450275602,12226.399485989961,1
250.90552202398078,1.0,0.05657041732333567,-23768.698782868676,1605.992867890832,11887.267642180821,1
252.7840883446171,1.0,0.057826785796003345,-24261.811703001873,1572.3855340913028,10834.127222904068,1
251.12592155865332,1.0,0.05761813044975603,-24780.32679030641,1558.2297117874537,9515.00278209018,1
249.2730792298548,0.9782608695652174,0.05767208788604826,-23586.3280581995,1515.20530138719,10160.480433485885,0
246.25496626890254,0.9565217391304348,0.05988275166921212,-22903.71455076974,1490.4792583931098,11025.4993875226,0
241.1546128181916,0.9347826086956522,0.06256023455807261,-22941.802759385915,1462.6915831589158,10721.40756267189,0
236.79826704336884,0.9130434782608695,0.06714301358827678,-21429.12752994821,1452.0791911048905,12512.819261311479,0
233.38918516860525,0.8936170212765957,0.06792201510920376,-20673.774413345673,1429.8216596435725,13219.593245466467,0
231.73474103643983,0.8723404255319149,0.07013017941386097,-19334.161205050794,1399.9977600529376,13220.670777580359,0
227.98355048551946,0.8541666666666666,0.07429308185630837,-19396.608275712497,1377.7908444147636,12748.141105477413,0
224.79437114681653,0.8333333333333334,0.07793552830250002,-18381.79748179022,1370.227731378176,14685.812619716165,0
220.56649544908305,0.8125,0.07935295573855977,-17861.60259160848,1337.69856039482,14798.388450844446,0
218.19016643620012,0.7959183673469388,0.08010250751916495,-16917.271278345273,1318.1957193119642,15875.030274595452,0
214.44021451186555,0.7755102040816326,0.08710786361657868,-16468.107579549986,1286.082639683349,15936.641069388663,0
210.89963385333252,0.76,0.09114865003571629,-16588.790178584728,1270.284170121366,15601.136258517889,0
207.93038372213587,0.7450980392156863,0.09170585959479306,-15780.26342257329,1249.7945638413369,16508.566250826952,0
203.86501543825864,0.7450980392156863,0.09397902893499488,-14083.146910253532,1223.7612210340121,17624.51719292815,0
201.56247618711888,0.7254901960784313,0.10015286851168162,-12509.639671157915,1188.63853330415,19397.65722190961,0
199.59969377539775,0.7115384615384616,0.1000655707794854,-11958.779261347716,1173.2233298581673,19987.045046291685,0
195.29881237958062,0.6923076923076923,0.10216871120853308,-12332.773724085322,1158.4063414648651,19007.72125465909,0
192.3641415096666,0.6730769230769231,0.10607198478089366,-10552.625262649606,1147.9962959696177,21170.09339344174,0
188.3562575867469,0.6538461538461539,0.10816047966610737,-10224.340661700047,1138.7197162090729,20921.554749124025,0
186.09427490385607,0.6415094339622641,0.11110719300184442,-10034.408975699154,1121.6669007053736,21061.353993892706,0
183.54206806923096,0.6296296296296297,0.11660161388565135,-8971.967080880135,1103.8493693060238,22518.682200044776,0
180.78944110430962,0.6111111111111112,0.12125499017554674,-8676.93341136356,1084.6908604925918,22150.062081260505,0
178.2366291874495,0.6,0.12327924477873534,-8305.222138574309,1071.3348378037235,22510.79423851455,0
175.90301382255564,0.5818181818181818,0.12322667566373574,-6434.4018734161755,1037.741104592294,24586.104969506505,0
172.33674165036402,0.5636363636363636,0.1302442084820608,-6665.23763732381,1020.4393544055931,23805.580905218318,0
169.94585775840233,0.5535714285714286,0.13486914572832256,-6052.384992314594,1007.7859700796,24600.543824285054,0
168.3815498712036,0.543859649122807,0.13660497437028257,-5040.675356725253,996.2042922000048,26022.818695419486,0
165.54065809220265,0.5263157894736842,0.13709038506840981,-3312.828971221929,959.7493113760353,26821.039431319594,0
161.7620011332775,0.5087719298245614,0.14354491473155845,-4571.365144338975,937.1943600386815,25885.10363529355,0
160.7725215525834,0.5,0.14483105774948532,-2918.7370090382565,930.8342471415534,28251.373337473447,0
158.1163480375049,0.5,0.14847924991002648,-2896.778568624764,920.5547415428812,27024.10372603185,0
156.2875230975832,0.4827586206896552,0.14966329981273072,-102.2369670181214,904.0158109879669,29299.57839561007,0
154.8323981436807,0.4745762711864407,0.1534710577434735,153.3914697599885,896.8020064825727,29679.5400531323,0
152.51067110387828,0.4576271186440678,0.16094282855612865,245.92632872938682,879.7682891789932,29424.428545844155,0
151.62661133558728,0.45,0.1639623874906267,856.2045279941005,873.1115819525502,30327.8445722201,0
150.5666585971996,0.45901639344262296,0.1676630492259067,1771.1120568346646,865.8211834840059,31703.444365505038,0
147.86341045148126,0.4426229508196721,0.17191629842107015,1798.6966885999243,856.2358334615147,30901.196574486006,0
146.67215211225755,0.43548387096774194,0.171886309611122,2997.9210700537333,847.2767247746727,32707.541359287912,0
143.38543851273485,0.41935483870967744,0.17933689950273843,3419.69204364278,829.6570644014623,32692.77898428742,0
142.00621778028722,0.4126984126984127,0.17990065702203023,3375.5324877369403,823.7798137093667,32683.27793594581,0
140.37179670877282,0.40625,0.1834283658116193,4157.087455546055,816.9214478015641,33882.15485923457,0
137.0809935240892,0.390625,0.18856908593914876,5580.427894837296,801.8694594950581,34347.4360057647,0
136.1953423842288,0.38461538461538464,0.1917857186197682,5955.541671554318,794.4564976549306,34988.14394833693,0
135.55164844543216,0.3787878787878788,0.19586318952985682,6490.159976576616,787.5643697731508,35830.26675369238,0
133.50649296229523,0.36363636363636365,0.20387688501186657,6394.33062970711,769.5579294406011,35444.5376412592,0
132.6485465608933,0.3582089552238806,0.20767943950436682,7940.544105639697,760.5952103638671,37858.32526454214,0
132.14193700306933,0.35294117647058826,0.20777882042685955,7492.709963189785,751.7232764666649,37272.57166085472,0
129.09775607533112,0.3382352941176471,0.2134309890017033,8438.2867995268,740.4196245525452,38159.59700551031,0
128.74500474009093,0.3333333333333333,0.2152919621828545,8417.361109905867,732.4543516567182,38331.61882655013,0
126.39642569576782,0.3188405797101449,0.22458093228860565,11070.715497489295,702.1060497183955,40342.27030360466,0
125.41369172517133,0.32857142857142857,0.22841650148423348,11225.65170303265,697.6306130220913,40710.95072683576,0
124.85308981961175,0.323943661971831,0.23123038832523504,10939.247679491828,694.2275863729569,40383.67541982011,0
123.98148325842203,0.3194444444444444,0.23251573530910655,11201.256548399046,691.1485683340773,40910.4356682424,0
121.12422176087456,0.3055555555555556,0.23280674262369186,12509.476781442372,669.9300508367693,41943.901251282405,0
119.60608201210832,0.2916666666666667,0.2391394808501064,12980.70877112438,658.7379590304586,41647.876108881755,0
115.82663800157434,0.2916666666666667,0.24148846326836287,14761.243983883349,644.6773023303381,43213.06420081589,0
115.67250775749889,0.2876712328767123,0.24402143179949692,14898.484987948312,641.680342552489,43666.49961966342,0
111.61746162200714,0.273972602739726,0.2551895331028612,14397.169635635806,619.3705678692062,43279.12041678038,0
110.91444580636926,0.2702702702702703,0.25901589727125385,14887.597129364329,615.3699585981383,44185.88347298696,0
110.4340770513956,0.28,0.259644365025529,14970.279354220109,613.7049223813294,44450.40989425233,0
109.87015753252062,0.27631578947368424,0.25876177707315096,16237.462689317737,612.6025228883133,46547.87887727531,0
107.70945900886984,0.2631578947368421,0.26713070083099905,18430.44414823896,608.4215732711773,47212.797457591754,0
107.54364420517581,0.2597402597402597,0.2659116597283663,17619.40788695482,602.6677961497037,46386.541810648654,0
103.8144067858481,0.24675324675324675,0.27105259180514896,18942.807543060164,575.1183967819707,48513.72078383314,0
103.19211404230612,0.24358974358974358,0.27447893845376037,18356.089365236763,572.1206761103626,47930.426912225135,0
101.66306459740828,0.23076923076923078,0.27921004786968334,19829.765351307957,550.3544012041127,48851.9419296257,0
98.96325883829039,0.21794871794871795,0.288690357011852,21169.831411208797,532.5865833180055,48903.60346615766,0
98.28850612437371,0.21518987341772153,0.28739771750236953,21733.682180068827,533.255321019029,50000.0,0
98.36889883407578,0.2125,0.2864203409347124,21487.636857237638,531.7505415954471,50000.0,0
95.70822557711566,0.2,0.2954389562969522,21954.244781423742,509.54966275135985,50000.0,0
95.05344381609952,0.19753086419753085,0.2993551818700794,25631.790599531178,504.13580100600785,55518.0,0
94.31582018975034,0.1951219512195122,0.2984688593735275,19890.547381985703,498.7477659984356,47476.0,0
93.4909056353109,0.20481927710843373,0.30095635795947073,20226.06846982894,493.37126495335013,48209.0,0
90.66455060014691,0.1927710843373494,0.30888005044165334,26516.326940878946,464.18350803191623,57002.0,0
90.07616177402322,0.19047619047619047,0.3108628001500547,23186.48614986373,459.78006184320503,52293.0,0
86.79794102828004,0.17857142857142858,0.3175341823669143,27338.479862232198,443.3942920197768,57137.0,0
86.25234039997034,0.17647058823529413,0.3208954038636206,28044.43796171667,438.7812126343708,58459.0,0
85.47015195303781,0.1744186046511628,0.3257859478892072,30862.448006119183,434.59095802544954,62853.0,0
84.69107165310514,0.1724137931034483,0.3292980947567627,23865.030420491687,430.40653227521767,52574.0,0
81.99321271020995,0.16091954022988506,0.3366825609992238,29517.498756878696,416.3184156329524,59226.0,0
81.48608401006537,0.1590909090909091,0.338071973661431,27845.96653959588,413.35961903535275,57064.0,0
80.85095860290707,0.15730337078651685,0.34406937862642506,27061.16092093516,409.7431274122174,56060.0,0
80.33891418098543,0.15555555555555556,0.3472552397450259,27266.622477532113,405.8036221638025,56540.0,0
78.0061343966912,0.14444444444444443,0.3499722805197059,26836.268994224007,394.0392371315872,54164.0,0
74.59459058356198,0.13333333333333333,0.3502614422445513,21188.858625874454,385.7528483833037,45748.0,0
71.92017671921876,0.12222222222222222,0.3634916148634646,32229.87583703213,361.18993163567393,59467.0,0
71.61299451959924,0.12087912087912088,0.36693169644215656,34649.21121957651,358.66812185890404,63235.0,0
70.9374442953812,0.11956521739130435,0.3668910391677292,30399.674179713154,356.0006709746296,57454.0,0
68.0808319934998,0.10869565217391304,0.3752377228026038,23127.02473410402,347.24385851362285,45886.0,0
67.64236526157912,0.10752688172043011,0.3797643241468824,23620.729663991882,344.5673162709743,46897.0,0
67.07900104861947,0.11702127659574468,0.38065152066730024,30392.91842049564,342.4737747112845,57283.0,0
63.87422386225466,0.10638297872340426,0.3931532775402388,24815.402681625153,323.1732438777698,47077.0,0
63.38840040125565,0.10526315789473684,0.39515232565166547,23548.40865982603,320.2770766956442,45669.0,0
63.00337473831909,0.10416666666666667,0.39252388318925946,24614.374715803824,317.6187233227536,47733.0,0
61.4376898103593,0.09375,0.39575065817436095,29000.12562551717,308.2381511693408,52736.0,0
59.74803762358696,0.08333333333333333,0.4007608048321825,32467.502452189474,299.5207645510968,58418.0,0
59.54356577813873,0.08247422680412371,0.4042160993110717,33360.70674598946,297.20165559950465,59947.0,0
59.09716631240752,0.08247422680412371,0.4050295476271484,34972.91406303217,293.2507385445391,63241.0,0
58.878567273459836,0.08247422680412371,0.41012814783189677,30767.849188947028,291.03857961747184,56258.0,0
58.539734999998,0.08163265306122448,0.4096004540010228,35792.82971327656,288.6607935684151,64405.0,0
58.14992277734122,0.08163265306122448,0.40942444958601987,30796.111687928067,287.24617362475675,58660.0,0
57.80333991690689,0.08163265306122448,0.4100390992906259,30891.58147584193,283.17685086238043,59297.0,0
57.36559886013394,0.08163265306122448,0.4129886697919989,23497.537013336267,280.5102927380691,48079.0,0
56.5915374908398,0.08163265306122448,0.41451953951872006,29677.962753846146,279.05843941305255,56719.0,0
56.322016046704405,0.08080808080808081,0.41310694160643063,35061.20663287647,276.69810809268995,65271.0,0
56.25129338659249,0.08080808080808081,0.4103388860361149,24418.387050016812,274.1631456507864,51286.0,0
55.69859030160722,0.08080808080808081,0.4115065384479883,22854.73368854327,269.4306572424451,48891.0,0
55.23311705536763,0.08080808080808081,0.416069277981068,22355.09130876024,265.183366390938,49179.0,0
54.91504352339988,0.08,0.42051388197286516,23943.567257398357,264.0498659701046,51772.0,0
54.14900523864536,0.08,0.42740168270836465,24778.563575018936,261.2138110006554,53003.0,0
53.752183927003074,0.08,0.42914790584980683,32517.571085372823,258.23482933278353,64127.0,0
53.69177467175432,0.08,0.4308694623964671,19846.100325498835,254.54407888180856,46141.0,0
53.43508715500835,0.08,0.432448141352165,29775.613408966667,253.5529570592175,62007.0,0
52.87778199382865,0.07,0.4347020481505637,22908.193676954834,252.11992713187684,53473.0,0
52.622109314976306,0.07,0.4336755643592899,19003.184312231555,249.97179760624581,48293.0,0
52.42111176319861,0.06930693069306931,0.43688058919994704,27122.097026515483,248.37319738004194,60542.0,0
51.737265001725625,0.06930693069306931,0.44135591780890016,26335.282731674295,245.8759817813656,58174.0,0
51.55479090938179,0.06862745098039216,0.4446197407389416,30824.265006571313,244.17895043926458,65051.0,0
51.18196937898763,0.06862745098039216,0.4514824196213263,24395.74512904259,239.68710616395836,57162.0,0
51.02256047478178,0.06796116504854369,0.4541373518317898,27547.505719464967,238.14287186319464,62194.0,0
50.66092392668013,0.06796116504854369,0.45315063668800004,21310.352619962137,233.6452389837966,52561.0,0
49.97480006854076,0.06796116504854369,0.45271537990856736,29081.95709067739,230.3842368616676,64399.0,0
49.60634604381899,0.06796116504854369,0.4541893813613833,20295.055301687953,229.3918116404023,52871.0,0
49.532759117450844,0.06796116504854369,0.4505501900013867,28543.42361704142,228.69993167776096,64845.0,0
49.26697483825151,0.06796116504854369,0.4564902620402867,22762.344645705492,227.63865194178217,56340.0,0
48.97171505636346,0.06796116504854369,0.45960033267522077,23735.052815612235,225.73525329878697,59709.0,0
48.72709585950088,0.0673076923076923,0.45960247492362377,26456.74746453201,224.56366277058274,64242.0,0
48.1230936880318,0.0673076923076923,0.46377575377410923,18531.03136979058,222.84480189307922,51512.0,0
47.30706794316099,0.0673076923076923,0.46821216682410444,21292.21428435377,218.8991112792167,56265.0,0
47.33538414598923,0.0673076923076923,0.46742326739630236,26047.10786598901,217.33771520901539,64769.0,0
46.641437350162164,0.0673076923076923,0.46920834008804047,20988.318910539703,215.09528509318073,57963.0,0
45.95108398577096,0.0673076923076923,0.47075311518678753,14793.629502247806,214.26849170963007,47942.0,0
45.751748762279206,0.0673076923076923,0.4719535083599459,18333.93717702328,211.74672472710785,55415.0,0
45.495794368583304,0.06666666666666667,0.4721515504826502,19695.068974704987,211.21953521509707,57641.0,0
44.822083536292,0.06666666666666667,0.4757819320872122,19057.456249767263,206.92373563267483,55252.0,0
44.69030699387873,0.0660377358490566,0.4778392684555457,24150.070969067612,205.64602696376312,62925.0,0
44.06060981723176,0.05660377358490566,0.47301392111354407,20794.680328788112,201.07431218003418,60334.0,0
43.98328938769365,0.06542056074766354,0.47533409164692825,19497.64660081461,200.3035196447458,58525.0,0
43.117107342484,0.0660377358490566,0.47646674168464376,17978.36014235436,194.7342796184477,56195.0,0
42.806642152502,0.0660377358490566,0.47516515136936566,14677.915198788092,190.61367655122498,52289.0,0
44.73178480847682,0.07547169811320754,0.47259459908087764,22527.773271165894,196.2912434751451,65425.51341107208,1
45.8809820582756,0.07692307692307693,0.4692335287210479,21856.624141904478,201.21615338964713,65040.134503534166,1
46.398613965787774,0.08823529411764706,0.4567216718081297,20561.305433552876,211.50943559322403,64836.32968293897,1
49.08201634847568,0.09803921568627451,0.454356898388989,19080.766403313082,228.50344316082825,63363.3976070872,1
51.04274939991986,0.10891089108910891,0.44156581994337546,17936.61794136298,236.71962981841486,62320.67560013756,1
52.76154240392926,0.12121212121212122,0.42805523891456865,16125.699945019798,257.77683808310854,62339.299336818,1
53.85733203842616,0.1326530612244898,0.42411231872698457,13547.532479364658,268.8553122997823,60579.9901678363,1
55.635509575894616,0.14285714285714285,0.41823008226711916,12820.303937913419,284.1023836252893,59928.12979429438,1
58.01616449823158,0.14583333333333334,0.4121134500339382,12070.053089225394,297.3220082524011,59780.87175438619,1
60.879286200592155,0.15625,0.4081191686998478,11738.705606473284,314.01819191938375,59098.23444248573,1
62.0719100621089,0.15789473684210525,0.40193350003569056,9263.899675401335,322.72585934070077,57440.74033142404,1
64.77671083918165,0.17204301075268819,0.384014976207682,8070.493850257114,331.9332002280349,56528.1054456577,1
66.42934879798189,0.17391304347826086,0.38570034898095,5996.133259953098,344.49621699738424,56084.64146248023,1
68.60918830956687,0.18478260869565216,0.3785617466108485,5981.440189620362,355.7406360944748,55298.99825751283,1
71.19915989931833,0.2,0.3702804552283499,3241.2413205630723,369.2480695730858,53641.98441074838,1
74.08392345962828,0.2111111111111111,0.36391503777679884,3133.31756525809,381.16020727503167,53557.28752685989,1
76.48021192868659,0.2222222222222222,0.3598366472253405,1693.5031603523466,398.56324241918185,52521.603767398614,1
78.58192634033371,0.23863636363636365,0.3529111964233109,-2437.4546326996738,407.80490656121714,51871.81063923135,1
82.12509420619524,0.2441860465116279,0.341112158992104,-4259.615193660847,427.1876493942273,50629.51314661354,1
87.66969168778043,0.2716049382716049,0.3125864691876483,-6623.122292152141,468.3867110983853,49359.28180184409,1
91.27490352804352,0.2839506172839506,0.30906447209594523,-4698.456230551229,480.06262696473885,50016.63046327158,1
95.42002420571829,0.3037974683544304,0.2970698555362298,-3927.6782356810204,505.7013735555747,48332.518141245266,1
98.9606683548242,0.31645569620253167,0.2921549554957637,1509.5442051667558,526.7460274468268,47994.25048191897,1
100.92701906857813,0.3291139240506329,0.2897320071329379,-7879.528100778588,552.3656661313792,47664.624001222255,1
106.89168538554651,0.35064935064935066,0.2770711637081391,-325.088449429269,589.0930917306821,45400.87202939672,1
114.3262007592103,0.36486486486486486,0.25868677931873196,408.3166058634216,634.3925512877802,46274.36859141393,1
117.93901020607368,0.3783783783783784,0.2522986389798466,-2272.6097101802466,666.2591922435779,44366.528955692185,1
122.85421564568205,0.3972602739726027,0.24537075711612805,-9036.614192572159,702.1652742419208,44917.00049615298,1
126.21570991496368,0.4166666666666667,0.2364464413953967,-13224.576431535123,726.9543202666391,43432.19358294086,1
131.80864661605156,0.43661971830985913,0.23136031099880375,-14645.432333420813,751.6502415577517,42610.58008026915,1
134.55491288947673,0.4507042253521127,0.2264918330879217,-10981.059056967182,779.814992445858,42206.725942538586,1
141.30510947235663,0.4782608695652174,0.21811350005499192,-10322.298412693708,820.8942869619572,41275.790766362654,1
143.8181866728027,0.4927536231884058,0.21630682721986186,-17244.3860166633,849.5065551316096,39424.53008711222,1
147.17798297386904,0.5072463768115942,0.21383441045468896,-7607.748003251171,861.4271834338244,39881.479872707765,1
152.33999745100377,0.5294117647058824,0.2077349028479945,-7106.0741811969,906.9136967361583,38528.452700863854,1
158.50193831162466,0.5522388059701493,0.1979849506590926,-9748.613664848592,946.6808946821441,38446.721068377854,1
166.60178418373226,0.5846153846153846,0.17874683980723935,-17298.7477859257,995.9073681428048,36178.908079121895,1
169.73791565957546,0.6,0.17709567413994884,-11877.516564588153,1026.8550275781868,35678.42251965907,1
176.11471014189598,0.625,0.16941571178612555,-17371.063053249687,1058.8457136128825,34553.85456291886,1
185.1140832144512,0.6612903225806451,0.15703562231894727,-15423.351798134536,1123.4771085923355,34095.47116779861,1
194.0932311096388,0.7,0.14403178023614002,-20393.95004229581,1192.2256360296292,33856.7363918496,1
200.94818467056814,0.7288135593220338,0.13585528599319313,-22124.428968378674,1225.6063687388446,31943.500432560002,1
210.45491880298718,0.7719298245614035,0.12194386702171765,-22342.49689430592,1290.8982547227906,31007.444662090606,1
213.2416302686555,0.7894736842105263,0.11561617508274363,-13963.583888426196,1315.0794991400571,30568.58829146289,1
219.18934910672832,0.8214285714285714,0.1047627057658944,-22961.081419927094,1367.3996697905277,30434.346798525487,1
232.65708376201673,0.8703703703703703,0.09149066811112991,-17848.94341261039,1430.5436374484448,28751.61624237799,1
240.4505129823346,0.9056603773584906,0.0853783776010953,-17181.03990442938,1487.9197629756252,29684.00178508458,1
259.3730011297291,0.96,0.07181949194283416,-19420.408341113336,1597.8987223499894,27233.455456880514,1
267.7943088857506,1.0,0.062417790615098584,-25387.532698936317,1662.1261784462026,27543.793757954903,1
265.3183278658371,1.0,0.06340446658342208,-25858.00098197109,1680.9604148507221,27043.785581987,1
266.5037419743915,1.0,0.06251923415791948,-27520.892914697983,1694.4427786271922,24654.981669170695,1
265.4600035463815,1.0,0.06300177019103023,-27199.63400288134,1706.5387684373718,24150.27434418784,1
268.5931819943509,1.0,0.06348944938220642,-26736.758957752434,1717.3925554378616,23424.25426551806,1
268.15335446723685,1.0,0.06436350309011525,-26932.65450707463,1705.7765698435253,22702.20229921115,1
265.8829321764244,1.0,0.06526295706870107,-26260.03373647386,1699.2289478798562,23161.762213124202,1
264.8291775685211,1.0,0.06585143564635587,-27174.97378774231,1722.5174752637104,22363.040126562624,1
264.42528352671155,1.0,0.06573073754548088,-27770.230589468476,1714.0438975742873,20820.883411544815,1
263.5956937197789,1.0,0.06544291017849944,-27631.928253638,1699.2057887968037,19191.36414636561,1
262.83012591833,1.0,0.06366065561950732,-26883.409627727688,1681.1185273959347,19362.210870093848,1
262.77053338147846,1.0,0.06494330126524417,-27197.12032565248,1684.188604173209,18432.775178013133,1
262.8305547834139,1.0,0.06610708604748919,-26839.357358396905,1664.5665140419344,17480.774364308334,1
262.2569483874379,1.0,0.06533596778920585,-27227.86603180374,1654.235012912084,16224.709494387433,1
262.1626296767644,1.0,0.06353123711737461,-27013.35709798579,1667.9812583508362,15520.871813007674,1
261.9296518261189,1.0,0.06403933800528042,-26645.021435239236,1659.9072040418284,14318.119668741138,1
262.6827589343948,1.0,0.06387006007393721,-26343.451583648333,1655.0104313404165,14476.461212240492,1
259.2605621291861,1.0,0.06323426634622137,-26359.567468000827,1637.5713801046202,13290.977346394468,1
259.23091938893907,1.0,0.06360200576659196,-25600.842753666755,1629.7665395068432,13147.19716478552,1
259.6164045527144,1.0,0.0639401790075958,-25359.20701126067,1628.3822671920464,12783.560767358122,1
259.5858296624251,1.0,0.063876813936341,-25993.53837642765,1626.9558263916128,10632.349324072347,1
257.50076287277705,1.0,0.06276005347455295,-25960.50499201561,1630.6816568649801,9638.327417558889,1
254.39595734576943,0.9795918367346939,0.06346250426171024,-25631.629156719067,1609.5879001920237,9747.843680586448,0
249.9326954571118,0.9591836734693877,0.066839930147474,-25582.315847680336,1583.8550880644618,9632.514219785437,0
247.16359337791678,0.9387755102040817,0.06646111552085503,-23364.994070282853,1549.0238477062405,10874.979412768877,0
243.22821128605625,0.92,0.06871682003785629,-22372.925599649396,1527.8919475677687,12118.628391832906,0
238.84677225495827,0.92,0.07338209059057402,-23130.985420211044,1498.148939381967,12493.626920481021,0
235.0996893549018,0.9019607843137255,0.07511086661156838,-23151.702406021002,1475.1582594685472,12094.946994866188,0
230.23458129790933,0.8823529411764706,0.07494143801212481,-21171.03031271082,1446.6546764047198,12990.839176821244,0
226.8481275887575,0.8653846153846154,0.07767080702924255,-19973.765897887963,1429.833768101575,14492.854076116564,0
223.01025699106347,0.8461538461538461,0.079690278250148,-20257.038634766737,1391.9189991266903,15112.897436132364,0
220.1055998002447,0.8301886792452831,0.08359612473072732,-20197.721198322604,1371.3086351953616,14945.671953352914,0
217.98875599727157,0.8148148148148148,0.08550941141998517,-19751.401525595473,1349.7657869899238,15386.015072317532,0
214.12317277387336,0.7962962962962963,0.08935559029279425,-17552.55744688705,1312.9168888898876,17402.210626301352,0
211.80071624577903,0.7777777777777778,0.08925602835983114,-17688.25619472236,1295.8406037271316,16313.635356799963,0
207.196775886908,0.7592592592592593,0.09128787967259552,-17044.601694003646,1282.3127454127011,16927.327178637726,0
203.93059329332277,0.7407407407407407,0.09357687188481106,-16025.29605268179,1251.9724668979607,17767.584139712217,0
202.1985334572718,0.7454545454545455,0.09420150432450798,-15298.132260480426,1232.4022573354125,18663.498624918444,0
198.07203772736065,0.7272727272727273,0.09430092710396201,-13846.749253040736,1210.2781708118935,18885.142564654227,0
196.11194982377648,0.7142857142857143,0.09895740996179796,-13429.701873173344,1199.272596049754,19353.277322901762,0
192.2311093287564,0.6909090909090909,0.10080270817466329,-11755.463928492727,1177.9774204230803,21156.023108343594,0
189.50067791886764,0.6785714285714286,0.1048151521748541,-10876.594667529089,1163.5703401989856,22274.030001752526,0
185.2827874971816,0.6607142857142857,0.10642148599496092,-10755.604271628305,1125.0855745157035,22454.02181192271,0
183.37652400504672,0.6491228070175439,0.10948964189288313,-10525.697814934243,1113.0936322680295,22706.862739773966,0
179.36250958809038,0.6491228070175439,0.11388049094968868,-9336.351224055841,1085.6594501134864,22508.607437445367,0
176.99680268120457,0.6379310344827587,0.11359279616624979,-8431.219293547148,1070.0128561827498,23633.408206164928,0
173.74037398548833,0.6206896551724138,0.11882821839761482,-7361.031346817843,1049.8204040994146,24802.541614218717,0
172.42088055334563,0.6101694915254238,0.12316515047039221,-7812.426574282945,1037.0907404598217,24025.986697343593,0
169.2338492833217,0.5932203389830508,0.12403608252865828,-5751.223942720005,1009.5606612816389,25991.104060825284,0
164.81000864733437,0.576271186440678,0.12578780847354482,-5358.151831806022,992.6982087005598,26167.02328200736,0
163.04910926108218,0.5666666666666667,0.12835505672793626,-5387.741976207025,980.7897237338797,26065.092628549526,0
159.3009282894613,0.55,0.13465252153723845,-4318.783683578879,949.1128905310263,27525.931822669776,0
157.5963069978959,0.5573770491803278,0.13777994902927573,-3549.869655125816,939.4988772421273,28603.813666981496,0
156.3027978693068,0.5483870967741935,0.1388176410020384,-4132.255069025544,927.5012465266815,27674.620584805856,0
153.16320980143615,0.532258064516129,0.14030410666971557,-2424.379702700684,897.0344265674559,28358.6337983629,0
152.43008093852544,0.5238095238095238,0.14550859715069503,-1855.6509944525114,891.9734672079347,29177.55779572733,0
149.41219847199187,0.5079365079365079,0.15221542143587982,-221.83744888851555,883.3432577276131,30683.320810726513,0
147.94751769635533,0.5,0.15670353537947407,-243.4053497533476,876.5580206680693,30647.654004926833,0
146.31390816620697,0.49230769230769234,0.16127373795571195,-17.46949387857538,869.7311970207484,30981.454314645438,0
144.3387392582859,0.47692307692307695,0.16440691052007958,900.891224689469,851.7683071189706,31905.489743716586,0
143.1589596063357,0.46153846153846156,0.1693974402347415,1931.538867223178,834.5902979751291,33312.5884434069,0
141.3865832980188,0.4461538461538462,0.17838882305419518,2858.094413367995,815.2231318354063,32911.87816376149,0
140.47539142766544,0.45454545454545453,0.1802026753817405,3720.9502508307273,811.5080049982066,34199.23779902574,0
139.2495159315856,0.44776119402985076,0.18074443204467966,3369.207859956977,802.3183884301297,33727.94508481654,0
138.6504872448497,0.4411764705882353,0.1851153439239299,4252.8906279777175,798.0285153523319,35068.07123151263,0
134.08615593617878,0.4411764705882353,0.18976137690404632,4597.439781314298,786.2819955366258,36497.54417012096,0
132.96788363323745,0.43478260869565216,0.19029348780381103,4316.401291918182,780.4822619672487,36133.37512251486,0
130.735047130301,0.42028985507246375,0.19835798279297454,6455.328114523421,756.7387710241233,36680.277907376956,0
129.40261896086793,0.4142857142857143,0.19757804102979482,7389.616022099277,753.0458227608293,38191.050402181536,0
128.6651871533906,0.4084507042253521,0.1974530541152501,6728.241453272247,747.6926577018163,37277.445202457995,0
125.0639648158985,0.39436619718309857,0.2008754456099713,7877.37114329565,731.4759853404541,39155.88560372788,0
123.95375433721912,0.3888888888888889,0.20319962515135465,7696.853969084964,727.7377113209168,39029.39982727427,0
122.45440172351658,0.375,0.20630098316385428,9258.605949151579,711.4608383140437,40785.41215742118,0
122.14640557670401,0.3835616438356164,0.20878555011935734,8387.591527457747,706.573927546734,39620.25867468292,0
121.10024925307329,0.3698630136986301,0.21281782919319478,11221.749221621301,685.3861989316408,41313.66483274156,0
120.68718374436095,0.3783783783783784,0.21637804919587242,11121.606141157228,682.3996976745783,41337.027295279644,0
117.31834045992026,0.36486486486486486,0.22249511245019726,11693.661197076035,662.1102452184779,41549.5630684547,0
115.41801068484516,0.35135135135135137,0.22362516453405024,13150.955682247613,638.4055645064581,43046.84769568979,0
112.17966992336514,0.33783783783783783,0.22837644327692394,14095.061394268047,610.9625470337636,43611.95100782227,0
111.20791061226079,0.3333333333333333,0.23139027392301212,14136.124435725014,608.5365689962501,43799.02498054929,0
107.757598357519,0.32,0.23310381485915527,14959.555321494989,596.4707316715289,45521.53538990921,0
106.75530224313096,0.30666666666666664,0.23814125900400648,14925.952081848332,585.7251655653679,44572.71934900319,0
103.97161119159263,0.29333333333333333,0.2421001254700758,17650.26403165159,555.5321983851162,46969.21475320186,0
103.10398992399898,0.2894736842105263,0.24416611412588193,16584.699343768618,551.7596058540491,45614.170708339894,0
100.68005404629953,0.27631578947368424,0.24902043766502244,19550.940905017647,540.8871316322085,47957.93774477291,0
100.792195400347,0.2727272727272727,0.2507786159658387,19414.553786987446,535.8164754918264,48183.7593193339,0
97.87803621336347,0.2597402597402597,0.2562934846872791,20362.730051889157,516.3290385222449,49275.13051754589,0
97.6677869682062,0.2564102564102564,0.255755085238537,19223.51250803994,515.9670726322942,48013.43156832677,0
96.10581601859269,0.24358974358974358,0.25994762738703203,20712.785346996334,507.9988558090136,49220.72518257573,0
93.76647382498122,0.24358974358974358,0.26623964201577244,22172.018069381593,491.13128235752754,50000.0,0
93.73436278041302,0.24050632911392406,0.26496915199301124,21939.907826526247,490.020025731861,50000.0,0
90.18172501552256,0.22784810126582278,0.2714672625810032,23040.64304635022,480.1101578288204,50000.0,0
89.50516699168045,0.225,0.2733848335779403,27835.93609831339,474.80248535350745,57526.0,0
88.4992237601399,0.2222222222222222,0.2776035623500708,32579.030991884854,470.7000386306666,64918.0,0
86.86107163565397,0.20987654320987653,0.2895611894503071,30126.494501287412,460.3844287690324,59747.0,0
86.33760330719414,0.2073170731707317,0.2945764039790946,21681.85894211038,456.6613113519661,47549.0,0
85.73496870504229,0.20481927710843373,0.2980703136502666,30074.23485741887,452.52239825398624,60511.0,0
82.54137568918254,0.1927710843373494,0.3097144821948839,29381.742166225835,429.0123327076896,57233.0,0
81.67543942847621,0.19047619047619047,0.3133793374603871,22356.693560756066,424.600559643138,47229.0,0
81.1548691777121,0.18823529411764706,0.317210293600075,29493.68566822433,420.74428303838715,57890.0,0
80.53831987779505,0.18604651162790697,0.32163072894508343,28835.118779235978,416.5325280869902,57160.0,0
77.3673481546719,0.1744186046511628,0.3304330750673852,29840.56218061872,403.3707476825349,58415.0,0
76.716336971579,0.1724137931034483,0.3290681644672976,22027.177682186524,400.3691966088528,47350.0,0
73.50162548157978,0.16091954022988506,0.33900752872580675,34712.14282917852,389.2761433965391,64287.0,0
72.83483997102562,0.1590909090909091,0.3403304607592733,28494.359443348098,386.2767363406388,55561.0,0
71.05024709050315,0.14772727272727273,0.3535969055952586,22139.228878591537,377.5027048752843,45328.0,0
70.47581543298408,0.14606741573033707,0.3545024075266369,32463.02257915345,373.89991065204157,60646.0,0
69.81194355658572,0.14444444444444443,0.35663644485907275,31758.279505375776,371.2833846378416,59958.0,0
69.45825604521134,0.14285714285714285,0.35839728695553474,32283.239219124876,368.17262055457184,61264.0,0
66.82787585616533,0.13186813186813187,0.3684338574128709,27287.01833206098,360.3663697931764,52978.0,0
66.53811539642098,0.13043478260869565,0.36943776697381087,32885.52804229256,356.9973446128384,61551.0,0
63.650134388137886,0.11956521739130435,0.3832150502525099,33256.87412746888,341.71039537311873,58989.0,0
63.1498061319653,0.11827956989247312,0.38782644992087956,26515.00058812815,339.6733599692004,49518.0,0
62.80519013194891,0.11702127659574468,0.38871585277163295,28877.29761724885,336.7735732928213,53213.0,0
62.353152449619415,0.11578947368421053,0.39128372938340805,31308.814453771814,334.52694552083756,57373.0,0
60.14059478177139,0.10526315789473684,0.3982088547438289,34096.380828969384,325.56685462210396,59956.0,0
59.67060338901124,0.10416666666666667,0.3982787871651234,31443.16025913004,323.69865348224937,56513.0,0
59.362594801224304,0.10309278350515463,0.4022998494183791,34225.77534696322,321.9679153437405,60887.0,0
57.500099914710255,0.09278350515463918,0.41048170135909384,35218.87784862191,309.67068420499754,61882.0,0
57.28037926293319,0.09183673469387756,0.41417654030287687,29790.582088825275,307.9179221482036,54009.0,0
56.861154473214555,0.09090909090909091,0.414819873097294,28907.976364177448,305.5111563737135,52994.0,0
56.09341290675144,0.09090909090909091,0.4188699936062347,35761.858437581854,302.784009551219,62918.0,0
55.49491444872142,0.09090909090909091,0.42438979314952,35310.79508202586,298.0343253531255,63059.0,0
55.067543052610525,0.09,0.4273694648286874,27527.05998205267,295.7425503645085,51974.0,0
54.759043559296714,0.09,0.4287897854314335,29927.19553165274,292.3348344336411,56824.0,0
54.43801871648796,0.09,0.4295948041740047,34452.17099828227,288.86452370288714,63998.0,0
53.51283729930699,0.08,0.4296437647546064,32364.4780992498,284.0330236885373,60151.0,0
53.201939686946595,0.07920792079207921,0.43270856318527934,30408.594951862997,282.03033594667585,57442.0,0
52.91243692420112,0.0784313725490196,0.4345737584382414,30217.665356717287,279.76602791692653,57326.0,0
52.84320389149455,0.0784313725490196,0.4428389079153281,22131.12367491974,277.0215361939908,45792.0,0
52.52683532319386,0.07766990291262135,0.4448060527722306,29378.509555533183,275.5176057295984,56788.0,0
52.04487757782923,0.07766990291262135,0.44603511012243013,30300.886136761386,271.6370885968104,59708.0,0
51.884952129229745,0.07766990291262135,0.44810207467768337,30413.62105534682,267.4651862546716,60490.0,0
51.438240920209935,0.07766990291262135,0.45136100544527386,27819.536644129337,264.1877501363444,56631.0,0
51.10030398805565,0.07766990291262135,0.4529722625368932,30992.498837308653,262.5989427406219,61833.0,0
50.358873244728194,0.07766990291262135,0.4536433844336423,24535.270077513607,262.0587348477563,54199.0,0
49.70109029033022,0.07766990291262135,0.4605098341678557,32800.486535657066,261.100202451692,65020.0,0
49.33218623307142,0.07692307692307693,0.46465062549548697,30280.27937432606,259.1922701791407,61525.0,0
48.977984005290516,0.07692307692307693,0.46937870520002734,22379.706582736406,257.51654845156037,50137.0,0
48.70887168952776,0.0761904761904762,0.4686754935991105,27416.73915728921,255.96009094762354,57959.0,0
48.058559649984694,0.0761904761904762,0.4742254228851578,22215.183035132515,253.23217906427686,50711.0,0
47.85955868879636,0.07547169811320754,0.47998410910103123,24152.044781420165,251.502091013619,53736.0,0
47.72241608142088,0.07476635514018691,0.48015342506805025,27230.910523179482,250.23270308932385,58595.0,0
46.83247879105681,0.0660377358490566,0.48951908296690966,24560.79976220515,248.2551083167038,55260.0,0
46.5477732782682,0.06542056074766354,0.486892111750725,30630.67739451296,246.4040976817354,64751.0,0
46.34869693569312,0.06542056074766354,0.4924026181358573,24337.233467718124,243.88989942891652,55836.0,0
45.79261353538295,0.06542056074766354,0.49230763282162554,19058.452920366824,239.07687598315997,49549.0,0
45.63179002965696,0.06542056074766354,0.4930249006512542,24171.37238987452,235.13030494901076,58240.0,0
45.33728791383247,0.06481481481481481,0.4949882465191251,18061.299464572905,233.67064043526292,49243.0,0
45.241732598537475,0.06481481481481481,0.4902598806425919,18544.657500939316,231.30368971399378,50249.0,0
45.00286131032514,0.06481481481481481,0.4959784040524074,22623.002517594472,229.75653165516113,56583.0,0
44.58250074642485,0.06481481481481481,0.4967903729438929,23705.392180165556,226.80055746364795,57996.0,0
43.99384990526279,0.05555555555555555,0.5015633141282848,14804.818353484974,223.41234999442645,45638.0,0
43.81937728522349,0.05555555555555555,0.5020142535428458,19367.760422936368,222.82685432112365,53687.0,0
43.32237167326835,0.05555555555555555,0.5001674797847098,18084.604643513187,219.8378397157155,50961.0,0
43.20474229921511,0.05504587155963303,0.49944155537950713,21040.50578255401,218.93939325237773,55558.0,0
42.494577662158626,0.05504587155963303,0.5016894021275474,19669.270408260993,217.37157714685853,55438.0,0
42.31779016003581,0.05504587155963303,0.5056758598364883,24309.722773708243,213.3330312045444,62375.0,0
42.16388951842278,0.05454545454545454,0.5071525651186087,23601.50321340095,212.23458876461746,61516.0,0
41.95932324812574,0.05454545454545454,0.5096096640447209,15721.20255061383,211.51325945057465,49527.0,0
41.56278197943268,0.05454545454545454,0.5116715603286897,15351.191069046517,210.0243904030649,50285.0,0
41.57805750442124,0.06306306306306306,0.5136334475813655,14585.40387631649,208.62223820190937,49247.0,0
43.99402168318257,0.07207207207207207,0.5090773097577669,24659.234362605213,227.26955809208448,65372.17225110907,1
45.10368461068599,0.07207207207207207,0.5051766399239794,25507.077157288477,245.43643150836044,65708.78440507602,1
45.79582842293333,0.08256880733944955,0.49617503173391525,22328.572826735017,262.92804632266063,63966.71887597224,1
47.20512583462541,0.09174311926605505,0.491639434746735,21344.39677931184,278.62200760155736,62519.62808055138,1
48.79724813617673,0.102803738317757,0.4801968751472029,20002.506011960184,287.918335264691,62960.81069539152,1
50.255430992879994,0.10476190476190476,0.4634359659708579,18476.530493184757,292.53834163570474,61307.747872529326,1
51.74975433726718,0.11538461538461539,0.45576837252718283,15785.886688941579,301.9068906920836,60170.6745837672,1
53.60188811171771,0.11764705882352941,0.4477462118766671,15084.812308338333,322.4296324324286,60592.29569585399,1
54.887952496654066,0.12745098039215685,0.4444960007673384,14652.741545493418,331.09960806035764,59129.18132361319,1
57.33205959493813,0.13725490196078433,0.4446995851094981,12427.490855840879,345.4245118180088,57706.31539123474,1
59.90969871434391,0.14705882352941177,0.44334428113127083,11816.365702294264,355.3159629271415,56717.26289085276,1
61.21839588689344,0.15,0.43247747718357565,10634.398472438774,366.9904604761572,57164.833778529835,1
61.5508912877002,0.15151515151515152,0.42717399412521756,9235.906271491416,374.16001835021757,55194.45621380981,1
63.714682950542716,0.16161616161616163,0.4199034240753937,7666.273235671637,380.0418474741897,54451.33572730411,1
65.48240430745496,0.1717171717171717,0.41493595507395814,6596.013777750731,383.5572018794122,53487.72360694522,1
67.50488349277248,0.18556701030927836,0.4061666416398663,5473.240975337454,396.2704756102326,52709.67963014357,1
68.42185737551716,0.1958762886597938,0.400953651014879,3501.7106332102776,416.0418293467143,52175.26216046619,1
69.72507206099282,0.20618556701030927,0.394819605326016,3865.30381022898,424.05956514911526,51410.42875074196,1
71.63618125622924,0.22105263157894736,0.38988413174988257,1062.0290906391585,436.5115139211669,50849.23119179324,1
74.44794672176796,0.23157894736842105,0.3887872795821565,1110.4928293158239,447.9771658083729,49658.157248743046,1
76.73759341409097,0.23958333333333334,0.38528231159847814,1103.020897207988,456.08193581542315,49665.29622539177,1
78.47275385556661,0.25263157894736843,0.37926931228420124,-1258.6484173472961,476.65424761017357,48121.77071965311,1
80.42708534952406,0.25806451612903225,0.3698682942123308,-6439.2285074618385,493.23826635393385,47956.75429854066,1
84.09063262880228,0.2717391304347826,0.35964788075281673,-8017.723015663615,520.3239348455955,47828.66755002226,1
85.93633553293142,0.2826086956521739,0.3511731272446245,-243.61016576978244,532.6457162989223,47184.300439316925,1
89.46732046600741,0.2967032967032967,0.33923234460643803,-7542.324636523678,556.8412000650745,45970.03906535124,1
94.39399480301448,0.3181818181818182,0.3175444355694715,-9429.93541572508,588.4804866729664,44321.075348865634,1
96.6986380409467,0.32954545454545453,0.31204460228936964,-1899.0103386754822,610.2399805672902,44513.28407973785,1
101.29665019212587,0.3488372093023256,0.30312251188556766,-1585.2847849053,630.3241835195604,42974.317185619,1
105.27604562821297,0.36470588235294116,0.2917668076240784,-12211.984407904578,652.2548667760176,41647.482479521284,1
108.16353548295004,0.38095238095238093,0.28364274743633605,-7585.843967998219,677.7597193256935,41615.28390466606,1
111.1140345001837,0.39759036144578314,0.2760281978210422,-11909.51081118945,697.5935993599197,41264.62589671168,1
116.58679293637566,0.41975308641975306,0.25894812217464863,-11578.062105097912,739.0812755990759,40178.59238760004,1
119.98848878493357,0.4375,0.24937507522992802,-11962.369219002783,757.3742977845884,38746.67448082513,1
128.31825541839802,0.47368421052631576,0.22586084936066692,-16121.197952915301,817.36472611475,38876.62056366479,1
135.59370993062424,0.5,0.20887490610894202,-13107.05574520607,869.6808888067125,37170.96900923303,1
140.14153286307848,0.5205479452054794,0.20442141168904227,-15615.793876199206,908.0154905108756,36772.54116643262,1
148.3547498059839,0.5571428571428572,0.18776769039547692,-13891.352235485629,967.1609952968822,35953.60062644965,1
153.86372597947818,0.5797101449275363,0.1837996335893193,-17277.63827392267,995.9467230184239,34900.995884338685,1
156.86561333294992,0.5942028985507246,0.17911143223552217,-15054.154790197215,1018.730058886478,34166.35638622447,1
161.83440446258285,0.6176470588235294,0.16679983229210793,-14436.527288848885,1043.8275765227002,32547.64929447947,1
168.0838185404762,0.6515151515151515,0.15193781384287927,-11172.440915808851,1099.7049831451914,33455.01299612521,1
177.33415166389085,0.6875,0.14298572625940592,-14540.032029301974,1166.0211824566722,32007.97297911658,1
186.5842759323475,0.7258064516129032,0.12636360639167368,-22484.835181937156,1229.2987496121798,31358.520708897,1
191.71910103109897,0.7540983606557377,0.11794847478239998,-12343.778904737334,1262.164122745193,31172.595985964686,1
201.4905493290555,0.7966101694915254,0.11028023271168573,-14504.063636848916,1329.774451581197,28696.543518414706,1
206.27426664128382,0.8135593220338984,0.10868297509485156,-18076.521864790942,1344.3247156035525,29504.22000530056,1
211.6801826382858,0.8448275862068966,0.09783468890367832,-11692.777009074598,1400.3845712483778,28163.854989676332,1
219.2547724362837,0.8771929824561403,0.09059337738678883,-16345.406971528699,1445.3860937291759,26539.97069048909,1
224.6861459640914,0.9107142857142857,0.08580943297902442,-19331.890806943808,1511.2739031813996,26692.971321829875,1
232.63510453312682,0.9454545454545454,0.0765584127695566,-24548.92967702165,1576.6147631270067,24840.626528104414,1
239.51709827121093,0.9814814814814815,0.07099999741371656,-16408.87527853268,1639.7248097748188,25687.401728716177,1
245.80766645065648,1.0,0.06524691375597277,-27565.15170387725,1691.0681470360023,24671.309653058135,1
248.33744287662665,1.0,0.06583934056237124,-27709.245709385432,1661.3788503531969,22661.684717471253,1
246.91595961780655,1.0,0.0645064983731652,-27294.934607559982,1648.5025672737709,21634.66566538461,1
248.6181912740703,1.0,0.06572670258535028,-27176.013939298264,1653.3697718190533,22447.37483010727,1
249.89662546111654,1.0,0.06574628939456997,-27315.092897087114,1662.147215994486,20758.644777809513,1
250.04873703325873,1.0,0.06567558531411063,-27215.323870209686,1665.4111197778752,19358.20516290737,1
251.39387575928856,1.0,0.06514124688161214,-28186.395277900083,1658.3416149474588,18845.728864640474,1
249.71985807837203,1.0,0.06633310982993151,-26761.846540120718,1631.351098151025,19323.55734783168,1
250.55014587268926,1.0,0.06532581908004496,-26000.809045807946,1630.7803274733105,18154.158404654772,1
247.2819053297058,1.0,0.0648025146677881,-27275.225968938965,1632.6126696790445,17162.721370128136,1
246.74317030209298,1.0,0.06565153029112147,-26828.86657348449,1633.7495351689108,15623.515574289304,1
249.62113135855847,1.0,0.0657300078976331,-27122.99005881523,1655.779828058429,14141.122209728186,1
250.48214960458623,1.0,0.06607830031152301,-25968.24561541109,1657.7201438941322,14572.080473006397,1
250.92576718327226,1.0,0.06573545060244834,-25408.720816047666,1685.200316776501,14375.72472258961,1
252.4401402728225,1.0,0.06617541763744753,-26590.79972334275,1666.4648595706751,11875.62227712891,1
253.7206146842362,1.0,0.06578671066589485,-26111.81956231378,1673.9628293741873,12072.093710099583,1
253.68404545549936,1.0,0.06528198147733524,-26503.11544496379,1667.535991053015,10271.695780791255,1
251.00125069060897,1.0,0.0653581811369408,-25743.49650962667,1690.2739298362462,9820.557970921642,1
247.47873936661946,0.9795918367346939,0.07055715714119602,-26497.661147815146,1648.3101288750988,9293.246285728706,0
244.57359223045128,0.96,0.07226937822365959,-25290.526782519508,1624.8562806100222,10781.074817171448,0
241.70257013229187,0.9411764705882353,0.07713794655052035,-24832.92600770842,1597.9234993548955,11243.994774091472,0
238.2031804924552,0.9215686274509803,0.08047785201260374,-24676.5392012892,1570.1867480714602,11406.497236295692,0
234.55553581717956,0.9038461538461539,0.08174178921233691,-23642.59447248577,1545.9851291716923,12437.860870484283,0
229.47393190208885,0.8846153846153846,0.08598465949613364,-23277.350493726117,1513.5324299257684,12314.022648303584,0
227.504918271186,0.8653846153846154,0.09112767741921252,-21872.425359045486,1500.4938323709869,13536.675485583628,0
224.2364575712322,0.8490566037735849,0.09500135034658852,-21442.8431159265,1481.3169710238935,13942.560975017253,0
219.37292493205612,0.8301886792452831,0.10157940037111808,-20034.28777972692,1447.612107079104,14869.43343484542,0
216.21798125415202,0.8148148148148148,0.10319168196336374,-19373.007788871284,1428.5173128250133,15627.187875432222,0
214.056784493917,0.8,0.10508255863618898,-19341.49471179263,1407.792582281219,15473.721206254577,0
210.2386330507295,0.7818181818181819,0.10563943672962049,-18674.045934702055,1390.542323648243,16751.66723716361,0
207.7228430073483,0.7857142857142857,0.10724829245045099,-18823.889000705414,1375.444446430678,16281.739979543348,0
205.5702222532013,0.7678571428571429,0.1100198770677428,-17063.184380909053,1342.8953614807845,17778.718393246774,0
203.34626661195574,0.7543859649122807,0.11144378130234052,-16215.276575015718,1324.6063733016736,18720.90447698674,0
200.32626198627165,0.7368421052631579,0.11633139797539428,-14971.179990017072,1315.6101918417776,19649.005135383748,0
198.6468661723715,0.7413793103448276,0.11975449812453286,-15364.395943833904,1300.622729349382,18902.615642950423,0
196.55495290320752,0.7288135593220338,0.1202117680833884,-14166.301747222322,1284.9010608614142,20495.799840250602,0
193.13845707869635,0.711864406779661,0.12266851538582063,-13626.876449401298,1266.7406789046906,21456.99389653583,0
190.86329950665245,0.7,0.1260499209829512,-13065.753091314642,1253.9470652826433,22128.90076385757,0
188.69208752687797,0.6833333333333333,0.12997506226399322,-12896.282317799612,1235.305200217748,22049.84419140863,0
185.72162770236616,0.6666666666666666,0.13171347047985724,-12000.469849342147,1225.610429884182,22557.83681562001,0
183.75691539797867,0.6557377049180327,0.13563742516558414,-11281.406940984245,1208.9412484961063,23436.147676488177,0
182.41901403577305,0.6451612903225806,0.13635573140231302,-10610.81111314522,1196.1364586938444,24312.614228941908,0
179.3623565089712,0.6290322580645161,0.1400157048233853,-10279.21512788982,1163.9625724050336,23628.52601650692,0
177.94392011402326,0.6190476190476191,0.14287498215877975,-9830.022247522204,1153.3920661710224,24169.54948554449,0
176.0148920553571,0.6031746031746031,0.15096619990710272,-8807.989264560332,1142.1721167153414,26048.383403498352,0
174.59225760758443,0.59375,0.15534387244644826,-8415.077249248534,1130.2072630623713,26507.946293433863,0
173.58659806362743,0.5846153846153846,0.15458751268102722,-8571.804137981206,1115.4640798564637,26082.862576051724,0
170.8408575036219,0.5692307692307692,0.16013694053100977,-6873.193425332905,1092.166359112583,27111.038037270493,0
169.06718155544937,0.5606060606060606,0.16240885880926081,-6793.217578267001,1077.902230662899,27140.97901071384,0
168.1745508016991,0.5522388059701493,0.16400172813357985,-5364.487252679509,1064.217384662862,29139.500334701297,0
164.32866910596226,0.5373134328358209,0.16941450660235502,-5389.112489414301,1031.4621952625832,28748.477144450677,0
162.60628028010234,0.5294117647058824,0.17442639378039282,-4584.099575434296,1020.5075939179322,29907.524188530453,0
160.19755001347804,0.5147058823529411,0.18046368439840368,-3283.69637785312,996.4235297559799,31097.337374294657,0
159.2190296297755,0.5217391304347826,0.18397211598248758,-3089.5369744427826,989.6990778277926,31355.80717012303,0
156.55903957428654,0.5072463768115942,0.18443539050596183,-1662.9778034596545,973.6471976046917,32425.473802362252,0
153.0888154759314,0.4927536231884058,0.18766193226605685,-1731.7660457257523,964.3176918635917,31605.443509125365,0
152.15174921284424,0.5,0.18945314909276675,-1053.0562767709944,958.6182476451331,32594.75229653185,0
149.4799847911948,0.5,0.19607193165245804,1065.3529240489424,936.9548135578947,34114.3171908975,0
148.44785621907496,0.49295774647887325,0.19892617005142185,930.4362221569088,927.6885259703487,33934.0367148264,0
146.30297699977606,0.4788732394366197,0.20169846760651736,789.6681689806444,922.7804446610714,34624.37284059989,0
145.03316617943784,0.4722222222222222,0.20292457435973393,1335.421641729649,914.115637803508,35445.70193171235,0
143.437280037446,0.4583333333333333,0.20875656208167073,2500.6674349023538,891.7015945800672,35694.39792984707,0
141.95278932467076,0.4520547945205479,0.20881707675884914,3206.75463200849,882.9031828460362,36779.50393188095,0
138.53415270100112,0.4520547945205479,0.21291095504204655,3211.4088581229025,857.7283489086982,36077.91757883225,0
137.55740630020455,0.44594594594594594,0.21467360679771647,4665.443252041479,848.9321367133756,38288.82709331849,0
134.80841922163353,0.43243243243243246,0.21633606957759863,5277.786989717456,828.6166710378028,38964.169998191006,0
134.28853905101235,0.4266666666666667,0.21487123606750097,5025.047078360534,823.0439739326661,38709.53858495119,0
132.60449217137216,0.41333333333333333,0.22027311533540694,7731.383622462506,812.962026828901,40149.794400945175,0
131.3967537950332,0.40789473684210525,0.22308981319181784,7779.319428329437,804.8982401305466,40320.23526776406,0
129.50122813731642,0.39473684210526316,0.22754517770100108,8000.3512896534885,788.4906442519789,41488.23023099305,0
126.3318266676186,0.3815789473684211,0.2293037968455779,8443.356996552133,782.7201574417347,40771.017983380836,0
125.0514464296281,0.3684210526315789,0.23720680380216982,10656.525556442304,759.7351585096228,42254.03148253674,0
124.21537083273125,0.36363636363636365,0.24047823110848798,10672.526282317824,757.5292173972643,42449.820759909824,0
121.41071807803895,0.35064935064935066,0.245534602187584,10498.072857482988,741.7178352746246,42267.778138750364,0
120.84801257738738,0.34615384615384615,0.24679391497679104,11682.44599736813,737.6618704583336,44187.15549878321,0
119.76712535635433,0.3333333333333333,0.25177313201599916,12852.954060112686,710.9817961764578,43889.53238793191,0
119.4576777247336,0.3291139240506329,0.25510096712461033,13002.123493384073,704.2804069181273,44334.66542891515,0
116.8174095282024,0.3291139240506329,0.26048963940375613,13391.311889384633,679.0744781173987,45610.353700006155,0
115.53261996414486,0.31645569620253167,0.26493305962567154,14716.196167459155,655.3700402217635,46491.88871187163,0
114.56011716519603,0.3125,0.26638474279418956,14307.49032472876,650.6612425561992,46051.275971260715,0
112.34732239098807,0.3,0.2729057285292123,16855.258912348287,629.2342467156029,47434.25715536929,0
112.30856523804354,0.2962962962962963,0.2757627082969282,16917.017421105083,626.3449503887326,47765.07490249099,0
111.76675995208888,0.3048780487804878,0.27687733977933116,17817.915328034058,623.3003821156409,49264.226896742344,0
109.00171758249068,0.2926829268292683,0.2799291858594412,18720.577318507716,616.1188924207333,49317.63353363484,0
108.49923595723251,0.2891566265060241,0.278320706245544,18061.020784517663,610.5358473639608,48608.8018438071,0
107.91399322919263,0.2891566265060241,0.2871300620143214,18553.775678448215,593.5068235191768,49751.33086757433,0
107.48443541678668,0.2857142857142857,0.2876346123134758,18437.64228573166,588.9600077963505,50000.0,0
104.3377121506163,0.27380952380952384,0.29780367603644475,19978.395607634713,563.5020822234438,50000.0,0
103.22437908183,0.27058823529411763,0.30140997501277655,28149.690376237202,558.4133543362974,62303.0,0
102.37297931181979,0.26744186046511625,0.30233036140853714,17391.292053218585,553.5221879117147,46633.0,0
101.68826238791611,0.26436781609195403,0.3044313067040546,24098.491988607082,548.3334343647666,56890.0,0
98.43098150235173,0.25287356321839083,0.31564858466609125,27603.758610647175,523.6846443796114,59813.0,0
97.57628157444965,0.25,0.3170269389419538,27261.099927642223,518.5627481606849,59673.0,0
96.94769415457208,0.24719101123595505,0.3208328954993502,28810.387831390144,513.4268855327983,62282.0,0
94.12275303166903,0.23595505617977527,0.32190918847678235,21700.272092360297,498.0763516285127,51147.0,0
93.52717104486233,0.23333333333333334,0.32461930280122786,28794.033461789786,493.0009526783293,61882.0,0
89.98432188428949,0.2222222222222222,0.3323658175711368,21114.264348927874,482.67763924272316,50645.0,0
89.38076602142841,0.21978021978021978,0.3329131927245149,17613.341047077432,477.9931874744906,45713.0,0
87.91191298914387,0.2087912087912088,0.3391007129640919,19881.598985107157,468.1802552948139,47573.0,0
87.15247109197799,0.20652173913043478,0.3426737770035812,19788.440685736143,463.8896571032047,47541.0,0
84.29117950632535,0.1956521739130435,0.3521941780880824,28184.076566480242,447.5593495092647,58598.0,0
83.70337575361566,0.1935483870967742,0.3522605982628586,25957.685175483108,443.7362422098212,55702.0,0
83.04108781293901,0.19148936170212766,0.35303969710017546,26192.08387633286,439.7244532241344,56385.0,0
81.60161380223363,0.18085106382978725,0.36329086836276075,24943.217460876254,426.06609309991273,52299.0,0
80.91450075482415,0.17894736842105263,0.36585016543002385,21246.381718031964,422.88018271504194,47239.0,0
80.34032470686468,0.17708333333333334,0.37139587173894756,28932.72396662408,419.4444803466215,58943.0,0
78.43361899964002,0.16666666666666666,0.3865347712549655,28221.967457415052,401.52777387559286,55398.0,0
78.04295366871884,0.16494845360824742,0.38956173999740973,34827.126169584466,398.88734265277674,65322.0,0
77.47449024762253,0.16326530612244897,0.3913587547515096,30393.550664793092,395.49058892662174,59014.0,0
77.02235583292095,0.16161616161616163,0.3911328510634783,25760.321136691866,392.2924773779712,52666.0,0
74.25168855670101,0.15151515151515152,0.3968273205320847,26218.169672477543,369.03665298948755,53376.0,0
73.85433785820588,0.15,0.39731530372255636,29423.833842926208,366.1559104462215,58477.0,0
71.18492465858168,0.14,0.4105656139425714,31696.35176616603,355.8852769239267,60559.0,0
70.62815161084808,0.13861386138613863,0.412150194670807,34696.589012871875,353.18993396289534,65184.0,0
70.23004910493778,0.14705882352941177,0.41151922672541597,21399.633479871944,350.81969816543557,46095.0,0
69.89235322821214,0.14563106796116504,0.4135823387575436,28377.46437402384,348.5658301856025,56913.0,0
67.6805011282807,0.13592233009708737,0.4289074868275015,36402.08885333314,325.942626702851,65137.0,0
67.2796815180171,0.1346153846153846,0.4329884726151642,32254.24379357548,324.01776317053015,59404.0,0
66.72609183689872,0.13333333333333333,0.4338225579423828,25612.690247005994,321.323390860051,49839.0,0
66.47673063734146,0.1320754716981132,0.4336116115073903,24450.176064055293,319.37881756741285,48466.0,0
65.21571969288077,0.12264150943396226,0.43893506679875227,27759.69193064746,312.335431809058,53459.0,0
62.412913854209904,0.11320754716981132,0.4460441297555594,34371.56203251221,293.7081561228013,61422.0,0
61.906760326677755,0.11214953271028037,0.44861202463375416,31858.16617483869,291.5497393906795,58000.0,0
59.748250699488295,0.102803738317757,0.4568035580328734,33060.30737137097,284.4107965920182,58585.0,0
59.4962143496851,0.10185185185185185,0.4621310122789897,30255.118313814706,282.5401645825228,54675.0,0
59.286514137134965,0.10091743119266056,0.46041090719987626,32422.96868863096,280.49847809243926,58424.0,0
57.18096221412631,0.09174311926605505,0.4666250835677343,33507.07512194703,263.684224452897,59413.0,0
56.32507982717692,0.09259259259259259,0.4657376321362175,34407.68772188693,259.7388528435974,62595.0,0
55.70601175233996,0.09259259259259259,0.47110986534979193,28711.33606385404,258.8041524771404,53982.0,0
55.469297028333244,0.09174311926605505,0.4736509746112537,28320.636808081206,257.4674523814411,53814.0,0
55.29203405657471,0.09174311926605505,0.47754978460520575,22077.013447949263,254.42280850759497,45153.0,0
55.118748655745144,0.09090909090909091,0.4801277188846909,29597.963814218605,253.45067116290605,56534.0,0
55.027219274197115,0.09009009009009009,0.48073738361253077,23796.04610504661,251.86956534362173,48095.0,0
54.73729774787597,0.09009009009009009,0.4859006826614575,30838.4846488683,250.31977808194986,58141.0,0
54.5014556819062,0.08928571428571429,0.4871301922175928,29489.270387612356,248.5708004724568,56470.0,0
54.30062893086832,0.08928571428571429,0.4850334164458383,28661.221466369243,245.028062468716,56470.0,0
53.59170315927622,0.08928571428571429,0.4841281604296617,22738.148081837604,241.3403893774378,47975.0,0
53.32808959833325,0.08928571428571429,0.48920577699480167,26006.058301000063,237.91414901540955,53480.0,0
53.0415575807391,0.08849557522123894,0.4906129146272043,33623.08775721577,236.39985310004695,65212.0,0
52.64934660633984,0.08928571428571429,0.48700716811667055,25773.707016328935,233.98767676841086,53918.0,0
51.947518418238424,0.08928571428571429,0.4854811647857577,24555.11033000778,232.60744508424855,53493.0,0
51.83662016606745,0.08928571428571429,0.4924736995512106,25414.17781972575,229.1086220145516,54259.0,0
51.474888793567615,0.08035714285714286,0.4925311011219559,27710.755562938404,225.28857084163943,59156.0,0
50.73064921603129,0.08035714285714286,0.500218621082882,28000.152094312583,224.24946001754122,60259.0,0
50.552940332714655,0.07964601769911504,0.5045319796389798,21592.77723454256,223.16051498677913,50915.0,0
50.12329031589387,0.07964601769911504,0.5022774501202033,17256.558043523917,221.84991912101555,45508.0,0
48.90428586574374,0.07142857142857142,0.5029997712076917,17171.81093877609,217.7393024213919,46104.0,0
48.37470808391887,0.07142857142857142,0.5049779449073791,24642.160262551475,215.35770835186932,58237.0,0
47.76217092608085,0.07142857142857142,0.5044205610462126,28631.825471097913,212.8516314277695,65054.0,0
47.3314729368573,0.07207207207207207,0.5021100516430134,18336.428410023294,205.78383728093215,49809.0,0
47.18588488853075,0.07207207207207207,0.506482711572138,23067.17204179586,201.9303883082976,57762.0,0
46.756763667798666,0.07207207207207207,0.5064669510696088,21860.98072697187,201.3782987312304,56982.0,0
45.92190612597563,0.07207207207207207,0.5060719585978798,15459.712847796985,198.51188273965568,46806.0,0
45.493395945426784,0.07207207207207207,0.5070520204560104,14986.411892706603,196.41005333143752,46603.0,0
44.87677347789884,0.07207207207207207,0.5075113068858691,14368.509543806895,192.73250568763484,47580.0,0
43.95191029036928,0.07272727272727272,0.5086869534450684,21696.07655405739,189.23926968480643,58163.0,0
43.62944681021657,0.07207207207207207,0.5101977391440694,13286.658400187425,188.0833033465538,45962.0,0
42.71858462377485,0.07207207207207207,0.5131299966924335,19579.87143010471,187.4661625608765,56331.0,0
44.27490789039298,0.08181818181818182,0.5044551434662555,23710.08215508361,190.05014774274647,64643.58217549582,1
44.57340682173153,0.09345794392523364,0.48567692372012483,21865.17336689283,205.72668948611664,63979.81769546094,1
45.71938641655328,0.09433962264150944,0.4803214235168931,21661.981013894965,207.78669528244163,64020.74857619063,1
46.42629297373074,0.09523809523809523,0.47767139365123523,18828.972375617814,221.4354056657603,62174.43788802297,1
47.88975793138395,0.09615384615384616,0.468300968663819,18304.91971644823,241.56224841364454,61825.20056467006,1
49.372431963223654,0.10679611650485436,0.462317368192957,16704.2547856466,245.24009301548475,60610.73223328625,1
50.45895989610115,0.11650485436893204,0.4575700872717412,15479.225960013984,257.665400665872,59940.862647590526,1
52.30351543333543,0.11764705882352941,0.4578576859930177,14210.285226493865,274.9872782884205,59406.78450836408,1
53.9129666291139,0.12871287128712872,0.4557774386404776,13975.62406472537,281.35179670576764,59388.844031409375,1
55.85380006140885,0.13725490196078433,0.4502601193653388,12812.068551417618,290.79155302964324,57921.54698681689,1
57.081938766157045,0.1485148514851485,0.44648850185528094,10983.646862084839,303.4060301518949,56740.8780940948,1
58.3802671356548,0.16161616161616163,0.4362046430331194,10061.998285427453,315.55508060988456,57238.4526495471,1
59.3391747267252,0.1717171717171717,0.43015526374002905,9222.75804126976,322.9620649073456,56236.59792303576,1
61.9147618921429,0.1836734693877551,0.41980288109046193,7827.708791518811,334.98104802387365,55874.71342942315,1
64.62731459115588,0.1958762886597938,0.4127535912421555,6960.817926389043,351.21839962743456,54774.36800348062,1
66.5882097315732,0.19791666666666666,0.40513666402377113,4317.6107148341325,372.17334278745676,52934.44699404207,1
69.68568263867566,0.21052631578947367,0.39794397426097294,3484.2812690375386,391.72175755104956,52631.71551465692,1
70.77963826642019,0.22340425531914893,0.3911147971537228,1471.5774175807587,408.0886904134694,51459.58232143763,1
72.25275379594689,0.22340425531914893,0.38797434878799164,1392.8656073358482,417.9189409395096,51399.45907417664,1
73.50921036295445,0.22826086956521738,0.38658361402773916,-110.43032079693727,440.01384130858116,49836.82585790513,1
75.69552684377253,0.23655913978494625,0.3827253076789986,248.24602480019712,449.8829825553615,50370.88500324574,1
78.86489878294303,0.25555555555555554,0.3631114691234226,-6067.480296825951,467.95053735583764,47817.306400104804,1
83.53228062535405,0.27586206896551724,0.34600193293428455,-1833.2338770730037,493.22429702142443,48420.1381235113,1
86.27731029275547,0.29411764705882354,0.3326561198531548,1173.4658434389721,516.7880134773494,47466.70741271241,1
90.43330900250652,0.3170731707317073,0.3166717003691796,-6191.3753520994405,544.0354818866714,46499.859469844356,1
94.34237427723824,0.3375,0.3043846604932243,-800.8431736556722,578.090690702022,46041.316038041754,1
101.7175763505307,0.3684210526315789,0.27524099074768815,-5135.493162583745,614.6637916011529,45024.210679668664,1
106.65164129201374,0.3918918918918919,0.2647271877652833,-11390.673678309176,661.6593579713941,43566.39381167639,1
112.94039614664926,0.4027777777777778,0.25326730047733553,-9017.311115021235,703.872515996423,43498.5786839393,1
118.09987914944784,0.4225352112676056,0.24077513914925835,-11181.788073406195,726.9580727939464,42728.41205815216,1
124.22310624848342,0.44285714285714284,0.2322301987732988,-5079.196695749412,768.9780993903515,40916.521904933325,1
129.00105609556846,0.463768115942029,0.22539873981053857,-14018.090086358341,796.3501772101457,40602.469947374964,1
132.4964730067293,0.4782608695652174,0.21845670510650544,-11867.150557648543,816.4412131296323,40298.63345129264,1
140.15139123890302,0.5074626865671642,0.20335211472307893,-13138.070629975193,854.4762792976629,38844.31115211273,1
146.6656253791658,0.5303030303030303,0.195166517471293,-16741.952398766156,889.3651546225551,37712.46510868592,1
151.36996087467952,0.5454545454545454,0.19131100335500276,-11216.977881906667,913.1287130168607,37241.81395290618,1
160.33045751078686,0.5873015873015873,0.16942581851647456,-7002.74339203474,985.5665820799958,37636.29775829787,1
169.67183612237488,0.6229508196721312,0.15804806213128117,-13800.935280361395,1029.094719804865,35788.863719532674,1
179.7520134480849,0.6610169491525424,0.14616776712456928,-20715.438592895964,1094.9702087795254,34393.32839220479,1
182.53100506003173,0.6779661016949152,0.1410493288071275,-13011.741053001098,1107.5659092535202,34409.79725113868,1
193.38805693511384,0.7321428571428571,0.1269277129110224,-17847.419692709173,1192.8788160365257,33595.79907883701,1
204.7428001327653,0.7777777777777778,0.11046535478084313,-9478.074715761026,1269.6825435511837,31956.389766610988,1
217.8740041453607,0.8269230769230769,0.09651598453249674,-12516.386999383667,1331.6176832192164,31217.786856155533,1
224.28475766632783,0.8461538461538461,0.09324696281986707,-17625.224107777747,1351.9313296877356,31500.78931189729,1
228.364899435032,0.8653846153846154,0.08817746846562542,-18575.0306401451,1377.2180774340768,29335.628839288172,1
242.52013467840595,0.92,0.07738683345404024,-12398.652510743676,1449.2671738960853,29160.22213556848,1
245.77383905274667,0.94,0.07289038847732084,-19086.07888612429,1464.2708718060726,29663.648173769725,1
253.7363626380686,0.9795918367346939,0.06015167790164022,-19501.407070379093,1538.4703469910535,27160.43213265572,1
257.96705175335194,1.0,0.057907462831234775,-24852.52372666391,1556.1957701581705,27706.933642901255,1
257.8110366192907,1.0,0.059619464928849265,-25018.264574017685,1562.0968137345128,27297.22387124055,1
259.3157989910264,1.0,0.059114314825063054,-26019.98833427158,1569.754620395921,25034.11436405311,1
261.30350698889174,1.0,0.05967387057716803,-26931.95970952964,1567.3816151515034,24131.358061645707,1
261.893512903499,1.0,0.05813082128741767,-25812.214729893905,1587.1018593359245,23628.504996522126,1
263.80335598445276,1.0,0.05661613629725171,-26628.11300235705,1574.173173428,22137.103945120776,1
262.26582583548753,1.0,0.05777283222390405,-25097.850491883484,1566.0109811439095,23278.152249816114,1
261.35391004539815,1.0,0.05723518288765696,-26100.46495026026,1591.7262152603944,20887.194858536783,1
262.6681051631034,1.0,0.055704668909945014,-26716.803416350016,1573.4025525338425,20033.542868482473,1
264.2029405711731,1.0,0.054758110674058835,-25231.116455764775,1581.9776563443602,19429.23857673804,1
262.3953796233765,1.0,0.055579283147519275,-25729.81973078921,1595.9502670831894,18172.50117347256,1
263.235214598862,1.0,0.05390776389210074,-25311.81501788328,1600.8714767752572,18688.477258978826,1
265.0676730730679,1.0,0.05363115094374281,-25320.81783040037,1615.5267307526137,17968.42601635446,1
264.2900520208865,1.0,0.05446123167796181,-25485.92652501802,1618.863504740646,16588.459599153826,1
260.22257388056335,1.0,0.052048362298376116,-24223.718054209712,1602.2178371426603,16765.52250308814,1
259.4496147835532,1.0,0.04992509008260606,-23817.253149577842,1595.0579686576054,15955.824679663252,1
261.0580424906261,1.0,0.05095814227709716,-23573.340493943062,1610.444385161891,14753.087260468874,1
260.9156286399378,1.0,0.049899058264509626,-23796.63037912377,1623.5160627776352,12988.682969264464,1
261.84672381038075,1.0,0.04964865023597011,-23362.777563696698,1605.9978173382788,13018.291357823266,1
260.6611720174753,1.0,0.05029060997668814,-25176.587305193425,1607.2314954718613,11542.316834219739,1
260.7011600726077,1.0,0.05090956328754946,-24901.950666879522,1615.7880581366148,11472.389525686838,1
259.8705364298579,1.0,0.0519176337947767,-24803.27253768323,1623.5550065675588,10928.942783830931,1
256.1088175698153,0.9791666666666666,0.05417933413101606,-25361.148560574096,1601.1376425128426,9869.20856823722,0
251.800363860887,0.9591836734693877,0.05986861381709061,-24915.783834292455,1579.8969194452368,10177.482070479606,0
249.601939031503,0.9387755102040817,0.06398266026123041,-24093.231300516574,1561.8692411429695,11037.061554073307,0
246.23268455836825,0.92,0.0674115959553092,-23587.0703263792,1539.5463841459277,11314.284074282392,0
243.36493378749427,0.9,0.07115039130641196,-23112.12054820179,1528.8292356806485,12123.3693500443,0
239.5342126738609,0.8823529411764706,0.07344181222126978,-21901.97227953752,1509.4484994139139,13508.862388453961,0
236.98427053762515,0.8627450980392157,0.07907771208976962,-21637.76411180583,1475.6214934689149,13441.136020074626,0
234.18093499236687,0.8461538461538461,0.0793799734421632,-20726.390627281056,1454.753551835067,14291.281748028445,0
231.58838125169657,0.8301886792452831,0.08288601875144451,-20709.757639905023,1437.3872571963768,14047.781218576716,0
227.73889980207503,0.8113207547169812,0.09079478383313289,-19871.162227883127,1425.1160035688426,14526.567266804073,0
225.53494633223502,0.7962962962962963,0.09385352050929213,-19176.148283231138,1407.9383059368893,15115.246943094113,0
221.33230772290338,0.7962962962962963,0.09686273648807907,-18893.755431547328,1371.3987821360217,15808.28602539405,0
219.14657921866564,0.7818181818181819,0.09822969024236262,-18277.04984018072,1356.4636664127186,16328.70856343308,0
215.2497134057406,0.7636363636363637,0.10090183293749797,-17049.39631563309,1324.786227702363,17445.072843877715,0
211.23665668865215,0.7454545454545455,0.10394269256788952,-14634.575061860854,1314.919423760705,19191.344169418484,0
206.81114150579765,0.7272727272727273,0.10579492257048688,-14789.19031638306,1279.5893146814308,18761.50594938926,0
204.25529277526923,0.7321428571428571,0.10549188591793568,-14613.389426229813,1267.0839730267655,18735.27910900613,0
199.3121722650867,0.7090909090909091,0.10798045054156159,-12420.778196268067,1247.2202319965447,20705.771607315663,0
197.62600487879894,0.6964285714285714,0.1118816473019281,-12861.872234948572,1234.946689056936,19906.322343469456,0
195.75485553967354,0.6842105263157895,0.11682858176719142,-11836.664752937371,1220.7781189545938,21226.584997905607,0
191.0684725248363,0.6666666666666666,0.12221917765357908,-10085.236565245013,1206.7798809352707,22751.689186858763,0
186.82226059097505,0.6666666666666666,0.12365443354373885,-9805.097194541526,1182.0939819883426,22697.96254787025,0
184.8033767429697,0.6551724137931034,0.1280590048337365,-9072.059844665326,1170.6199447081358,23675.132322446592,0
180.41398702556896,0.6379310344827587,0.1301935717806151,-9092.57922850533,1145.953602520028,24181.4096260426,0
178.7187216024461,0.6271186440677966,0.13256757445450232,-8300.022545430764,1132.09449121104,25214.523581697656,0
176.32369110114598,0.6101694915254238,0.1376421385947684,-7205.297690904236,1099.887378422106,25128.706613898248,0
174.86397149196264,0.6,0.14225903890673217,-6502.264212967422,1084.6161205153196,26109.904264163957,0
170.31337593516687,0.5833333333333334,0.14402060600680458,-5121.670469474709,1072.6947308653712,26787.597955299527,0
165.83923061367565,0.5666666666666667,0.14740925452714645,-4682.685339574337,1039.969752440141,27491.039875756454,0
164.06117846099056,0.5573770491803278,0.14837895178965174,-5018.358393643127,1031.2214520630505,26896.343756433787,0
162.23389185261297,0.5409836065573771,0.15475201605550762,-3614.618988721568,1021.1137804370896,28306.728573206063,0
160.86811122754676,0.532258064516129,0.1556258622501203,-3784.866454924988,1009.4792224952299,27996.878673264524,0
159.80513035665842,0.5238095238095238,0.15881215045534178,-2419.4251455711906,997.4043625056651,29978.395370629336,0
158.75515866807143,0.5079365079365079,0.16129347048799672,-964.9666576327757,971.4513105573985,30527.200139708308,0
156.85742217927034,0.5,0.1628168198573551,-1020.0085790405816,960.3911817426496,30427.43708233411,0
153.36854661636755,0.484375,0.1715109761807917,170.2153183854235,932.9153821462655,31468.86766035766,0
151.72630242975023,0.47692307692307695,0.1746766452549524,-153.1709063629407,922.874180268634,30990.28844107663,0
150.27705459842997,0.4696969696969697,0.17739762410747104,626.8372168693935,912.3667081991772,32155.581813636763,0
145.72032924756405,0.45454545454545453,0.18017348423937066,501.7873027900644,906.5735701715164,32246.997242148216,0
144.6473464831312,0.4626865671641791,0.18370025759228928,810.461597219036,895.8513421741048,32716.100582237694,0
139.14949720754666,0.4393939393939394,0.19145874875139018,2658.759275843656,873.4201811932003,33055.09524258291,0
138.11540522369285,0.43283582089552236,0.19430100001677122,4142.76225420958,863.55222045602,35266.49007760265,0
137.65911881330402,0.4264705882352941,0.1931134219378083,4215.679368144004,854.9927142398933,35470.85854558217,0
134.31734129740278,0.4117647058823529,0.19699008885875144,4177.039150270907,841.2533088161698,35858.02120014714,0
132.94636090455782,0.39705882352941174,0.20003928634634155,6780.590790881916,834.1884608025258,37137.60337838711,0
132.4806015958899,0.391304347826087,0.20191694499892726,6710.73077339865,829.6165958374233,37122.98706654037,0
131.37466374991277,0.38571428571428573,0.20522961512576762,7650.230744059367,821.8970038786216,38584.91741955003,0
129.99262187361188,0.37142857142857144,0.20980112665076833,6730.36189121296,795.5783544808131,37679.62108860756,0
128.71497112567224,0.36619718309859156,0.21033575875970015,6926.3768861181925,786.7219508908984,38095.45712508214,0
124.69498523915959,0.34285714285714286,0.21782380288088266,9594.852630736665,772.3402295419886,39136.74216518703,0
124.13736853053068,0.3380281690140845,0.21874943288512258,10027.371938852679,767.0357687137063,39860.453052692006,0
123.6226651624888,0.3333333333333333,0.2183026175188551,9783.07398630388,761.5755753398001,39628.869605558044,0
119.88471452974166,0.3194444444444444,0.22141969586014307,11915.95090816873,740.5255964732454,41745.592336950336,0
119.49831074449615,0.3150684931506849,0.22374145618530375,11929.73015382454,738.4094422731955,41870.891042117764,0
116.46773649023433,0.3013698630136986,0.2272768594949601,12326.732213467962,713.7168106442386,41720.544960366184,0
116.32969389901913,0.2972972972972973,0.22991315135367565,13301.808655812785,706.3588233850083,43334.18951911133,0
115.62157872471408,0.30666666666666664,0.23106686445398283,12812.090528165365,704.7209818381859,42816.460873673735,0
112.5892940069297,0.29333333333333333,0.2329678428051226,15256.085110832877,683.9183036322465,44831.862124398496,0
110.44173075115101,0.28,0.23748480222492582,14076.442637403898,665.7853849085022,44112.85765606673,0
109.3629024438271,0.26666666666666666,0.2399899544942154,17112.97079354972,646.1306037840493,46114.481025513094,0
109.32073175891345,0.2631578947368421,0.24477939513127508,16325.278190657298,644.4773257427959,45117.334264665085,0
107.79119115900119,0.25,0.25140545521170676,18602.568082786285,621.4637156013699,47386.567972747966,0
107.28999210124861,0.24675324675324675,0.2537582861899848,17826.20142591722,616.356680231359,46433.58365554664,0
106.57483345835963,0.2564102564102564,0.2580190136918749,17978.683502091833,615.435386384492,46841.26857606509,0
105.02589244735718,0.2564102564102564,0.26840750751535186,19796.973336728483,603.6677501397303,48306.63873795601,0
104.65692679524801,0.25316455696202533,0.2685409726797485,19522.062993750522,600.7853704529689,48192.1542643442,0
104.32104300856152,0.25,0.2669896307280087,19803.09880532788,595.3655714520222,49050.48460539922,0
101.06177715453984,0.2375,0.2702968385466639,21255.935620115295,586.1897412468704,50000.0,0
99.43181225718433,0.225,0.2780860763930858,21422.487317061274,561.0041484022773,50000.0,0
99.12104925397627,0.2222222222222222,0.2770200718562757,21081.85951693344,556.9466282996208,50000.0,0
98.02473390234448,0.21951219512195122,0.2801930909384229,22443.98960964002,550.7429054943315,52346.0,0
95.7237772701986,0.2073170731707317,0.28775931389973164,27926.152676896636,526.0033889514898,59107.0,0
94.94158351145705,0.20481927710843373,0.29310893312413006,23074.57004008174,521.2022507407631,52159.0,0
94.1433371016711,0.20238095238095238,0.2931422405177263,23956.039064356522,516.8628842098522,53803.0,0
91.6551849049795,0.19047619047619047,0.3007173103109467,21220.327187267463,497.0964764298768,47866.0,0
90.83106991525976,0.18823529411764706,0.3053749924677741,19160.355622877385,493.0836847408375,45049.0,0
90.04499556095168,0.18604651162790697,0.308140965916959,20110.516044475586,488.3492077142894,46742.0,0
87.06880309907973,0.1744186046511628,0.3186407959215477,26499.393956596592,468.4952796079468,55949.0,0
86.29513962952896,0.1724137931034483,0.3223992601787091,24059.68642121583,464.517492378686,52482.0,0
85.52630125516475,0.17045454545454544,0.3230443838742392,19435.488582648053,459.70082060140754,45786.0,0
84.16202925604998,0.1590909090909091,0.333673113535086,30063.4363151385,440.32604394756,59890.0,0
83.37142457769625,0.15730337078651685,0.33548770101131814,29429.61729851394,436.07498359349796,59195.0,0
82.66813370986989,0.15555555555555556,0.3388597538944851,28589.68252259902,432.49026011566167,58145.0,0
81.99335046999225,0.15384615384615385,0.3411277708698812,23407.317299793995,429.14404355755823,50937.0,0
79.12033835897088,0.14285714285714285,0.3516530349618591,26412.05423602869,410.5231563766614,53676.0,0
78.57674670880107,0.14130434782608695,0.3495683354694436,32933.2630581046,407.39486579942104,63911.0,0
75.89745515580631,0.13043478260869565,0.35958511615855965,30803.90632111622,386.7838742680546,58396.0,0
75.33667743174216,0.12903225806451613,0.358941707828488,32218.90304433388,383.6030898482096,61117.0,0
72.87190952503582,0.11827956989247312,0.36495656872931204,31251.93261035419,360.6194940795496,59513.0,0
69.9814929707421,0.10752688172043011,0.3699723963598169,32038.923598722602,353.3043214087485,59075.0,0
69.37567576400907,0.10638297872340426,0.36894093295862157,25909.768560545614,350.76645584932385,50391.0,0
68.02395445963536,0.09574468085106383,0.3778536046353156,23998.228705846854,340.050545606779,47190.0,0
67.6097587558265,0.09473684210526316,0.38371345910470767,28733.182681604772,338.14235363203284,54445.0,0
65.043294909882,0.08421052631578947,0.39291941784063467,28500.096258266887,317.59782442368595,52957.0,0
64.67983818153606,0.08333333333333333,0.3944614311851898,34756.3379248699,314.7465915015785,62373.0,0
64.17007956021064,0.08247422680412371,0.3964725149691717,27669.04958053268,312.106399423705,52124.0,0
61.70388731460964,0.07216494845360824,0.3988749606950172,29685.034911211063,297.95656546197074,54130.0,0
61.31965097771972,0.07142857142857142,0.4000493832256034,26574.34085080376,295.91889733544673,49670.0,0
60.781458617730095,0.07216494845360824,0.403214746129835,29714.84570543398,288.97327900203766,55060.0,0
60.48453239484452,0.07142857142857142,0.4043020477828514,29574.76824395413,287.2515515270066,55187.0,0
60.40233578659476,0.07142857142857142,0.408317746725872,23266.60400369086,284.6723401316186,45764.0,0
59.733309491907484,0.07142857142857142,0.4075993198778788,24681.386099840973,281.28687567959236,48586.0,0
59.25213853936387,0.0707070707070707,0.4084004509012003,27007.20784833101,279.95593753019244,52331.0,0
58.874773130891136,0.0707070707070707,0.41133782194124596,27454.617553994107,276.79723777006046,54229.0,0
58.37983925813456,0.07,0.4132733971664241,27222.17626670034,275.43530325748355,54308.0,0
57.98940997607088,0.07,0.4203308975215306,29750.85178813512,270.9847652987889,57658.0,0
57.516200502365464,0.06930693069306931,0.4231538644294289,31164.242262793596,268.9474886077026,59931.0,0
56.98481003128266,0.06930693069306931,0.4259122273550719,27040.830441280512,267.86613394961626,54451.0,0
56.76563004665626,0.06862745098039216,0.4286509329705822,27407.42005637415,266.7716284923488,55363.0,0
55.84033808882139,0.07920792079207921,0.4311759303323539,21941.05424337411,261.73083057482916,47326.0,0
55.09286639056504,0.07920792079207921,0.4336542967865662,23943.445372379072,259.3989297107615,50726.0,0
54.93900273342964,0.0784313725490196,0.43647159829127014,21049.353331378385,258.09799372026373,46578.0,0
54.00688757880981,0.0784313725490196,0.4371774359699009,29461.361108514695,253.7969402843263,59567.0,0
53.84569835956539,0.06862745098039216,0.4432003497392418,24236.322212773826,249.66840304949326,52191.0,0
53.615257449807906,0.06796116504854369,0.44677873659850226,22368.85684749626,248.07376604492183,49741.0,0
52.800949420053435,0.06796116504854369,0.4502259162481751,22209.16946018238,244.1088857963437,50368.0,0
52.505024345060434,0.0673076923076923,0.44934147759273213,31606.657120965374,242.73384953646774,64664.0,0
51.916775425581925,0.0673076923076923,0.4549275913602194,25439.39077249204,240.77238935906482,56989.0,0
51.515058631673426,0.0673076923076923,0.45400799675735676,29932.722841772742,236.11547106385353,63087.0,0
51.42456247964928,0.06666666666666667,0.45493444691437346,30038.88488208831,234.8132458860151,63722.0,0
50.85895848481073,0.06666666666666667,0.4579017937206112,23539.774573501232,231.3340030546802,53895.0,0
50.51189452969423,0.05714285714285714,0.46339433897365817,18239.132397997895,226.73739903844685,47797.0,0
50.30400621980902,0.05660377358490566,0.4687512879905561,28241.000178913855,225.38215508390732,62849.0,0
49.94599260178703,0.05660377358490566,0.4688608777017243,21061.110749246684,222.75451205829248,51408.0,0
49.193516972972375,0.05660377358490566,0.4720531186085536,18785.345152617116,218.18497170791602,49198.0,0
48.47127734008841,0.05660377358490566,0.4716225391271936,20986.53595824905,215.51799614587287,53874.0,0
48.23768711495973,0.05660377358490566,0.4717270809590135,18879.99237416232,212.38823631101636,50661.0,0
48.12408679993415,0.056074766355140186,0.47046708714711777,20091.84819764153,211.13473483090903,52745.0,0
47.12528424399072,0.04716981132075472,0.47224467424828365,16242.688469507728,207.47368438859215,48193.0,0
47.09235553757821,0.04672897196261682,0.47371547564411853,15665.745683415522,206.49688452297383,47419.0,0
46.87907606997177,0.046296296296296294,0.4758690987333156,22895.27358479896,205.19061832715946,58329.0,0
46.264235234322264,0.046296296296296294,0.47868000217153917,14563.44465893761,204.28998243853147,46970.0,0
45.86212790519784,0.046296296296296294,0.48135080512817724,22841.24934891346,202.00000670953912,59187.0,0
45.673192278297286,0.045871559633027525,0.48528228442688787,16450.590033135268,200.53855950155648,49760.0,0
45.05752609733149,0.045871559633027525,0.4889702736395632,18279.670354086375,197.0146092095293,53443.0,0
44.51197602382589,0.045871559633027525,0.4928769529559497,24246.185651815547,196.25513176000405,62895.0,0
44.03410232315736,0.045871559633027525,0.4990822466212524,24439.30326293773,195.33494199348056,63705.0,0
43.8058522999628,0.045454545454545456,0.49737924659622973,16690.42659158809,194.43405225500317,52479.0,0
43.61116514082995,0.045454545454545456,0.5046212787331643,18956.024781037508,193.02070240083822,55079.0,0
43.41079371719029,0.045454545454545456,0.5073525631163818,23914.558897302428,189.3382394813008,63914.0,0
45.15029155037924,0.05504587155963303,0.4980854093847222,23439.143353099866,207.23016441216754,65068.211414098354,1
45.35242184039829,0.06542056074766354,0.4943900655973964,22915.20531775126,220.98043326749607,65467.48383951513,1
47.47661538662023,0.0761904761904762,0.47811632891313754,21135.686573815812,230.7321680449571,63782.25665080369,1
50.204645945606565,0.07692307692307693,0.4691552522407977,20713.924754512278,237.39910947682858,64083.02830089085,1
51.60315587599984,0.08737864077669903,0.46376244351035806,18250.352280533672,246.09280271766764,62664.590187247166,1
52.7357259270157,0.09803921568627451,0.45850489205811157,16198.927847450395,266.2002115327763,61283.18142651747,1
53.99907496711278,0.11,0.4467556108743734,15766.182306942968,283.8760281665667,61280.990790202755,1
55.73294435186356,0.12121212121212122,0.440601042713791,14298.363901561377,291.724604257242,60507.78046140463,1
55.947982039093766,0.13541666666666666,0.43227550579523394,11771.137358312044,298.87802400632603,59437.48385756536,1
57.20904108831145,0.14736842105263157,0.4295043970889868,9873.094144928964,305.74135439117265,58019.870179323676,1
58.61414381439618,0.15789473684210525,0.42539014230733685,9580.380223306956,324.9904041671734,57083.13519739144,1
61.47074740918502,0.15789473684210525,0.42288263208977284,7471.080528557263,336.3177126410158,55980.88931280424,1
62.79511855431444,0.1702127659574468,0.4197689719011597,6282.264755036241,339.5500349816889,55452.66983637023,1
63.87981136677267,0.1827956989247312,0.4077949242534042,4829.094935605767,342.626779844488,54615.56912671597,1
64.76989310165987,0.17777777777777778,0.39029287284228625,3642.594311929351,347.06866927138566,53624.170730253565,1
67.4752248381889,0.19101123595505617,0.3860488231733494,2281.650115930998,364.8424053875364,53411.35658150443,1
70.11257016847657,0.20454545454545456,0.37969303328056153,1869.961313781254,383.1663833837914,52799.96015891044,1
72.09232913172356,0.21839080459770116,0.37096236581741104,-4438.194840896085,412.2968559444361,52450.228755743825,1
75.15274066935174,0.23529411764705882,0.3606929420272059,1862.7612445722416,446.81272068302223,50649.60952998273,1
78.35094583160168,0.25301204819277107,0.34530020765351754,-3850.8793911996327,483.49386464121733,50204.60216909985,1
82.2352442422027,0.2716049382716049,0.3317638048312361,-7510.946809709114,502.5942042540481,48721.69249136135,1
83.81935838025967,0.2839506172839506,0.3255159110400842,-6665.233009781126,529.7618005913193,49199.31819900145,1
88.78192192615488,0.3,0.32040510690547597,-1726.114848196222,555.0177741700852,48365.41000864429,1
92.41238497986915,0.3125,0.3123823018206072,-4478.227334260813,568.6218149086908,46958.851853283755,1
95.5196556138943,0.3291139240506329,0.30605622938958316,-8778.545669134326,584.0087466153685,45340.742622189624,1
98.24193568481279,0.34615384615384615,0.29639397910395415,-9161.102034644337,618.3443759232717,45889.50928735669,1
101.77119160939505,0.36363636363636365,0.28497074206054923,-3383.383111723914,634.4242901553886,45322.76537251032,1
109.46248465787095,0.3972602739726027,0.2599962435925145,-6001.380932545476,674.2601920073745,43134.909438422605,1
116.91137580724305,0.42857142857142855,0.2417475250153531,-7812.46565458786,722.0786784021773,43473.90158712389,1
125.39804238158038,0.4626865671641791,0.2276415599402037,-7560.116222222587,767.0439143247186,42911.08806739662,1
131.83684124539818,0.48484848484848486,0.21693398641546083,-10461.192512499374,799.890805282497,41966.25847155184,1
138.75296346412046,0.515625,0.2020517440000048,-10042.172886283353,845.3070547290515,40376.36052096504,1
144.7586790256259,0.532258064516129,0.18165563967028167,-5055.477374271907,896.1544391819183,39007.12541887945,1
148.9138949488519,0.5573770491803278,0.17593414365221974,-8118.342281080549,936.4685075441312,40019.26454785609,1
160.04588820289402,0.6140350877192983,0.15173076409156716,-16270.15925930225,1015.6207508130009,38971.29901683067,1
165.69599259429216,0.6428571428571429,0.14446152699081752,-10902.971948608425,1063.4981497355311,37648.339713109715,1
173.35778600299727,0.6851851851851852,0.12990860957485664,-10313.435997066017,1132.1017896728279,36068.59442764761,1
183.22371435323709,0.7307692307692307,0.1172752216171899,-10141.272408983099,1204.4827249734624,35557.77487334009,1
190.32124610801463,0.7647058823529411,0.11010179448925445,-8945.52898043571,1245.4756562677478,34893.05953332287,1
196.30423649584876,0.7843137254901961,0.10509876207164427,-9034.879576145691,1278.332193978406,33885.26151065268,1
208.1237334213461,0.8367346938775511,0.09250304035266585,-17692.36399915721,1341.786163523088,32731.569140284493,1
220.80507688755415,0.8936170212765957,0.07507909174781169,-20707.70832730907,1414.7264215289129,31856.229950015004,1
236.03220996752114,0.9555555555555556,0.058927545660578125,-15537.815434829052,1488.5138388492076,31845.926600346284,1
244.52995149134122,1.0,0.04731995676477288,-22914.826473169218,1567.4291631588885,31011.673192475162,1
244.1068084925926,1.0,0.04938485512217769,-24031.192923951752,1560.5741587952086,30517.16564378971,1
244.6066066411063,1.0,0.04913194940812633,-24011.30080834856,1558.4779874960443,29486.660118698917,1
246.83998084481456,1.0,0.04814745236068452,-22925.875321857886,1550.0899720088753,29689.223840922168,1
245.89267162521128,1.0,0.04820199440441115,-24224.63361949319,1551.4678165637488,28380.813203929873,1
242.94125370442808,1.0,0.047751632600003195,-24032.01424778005,1570.4968069942386,27041.052228573284,1
243.4467425695658,1.0,0.04713655713856598,-23332.549975322163,1585.4212295596246,26498.60971828089,1
244.80545418845108,1.0,0.04810458940165048,-24515.905827673538,1569.4876682560603,25349.503878581985,1
243.4589386450567,1.0,0.047672362702764835,-24257.354378431683,1549.902705878782,24787.58157000075,1
241.96420631511754,1.0,0.0484572233363487,-24917.65379997572,1540.7057389687004,23146.641505409047,1
244.2766045306954,1.0,0.04899633000947638,-23278.232863595953,1557.4135807261284,23451.480611622213,1
244.85922800530724,1.0,0.04896336497952882,-23379.397640485888,1559.6613676552652,21364.951211873187,1
243.5555004890798,1.0,0.048016344904056894,-22405.82965988407,1546.39637319812,22482.515535537295,1
245.01568433409813,1.0,0.049083313134049726,-22422.641555604405,1583.2967281671772,21526.588993692563,1
246.05635350923905,1.0,0.048959253061614125,-23593.916780375203,1573.5143884091772,19378.364980445083,1
245.31874064033158,1.0,0.04936845225804807,-23824.98250934269,1579.3633983936536,18414.018408772412,1
245.5442023416402,1.0,0.050571922206282,-23953.99455546619,1565.570212533359,17769.856858724826,1
247.4969483816954,1.0,0.05148507161667763,-24280.04977431844,1581.0490121307002,17570.214190037776,1
245.01824630298628,1.0,0.05034469019560354,-24788.350321841437,1578.269883549013,16435.283084588165,1
245.78807685263382,1.0,0.050189555374377026,-25283.086591732474,1579.9619129431435,15152.434079372719,1
247.71980137793093,1.0,0.05051340971572003,-23202.403869606627,1554.257242802323,16049.080907465153,1
250.64211021685514,1.0,0.051309120635248145,-24855.03605103453,1524.236789556568,13462.503472834605,1
249.85044699802094,1.0,0.05204652811657731,-24412.46651754028,1521.8506943902585,13738.715478472643,1
253.02542398573902,1.0,0.05196606608998685,-24201.284107572395,1529.8378969337741,13369.205700665505,1
253.3575214783292,1.0,0.0514704540399516,-23410.204414310945,1522.4166420108095,12268.209534442392,1
252.02516906637644,1.0,0.0522446770919937,-22951.577578578028,1543.047620545434,11324.13741023395,1
255.46147938941314,1.0,0.05330466573398513,-24648.940841854255,1577.032577253796,9673.07269307926,1
251.82114600637848,0.9782608695652174,0.05911725510407235,-23925.67113513656,1552.8273369284127,10446.14217496209,0
249.5960598574107,0.9565217391304348,0.06293733426431268,-23611.61933994578,1508.7932574310894,10726.938992124962,0
246.17002573096545,0.9361702127659575,0.06846139982493989,-22886.303075568627,1487.2924005982904,11393.160910760584,0
243.28897328128548,0.9148936170212766,0.07527865338832038,-20846.129433382117,1481.8648606352249,12580.716003308495,0
240.37012603230218,0.8958333333333334,0.07675944609136964,-20715.190094658697,1459.274277157824,12354.44082190872,0
237.0434535892928,0.8775510204081632,0.081266478365324,-20522.956185943465,1436.1910606060553,12351.413985404259,0
232.55337158347186,0.8571428571428571,0.08665227762985711,-20802.752813566385,1427.2444305358085,12946.39417326639,0
228.89744124318085,0.84,0.08860695116994846,-19173.750163987315,1401.94380155505,15102.43977394155,0
225.3479969911956,0.82,0.0935485226071639,-19070.985234581593,1379.9227375298149,15210.32485431193,0
221.7006304049881,0.803921568627451,0.09483354614415176,-18591.165350231833,1356.2878717356914,15658.395877659188,0
219.31933715504678,0.7884615384615384,0.09939909399289341,-18559.951048562714,1337.5781954312745,15515.304982695547,0
217.11742653961983,0.7735849056603774,0.10385925239673889,-17726.151989154474,1321.4714821022772,16382.770248841143,0
211.81783079698772,0.7547169811320755,0.10457110072310297,-16574.24686955207,1302.4026437686655,17257.148859924353,0
209.54085657366198,0.7407407407407407,0.10794514581861826,-16085.605102664249,1289.199712514688,17856.584979208714,0
205.05103165119672,0.7222222222222222,0.11113942294371358,-14187.251908481598,1262.3734803382217,19335.104010544113,0
202.03298226952646,0.7037037037037037,0.11676469989309085,-13031.339467436763,1240.6618142689317,19959.547070091437,0
199.3082013750459,0.6909090909090909,0.1200051711569387,-13450.511185236257,1228.1927219779204,19102.123331222643,0
197.36323118400142,0.6785714285714286,0.12299537503247274,-13114.42411253441,1213.9689348964296,19447.772406067656,0
194.82508239370978,0.6607142857142857,0.1245265125582705,-12349.696665596359,1183.8961499308987,21653.17544835674,0
192.95220158204282,0.6428571428571429,0.12650061480395797,-11360.62917558811,1157.9691164116684,22324.690403501423,0
190.68482720354663,0.631578947368421,0.1283377452641952,-11764.778504355105,1143.675217774009,21442.442780049154,0
188.2513727326539,0.6140350877192983,0.1350916123338343,-10709.911604188914,1127.147827572323,21880.722002913517,0
186.8341728299811,0.603448275862069,0.13708200497756368,-10320.4002203431,1116.5865621842606,22323.657921396003,0
183.95555581066674,0.5862068965517241,0.1382479025947173,-8075.037611292541,1088.8031374237287,24215.602797183707,0
182.64599839119523,0.576271186440678,0.14169472983942635,-7885.709835000596,1080.4685005288547,24323.625468925864,0
181.13432815614516,0.559322033898305,0.14604475822284158,-6738.588295631298,1053.5789341569111,25677.787038615705,0
179.415981954039,0.55,0.1457140488935883,-7004.467747471939,1040.980207633655,25143.130741088156,0
176.42041959498565,0.5333333333333333,0.1518870384068964,-5508.972794249094,1014.3644735199281,26738.068455409233,0
174.1786525978757,0.5245901639344263,0.15622013580328134,-6079.569729856985,1002.0839464207747,25820.49072076696,0
171.19768724692716,0.5081967213114754,0.16176334509653312,-4967.929107567281,992.016070563307,26489.53897997683,0
167.61427332268224,0.4918032786885246,0.1681337238050135,-3103.6909170630884,969.1734388842068,28168.784894777225,0
165.4835369780438,0.4838709677419355,0.17234290330400845,-2526.918960134006,960.6921700509602,28980.050624461222,0
162.25288142199537,0.46774193548387094,0.17354679263995348,-1295.8129408851917,957.0457205618075,29936.883091077438,0
158.93833823123938,0.45161290322580644,0.17948965652276927,-1657.3518747302091,948.7916685298146,29409.19270265608,0
157.15704441374845,0.4444444444444444,0.18201606622221206,-736.343229919321,937.7748034038719,30753.548611729635,0
156.09674563517024,0.4375,0.18256456368665447,-280.354625635494,926.1329553882217,31425.76144418524,0
152.7314990009506,0.421875,0.18916348813180742,761.4113638892852,919.7547775602155,32127.60570466048,0
152.02162001022538,0.4153846153846154,0.19194444781014275,902.6118063091013,913.0650605637817,32357.104498631772,0
150.4244223841078,0.4,0.19717487782902818,1086.453039704475,885.2857362808663,32130.919272790234,0
146.70223305296233,0.38461538461538464,0.2014281882889814,2558.3773890774246,858.9188130676981,33234.831650397115,0
145.01628736357628,0.3787878787878788,0.2011363404795882,3107.4141835893342,852.6059243180838,34090.672918251,0
143.86277892571323,0.373134328358209,0.20612165861386553,4062.430688917015,844.3027302743291,35546.121307034904,0
140.7698240848943,0.3582089552238806,0.20881996083755508,3529.901839573676,827.3626010395109,34913.65534531595,0
139.7578132680215,0.35294117647058826,0.21026275840221145,4312.026112979663,819.193862829855,36117.68013889129,0
137.2188945294144,0.3382352941176471,0.21506737609661844,6014.5295070018565,805.8551660114927,37311.968538680405,0
136.17477499702133,0.3333333333333333,0.21875909082083134,5540.613153793669,802.7557026430186,36687.816390929846,0
133.46404496943504,0.3188405797101449,0.22611249359565289,6496.557147779531,787.9363766885349,36681.05406819253,0
131.6272589556089,0.30434782608695654,0.23186475113199487,8136.551566782843,760.2796168057826,38402.871351958776,0
130.39218344699216,0.3,0.23232314537324153,7923.284998656351,752.8350992591913,38191.299272974786,0
130.09299289359447,0.29577464788732394,0.23433095751158597,8101.664683198272,746.3681346090709,38610.156517897536,0
127.73388682430142,0.28169014084507044,0.24011893334003676,9474.97746639442,726.2814425679675,39444.12817205103,0
123.92751886807342,0.2676056338028169,0.24938622707588615,11005.159513643208,710.6856844226145,40851.941960085576,0
122.89757555358509,0.2638888888888889,0.24726008505025077,11524.54005297646,709.0683659930924,41840.12897604599,0
121.14281116116344,0.25,0.2521152680747129,12790.038467845186,693.2329683808886,42001.90248869953,0
120.01512262956136,0.2465753424657534,0.2519801505649322,12304.965180487285,691.3889373471843,41497.7198135161,0
118.15749149636444,0.2328767123287671,0.26092461837963077,13785.282029858496,678.1456528446772,43653.33444275411,0
117.9645129056033,0.22972972972972974,0.26160315251710997,13798.21166834126,673.1843337084892,43857.81923780548,0
117.51507401296811,0.22666666666666666,0.2657541062913349,13600.342020002174,670.7496008508534,43678.85567550506,0
114.58281137241023,0.21333333333333335,0.26848933714423134,16255.885696825677,651.4940356869489,45279.54992320212,0
113.72043618273035,0.21052631578947367,0.2671381206882789,16630.335369188902,645.5865266950705,46227.085296705976,0
111.55085213275088,0.19736842105263158,0.2691608995004429,15520.52047557315,624.0214342310672,45534.182553274826,0
109.0145698863497,0.18421052631578946,0.27832641568468114,16648.49457098597,615.6455210558875,45758.46697801392,0
108.81996845301465,0.18181818181818182,0.2769290996258515,17334.22154524989,612.2423497389029,47154.2544558305,0
108.46779813026681,0.1794871794871795,0.27735194651571765,17508.18491917801,607.9317857222379,47589.14002057662,0
105.76629623044384,0.16666666666666666,0.28211148139753,19113.786574838014,583.6094551215695,47745.02387539655,0
105.20210522012567,0.16455696202531644,0.2841125440158353,19221.188416430243,583.4195747812387,48073.703081220105,0
102.79168889796898,0.1518987341772152,0.28640277083858084,20861.357489658974,573.2773915036282,49457.51580651146,0
101.2551642662165,0.13924050632911392,0.2910764767947566,21728.762141583753,565.1640655576429,50000.0,0
100.47801261357105,0.1375,0.2908364465495522,21579.69202486301,561.5779377110803,50000.0,0
97.84134077506403,0.125,0.2929261598303352,21919.840095973315,554.3236072873351,50000.0,0
96.90774375382017,0.12345679012345678,0.29754657885529434,20650.69162059445,549.385705736664,48237.0,0
93.97285262202024,0.1111111111111111,0.3039057411111649,24076.808499786912,526.6003077167787,51836.0,0
93.00085810492446,0.10975609756097561,0.306742520362362,31600.971676926936,521.8710931222384,63422.0,0
90.84774182890784,0.0975609756097561,0.31346236501352065,27340.078036223935,503.5728564779443,55203.0,0
90.2762884155565,0.0963855421686747,0.31326705572580876,31627.369954729587,498.7804579792413,61896.0,0
89.71305739432475,0.09523809523809523,0.3134663502313078,28535.959301270424,493.8195296388655,57652.0,0
88.76672760216563,0.09411764705882353,0.3173464621865581,21595.74771005457,489.59527848850036,47444.0,0
85.53087811225225,0.08235294117647059,0.32675750749371635,21765.50691781389,467.97873330649924,47736.0,0
84.96035158401791,0.08139534883720931,0.33047438189849176,32161.970782033102,463.5463024996472,63445.0,0
84.30629085353792,0.08045977011494253,0.33542211478930894,29784.229419331685,459.0293630677286,60330.0,0
83.76081624856185,0.07954545454545454,0.33650934332669186,32610.079803947516,455.0525833701658,64701.0,0
81.08407801269882,0.06818181818181818,0.3402465402744766,29926.254444098246,441.43965922858644,57805.0,0
80.34514190902702,0.06741573033707865,0.34120165099998273,33265.49400740613,437.551322929444,63022.0,0
79.94939718110986,0.06666666666666667,0.34182528697914377,27744.41744793955,433.7959604139521,55053.0,0
76.60735914407596,0.05555555555555555,0.3458787779559073,29221.590072442934,423.6732917991385,57308.0,0
75.99889195338035,0.054945054945054944,0.3500592074908103,34522.001585760554,419.4698442678428,65453.0,0
73.80402077145948,0.04395604395604396,0.3589141833275832,34210.0638076897,405.55244210455646,63817.0,0
73.2788619224014,0.043478260869565216,0.36377311508861143,26480.344381298353,402.4319432006218,52570.0,0
72.95721083315671,0.043010752688172046,0.36595441107731674,24490.21009747588,398.94020180522705,49926.0,0
70.0835265332894,0.03225806451612903,0.37652557698991923,34156.03232565224,376.9334885751986,62467.0,0
69.42443402949198,0.031914893617021274,0.37656503038801187,30018.982579201183,373.3981326572953,56754.0,0
68.84692783488657,0.031578947368421054,0.38205939357054797,25755.609246321994,370.1162923224298,50647.0,0
66.16344362566848,0.021052631578947368,0.3871587617182478,27611.12736702871,349.2821827050239,52258.0,0
65.91076501691805,0.020833333333333332,0.3898977697881331,29852.44472845198,346.5911883487138,55853.0,0
63.37929943681928,0.010416666666666666,0.39512942873432505,34578.51132918677,325.0341999183427,60787.0,0
63.09912645039766,0.010309278350515464,0.3968201292683605,29937.146158117157,322.12249007386333,54148.0,0
62.78673838076802,0.01020408163265306,0.3972947792253234,36043.94341093346,320.15443550159875,63459.0,0
62.39919810640406,0.010101010101010102,0.40085128615947563,31434.39746020263,317.9325210970572,56749.0,0
59.21377223024007,0.0,0.405409330719379,33138.9159859599,295.76182955125387,60104.0,0
58.67335119827014,0.0,0.40742202258543053,32269.23723471336,292.1439499031025,58780.0,0
58.04843588334324,0.0,0.40656091660784127,34678.445969992434,290.61688900239244,62873.0,0
57.633129727258165,0.0,0.40601353000190554,26497.65126870099,288.6652465026069,51001.0,0
56.859643013570796,0.0,0.40679793237409245,32358.873036546564,284.5422434222081,60838.0,0
56.303450488901106,0.0,0.40576066424335916,32156.99227662284,279.1450694444572,60011.0,0
56.06273342220494,0.0,0.4038052952885825,23543.4542109308,277.09580592410776,47654.0,0
54.91810170363012,0.0,0.40350874331410824,28056.50063141839,273.6705740925341,54688.0,0
54.53458557300675,0.0,0.4076777030324799,21546.720950958294,272.40755063605155,45147.0,0
54.31170598977874,0.0,0.4068188822636368,27467.32658720381,269.8831180572235,56234.0,0
54.006621291177794,0.0,0.41212161550590615,32491.361942894306,269.02139056675736,63769.0,0
53.52793896424775,0.0,0.41099606131782845,21387.217626543934,263.67372232219185,47726.0,0
53.13419952457432,0.0,0.41100001198751646,32439.75438016529,261.22195804120855,64506.0,0
52.28367782691279,0.0,0.40723310237779964,29995.95794726257,256.81639721876223,61766.0,0
52.02720936842053,0.0,0.40888367457689134,20380.451342124063,254.62009879726438,48295.0,0
51.30170359352166,0.0,0.41008176327745044,17491.58966042334,250.7519829935798,45787.0,0
51.12905782759686,0.0,0.4075877606032528,27912.147164274833,249.38390133119887,61657.0,0
50.799434240183885,0.01,0.40798148524066585,23186.67556456339,246.8317334801205,53575.0,0
50.642024336617595,0.01,0.40715743081412664,27786.669595227082,241.76133744703773,60988.0,0
50.11743065026065,0.01,0.41238588893719597,19502.930921093488,238.64623886945526,50674.0,0
49.97220760296117,0.009900990099009901,0.4148119166868671,24982.678998355575,237.54226643323167,59063.0,0
49.87976172532446,0.009900990099009901,0.4220928210089109,20070.163289293396,235.73770230144063,52022.0,0
49.79090576001768,0.00980392156862745,0.42441779282418485,15805.141216591073,234.8049543046331,46004.0,0
49.65605264265049,0.00980392156862745,0.4318064562014995,25479.742030346006,232.42606272169442,59336.0,0
49.36551246462008,0.00980392156862745,0.4354239649686856,20820.382963003347,229.48972691762216,52658.0,0
49.07782639711869,0.009708737864077669,0.4349262334811273,20196.460825673665,227.94580703846322,52047.0,0
48.883673514738575,0.009708737864077669,0.4340370991112783,26401.8534164258,225.3604355623466,61834.0,0
48.12963959763856,0.009708737864077669,0.43295101473837544,16207.484007345527,221.67707015840472,48489.0,0
47.643669656860666,0.009708737864077669,0.4374534472122512,27588.15714206236,220.42287159399484,65360.0,0
47.041822278988974,0.009708737864077669,0.43649942323542457,21860.330762483274,215.44309845552385,58081.0,0
46.76082939485487,0.009615384615384616,0.44096624007522633,25860.409521941383,214.2194966863014,64207.0,0
46.19377523704598,0.009615384615384616,0.4433003846921085,18610.483568389565,213.3127807347735,52848.0,0
45.75988663101051,0.009615384615384616,0.44989871353429317,24171.63894229181,210.86279268264667,62469.0,0
45.54416490338675,0.009523809523809525,0.4516734410813342,13411.84710560243,209.65681159485024,46706.0,0
45.22885437555962,0.009433962264150943,0.45350796602769367,15589.056840158597,208.71756572747523,50078.0,0
44.96099894010542,0.009433962264150943,0.45390975904069186,26371.528579934184,206.74242596740402,65348.0,0
44.89471797879349,0.009433962264150943,0.455231132783947,19344.85334190471,204.82225609436793,55462.0,0
44.63128767283878,0.009433962264150943,0.4572095557020106,14967.272614800742,202.25466832796928,50394.0,0
44.356756508983715,0.009345794392523364,0.45775925353426894,18729.513475144107,201.67009858722224,56087.0,0
43.61207458111312,0.009345794392523364,0.4564945509869929,21682.694259194603,198.47109657894336,61375.0,0
43.50649861381662,0.009345794392523364,0.46032073241712246,13899.856005817132,195.3745429507773,50461.0,0
43.43073226394267,0.009259259259259259,0.4631066453543055,17460.887873536776,194.20358475366623,55894.0,0
45.86366704009244,0.018518518518518517,0.4587992347090241,23625.892091789698,204.05616284761084,64718.73437377356,1
47.76372058107346,0.02830188679245283,0.44624311192637356,21923.730586009,217.32993318442504,64900.56380442192,1
49.06931817937157,0.038461538461538464,0.4360649122231677,20432.333683574016,230.9837648587997,63469.43432636366,1
51.824977498942054,0.047619047619047616,0.4313181850690992,19317.50888529308,245.55764031734913,62190.9731184178,1
54.95295225990914,0.057692307692307696,0.42843026564719716,17610.433654163757,249.1278177228921,61897.42678718536,1
55.94264227060218,0.06862745098039216,0.421275150156761,15724.452759258204,254.50726183512205,60639.42991016468,1
57.4754088746922,0.07920792079207921,0.40850887998161745,15664.300293415437,266.51127586845706,60138.11185534268,1
59.14892352461102,0.09,0.40301168629632866,14445.959593934582,282.84743157894803,59692.859314910995,1
61.472426190129035,0.10101010101010101,0.3973143443768367,12793.830347909001,299.30431851088366,58488.69773621412,1
63.08226762633631,0.11224489795918367,0.3902394266677767,10816.176166518706,315.80675600088716,57877.27343578549,1
64.3763188552128,0.12244897959183673,0.3899081604694082,10716.9490341707,323.7943495286794,57907.182142337864,1
66.49546483931137,0.13402061855670103,0.38535174445743015,9113.828617922003,335.40078403757303,57137.81372409676,1
67.78855897112736,0.14583333333333334,0.373656233969524,8825.68074000924,353.7995085834077,56880.616107138114,1
70.98808043693946,0.1595744680851064,0.36690984900133083,6054.529786963816,363.10858306337013,54548.70472340303,1
71.8468572575253,0.17204301075268819,0.36270190969212107,4282.697118961506,379.61261419291867,53515.236487351656,1
72.64640866945867,0.18681318681318682,0.3509338645041031,3980.7747049938243,399.7479651631403,54017.72274589973,1
73.79115936915977,0.2,0.3463724903248771,1307.6391694261788,412.54237588518583,51949.141145663234,1
77.83838368439865,0.21839080459770116,0.33638814385870464,129.92809133007637,431.76993296622004,52028.998682804595,1
79.55937382425257,0.22988505747126436,0.33192600225871094,-8587.895849505867,454.79379683554106,50619.45682194632,1
82.97740615613196,0.2441860465116279,0.3241582631660534,-7411.154435449734,466.3720235406233,50827.67784696578,1
87.511703120303,0.26506024096385544,0.31403874506355123,-9966.904973807457,493.4734878543745,48601.85662542381,1
88.950454009948,0.27710843373493976,0.3055702091907197,-7554.977306038111,521.9444353780053,49031.43866980285,1
92.26517523311534,0.2962962962962963,0.2932056332141099,-9827.946319235494,549.4053750123752,48351.96023742531,1
97.71375857852846,0.3246753246753247,0.2735103230091733,-3423.432629860175,601.5190480478474,47453.19401004875,1
101.01183178977038,0.34210526315789475,0.26278000934910756,-10563.386126173977,619.0351675264245,46646.7641037258,1
106.7000731405315,0.36486486486486486,0.2477535851316635,-3896.649427757168,665.3488431075247,46425.33103491947,1
114.04155407201952,0.4,0.2297822831115416,-8002.162848550583,732.5224556743092,44753.048936509695,1
122.68886098886615,0.43283582089552236,0.21340552009134137,-4191.623614206093,792.5190984455813,44735.96149301184,1
126.96073788461258,0.45454545454545453,0.20631826539474185,-11070.16314618502,834.8577274064164,43438.23837491316,1
130.8425980727817,0.47692307692307695,0.20241297659055532,-8952.378976503387,865.9425661570677,41344.50308992496,1
138.3099620460133,0.5079365079365079,0.18927680778442732,-15213.992138605441,905.916861397792,41146.32525422209,1
143.35122672256594,0.5238095238095238,0.18223169132378397,-4877.620239581323,931.2829295331919,40460.41271835978,1
149.3584287545208,0.5483870967741935,0.17628041094042438,-14980.168227643717,975.6667996453083,39508.92787322467,1
154.60906154050932,0.5737704918032787,0.16965008534934647,-4662.293198438002,1004.7748748448178,38854.98558956026,1
158.71767934010322,0.6,0.16310579110827125,-9895.436633018111,1054.1198031261563,38755.30487577199,1
163.13076178429586,0.6,0.1603218812653147,-15511.169607817857,1080.4600284714804,37808.9807629887,1
173.063878302139,0.6491228070175439,0.139700311849666,-5765.305008650277,1172.1259497949552,37412.765523928574,1
183.3748560807777,0.6909090909090909,0.12179906627168792,-10213.820471938187,1248.7100206697137,36788.87759071445,1
195.17660803514875,0.7358490566037735,0.11019321301630068,-19945.121862726377,1323.7864872623213,35467.262727825946,1
201.13381869103725,0.7547169811320755,0.1080262001090476,-16054.632807241427,1352.0136810906224,34013.21410443604,1
213.2913408348826,0.803921568627451,0.09560788279826382,-18823.580280166374,1415.2779812404692,34330.46147260745,1
227.67511643148433,0.875,0.07517923184964084,-15082.390896547313,1539.7144556979,32910.806616036345,1
240.545681433718,0.9347826086956522,0.06327287523668361,-19489.425427936127,1629.0019674259765,32462.84101362926,1
256.3391793569339,1.0,0.04952163288069214,-22740.780335301537,1734.8737774196334,30961.36114587119,1
252.20390992633986,1.0,0.04928017981967753,-23066.26451622074,1729.3544213805226,30518.474848915383,1
250.3801568019564,1.0,0.04934460320716995,-22855.64789177201,1707.6749737672012,29393.88817104341,1
247.32442074097813,1.0,0.04886804244056285,-22280.705016551772,1681.149926576272,28650.56588042704,1
244.19362781291235,1.0,0.05008149023149321,-21732.318483504823,1708.792388529877,28437.674679450938,1
247.63028188264596,1.0,0.050005263664745586,-21842.21272718187,1714.5198511635167,27898.90504351231,1
247.8369141992581,1.0,0.050448869111486536,-23086.169685202836,1698.5884679117648,25589.99418193312,1
246.64424507689438,1.0,0.05093580560277429,-22891.183304055834,1687.9774847912367,25433.25224707386,1
244.1874342481157,1.0,0.049075105399203116,-21658.321658815406,1680.451052300203,25713.135026821466,1
243.51646205827862,1.0,0.04905245320309473,-22498.027184807677,1655.4972454443669,24572.323047285317,1
243.7956194256694,1.0,0.05039235167851648,-23511.73135292135,1637.777434285322,22664.093056034853,1
243.310092211571,1.0,0.05103554601051365,-22714.68927948497,1631.6055366245193,23198.10932004129,1
241.97410967945896,1.0,0.05076083160152989,-23419.74743526794,1633.4648661820063,22214.7903557086,1
242.62899747355843,1.0,0.05126490784185588,-22558.367846073914,1644.6497419361665,21190.510557706424,1
242.52483766549648,1.0,0.05126036462708281,-22854.541656779093,1666.4372551081435,19687.545303372168,1
244.29304694978774,1.0,0.05237967751385412,-23881.036853182064,1666.636785908838,18973.749514153827,1
246.49284111196613,1.0,0.051781985825473685,-22336.004185986923,1642.7665178665034,18935.567233290836,1
245.60801915578938,1.0,0.05210259564690471,-22664.787534443763,1634.7142248621303,18074.58436075465,1
248.3251829231286,1.0,0.053718136014180816,-23676.706808925792,1625.2140718163716,16944.64911615232,1
245.8768159681686,1.0,0.05299549042161694,-23447.210653727016,1624.9457442756034,15960.645682401855,1
247.00629303076127,1.0,0.05287587638730736,-24383.015236852803,1605.7289483241393,14918.028830160263,1
248.67700768995613,1.0,0.05253963883577215,-23024.208229043255,1612.7224615721827,14711.251226192377,1
248.66613707274934,1.0,0.05036680976645332,-23671.03417879656,1605.70336046009,13719.557049644038,1
250.30918106007823,1.0,0.051953072697315354,-24169.01632037517,1588.2897260560067,12244.329382721786,1
255.11419741608705,1.0,0.05328882927206452,-23731.267747812784,1581.2259812775844,11682.789123081726,1
254.40388263034484,1.0,0.05341101912318861,-23768.519676847234,1586.5875634741046,11173.297173171175,1
253.73100355060575,1.0,0.054706462705746854,-23436.065088740696,1591.5141537330428,11296.806136254105,1
250.04739285081652,0.9777777777777777,0.060422137831369904,-23871.477152853524,1550.6098573216825,9670.093462649515,0
246.30828821918618,0.9565217391304348,0.0619578383499644,-22792.807308593558,1520.777345589792,10814.272390042019,0
243.52307481645968,0.9347826086956522,0.06892610365001248,-22565.830155924577,1477.9194817665273,11823.934644176967,0
239.45480832241458,0.9361702127659575,0.07380331872869583,-22882.27361349477,1451.2250515987107,11075.108235149142,0
236.64125845462334,0.9166666666666666,0.07595331767602313,-21238.58095904269,1432.4949714196252,13247.750078240842,0
233.9708265419045,0.9183673469387755,0.0801688251339071,-20940.622696255698,1406.8647300621355,13336.8438326627,0
228.4329895887508,0.8979591836734694,0.08478814902367615,-20623.417160281027,1366.4939204001641,12909.36889931715,0
225.7146020863377,0.88,0.088530278049221,-19305.073906705944,1348.3543808423274,14661.055591145914,0
223.91593397202865,0.86,0.08918817688229315,-17674.594961212155,1310.9900788840876,15318.977193937055,0
221.28701224992744,0.8431372549019608,0.09192918164793461,-17115.546972017557,1296.4677271132105,15731.835560001275,0
218.755428942982,0.8235294117647058,0.09581469779403826,-17081.559829976442,1282.4551664338442,15975.034721131253,0
215.90316120602145,0.8076923076923077,0.10055988646053389,-16601.386787825544,1268.6880241956226,16444.96585365757,0
211.874553598433,0.7884615384615384,0.1018365640555315,-15805.894422447835,1249.6212815357346,16986.687984800632,0
206.0880612337118,0.7884615384615384,0.10684204717168808,-14879.879052410897,1226.7568046490264,17498.716091489267,0
203.34747925582894,0.7735849056603774,0.11111144757320975,-14196.362326404706,1208.7986089409908,18230.121603232288,0
198.18562225786494,0.7547169811320755,0.11752881321441115,-13558.61939941873,1179.4554154110076,18786.226566018377,0
195.60277945790733,0.7407407407407407,0.12043409642558373,-12614.309890213828,1168.4775611648922,19934.688047607895,0
192.9370290788089,0.7407407407407407,0.12829971177989796,-12890.066755284124,1157.7015117486474,19816.609613490153,0
190.35752076797263,0.7454545454545455,0.12821267455117583,-12719.296343832617,1139.8981313718143,19873.08439815913,0
188.8217239868763,0.7272727272727273,0.13129706075579023,-10936.67686122419,1106.8075945488436,21536.040764866666,0
186.22159239239915,0.7142857142857143,0.13245811550379497,-10445.419043666998,1095.2256981587855,22169.175982336845,0
181.8577293287083,0.6964285714285714,0.13831243066388646,-9788.230236163632,1072.2350244760974,23067.043175551993,0
179.34805237227263,0.6842105263157895,0.13896929449975223,-9538.846912424431,1057.167616301379,23221.316370093427,0
176.98031800126205,0.6666666666666666,0.14495273476497697,-8345.15452257929,1020.4055576721814,24565.2847684965,0
175.69747884930587,0.6551724137931034,0.14636078538528172,-8865.135405162477,1006.6452390355936,23631.042387351874,0
171.43507085684485,0.6379310344827587,0.15169751118405178,-7382.356349304128,980.5329890449336,24745.783651912934,0
169.63778506998722,0.6271186440677966,0.1531847205012587,-7253.207420008305,970.6415620268224,24834.098541695246,0
167.92253107981523,0.6166666666666667,0.15351279990382397,-6138.442149042722,963.2372366567392,26352.896039440446,0
163.60830137779615,0.6,0.1548848798095779,-4770.2592891361,938.8486698802212,26932.706756762607,0
159.0617519424625,0.5833333333333334,0.1591346862712689,-4588.701504150769,918.6843689746166,27565.46191336196,0
157.9583858382357,0.5737704918032787,0.16078564526892503,-3978.603859004315,910.0671867902746,28402.80225876342,0
154.4256624047539,0.5573770491803278,0.16428394650724687,-2529.8135055501148,899.9375487396859,29191.509573573618,0
153.32325289011308,0.5483870967741935,0.16432253802806124,-2048.266044006326,893.0137034206135,29850.6207589882,0
152.4623964729502,0.532258064516129,0.16684850439665533,-1786.609528866357,864.9324294319184,29800.32457250216,0
150.77670468798138,0.5161290322580645,0.17100729839924747,103.86723907508389,846.0509926880055,31113.64467075389,0
149.21754105332906,0.5079365079365079,0.17067161030194275,654.4382229848926,838.9416508061522,31933.388488205874,0
145.84437132495228,0.49206349206349204,0.17441745453580115,866.7488052567141,815.6596659554588,31784.79534498363,0
145.00790036621322,0.5,0.17454031545125948,1517.9476661227836,810.8739689993428,32768.032001913816,0
143.81615521459102,0.49230769230769234,0.176559035963475,1287.1217105625506,806.6862738448704,32442.98600610771,0
142.22004283728091,0.47692307692307695,0.18217394715922117,2196.016739915762,793.6653293713919,32620.830916565043,0
141.34063931633705,0.4696969696969697,0.18293824545690282,2678.574297758208,790.4050462199792,33395.711281571486,0
139.096233165429,0.45454545454545453,0.18958165368631955,4627.133006038438,782.8948483482776,35438.46539260554,0
138.04418312823643,0.44776119402985076,0.18879707924943345,4266.064645077293,776.9578415384412,34979.4429957969,0
135.14988269776777,0.43283582089552236,0.19398421497884952,4873.550001565446,763.8462651053526,35633.02673735178,0
134.58917282654596,0.4264705882352941,0.1973503818010446,5042.031222373192,754.9462841780751,35960.62108607026,0
132.88354235780412,0.4117647058823529,0.2031504586276927,6565.450214517885,734.0446533821771,37547.29954915896,0
132.12267258232683,0.4057971014492754,0.20438502286626858,6119.108691895295,728.2163373351583,37014.05120135312,0
127.75308819980101,0.391304347826087,0.20621578995746861,8027.120465170964,716.6849052090049,37519.04786779196,0
125.15854373338473,0.37681159420289856,0.21114476919364533,8549.525639673482,708.6116862928288,38123.87270675678,0
124.40695688414414,0.37142857142857144,0.21325672933428202,9929.75383485562,702.4832230054151,40292.6308547359,0
122.66096994408339,0.35714285714285715,0.2162057364205359,9564.858908406546,687.2996488679222,39788.057560367706,0
121.57016857607698,0.352112676056338,0.21716835949825364,10208.364868785553,685.8649528688081,40834.997863637,0
119.00207961893304,0.3380281690140845,0.21774398126005257,11636.351192251468,666.7243382422356,41841.73338284583,0
117.95140812025268,0.3333333333333333,0.2227691850177042,11134.88008297338,664.167831928971,41193.78028778007,0
115.73935404584657,0.3194444444444444,0.22164975730619005,12643.634967240267,652.1971058618271,41624.37533212027,0
113.4472703907417,0.3055555555555556,0.22456152638708674,13048.505196196586,646.7782940329164,42683.80661161871,0
112.60223838821967,0.2916666666666667,0.2265241352127427,14513.044851407514,638.5028014883306,43817.126045998026,0
111.8522538931441,0.2876712328767123,0.23066777835462268,14904.114633566487,633.6600904353888,44555.34746542108,0
110.4867747010959,0.273972602739726,0.23769760574109078,16639.928169666586,613.2935800634656,45534.193630961025,0
109.87229797642723,0.28378378378378377,0.23731002091611572,16634.875296281112,610.8511885941787,45788.61786659243,0
107.40382808986524,0.2702702702702703,0.24269979075314357,18025.25430168882,582.106650407684,46049.14966654267,0
106.80036920310923,0.26666666666666666,0.24250024979762513,17992.066736138444,576.3564774894878,46323.19604461506,0
105.89857840642398,0.2631578947368421,0.24506143225502694,18371.615977625628,574.5206188346694,47075.83171401016,0
102.54146703417636,0.25,0.24604358415824287,19338.155508939737,554.6511920206673,47713.01786357392,0
100.29335723097925,0.23684210526315788,0.25541349546772446,20130.183996646014,532.7805714133699,48220.994125241974,0
99.60354425120643,0.23376623376623376,0.2584048497487697,20285.687790764285,532.1645148087172,48837.868330834644,0
99.38476182556941,0.23076923076923078,0.2614209730826289,20923.237288041608,527.6676972434394,50000.0,0
96.67894032739501,0.23076923076923078,0.26612142115348286,21486.325745118054,517.8942390797636,50000.0,0
95.30937683083499,0.23076923076923078,0.2720466771214872,22356.300639010486,505.1460221597495,50000.0,0
95.00047498615548,0.22784810126582278,0.27211568526639196,22107.393621284453,504.2795767270949,50000.0,0
91.57444971469381,0.21518987341772153,0.278736500898261,24965.97515638438,489.9724792784473,53057.0,0
90.84648026803973,0.2125,0.28140072916542636,32806.27903722012,484.8269135197027,64899.0,0
88.92162058613746,0.2,0.2887389037326725,26831.365312899303,464.0938017252344,54451.0,0
88.14686297419152,0.19753086419753085,0.2950070463029169,22416.149009834473,459.3674385697142,48098.0,0
87.58624346033113,0.1951219512195122,0.2992691003999482,25991.53554306636,454.6520623038845,53740.0,0
86.89348807050787,0.1927710843373494,0.3057840280742753,26823.2932037764,450.6054841826273,55147.0,0
84.58859617591035,0.1927710843373494,0.3112310171282724,21400.27434975816,437.19199350218327,46375.0,0
83.73663092672928,0.19047619047619047,0.3106204374435673,29436.62027336682,433.42390817145446,58756.0,0
80.0933552936905,0.17857142857142858,0.32029797978002916,32104.730483189334,421.51623858921465,60953.0,0
79.38737965376298,0.17647058823529413,0.32127490878098175,32006.03983222105,417.07288916344163,61091.0,0
78.71153463695427,0.1744186046511628,0.3261458387818357,21548.863843347004,413.7943066437183,45725.0,0
77.98807153180597,0.1724137931034483,0.327502124268632,24028.766753771575,409.6535190544991,49588.0,0
75.13073709769954,0.16091954022988506,0.3350935772257655,28877.09563157171,400.0217480484111,54814.0,0
74.66879632891447,0.1590909090909091,0.3351558177078158,27425.97817939092,396.91077647313904,52956.0,0
73.9361829844768,0.15730337078651685,0.3401188919643975,22359.944073406816,393.1635091629303,45549.0,0
71.65451293743597,0.14606741573033707,0.3503836824321058,26962.12009668192,375.55553914134236,51021.0,0
71.03906384023699,0.14444444444444443,0.3530852223055597,36302.373442845004,372.30609717668017,65334.0,0
70.45774199647667,0.14285714285714285,0.35422699039553424,35569.46694586841,369.15335448408246,64712.0,0
67.13360341358835,0.13186813186813187,0.3673892629945319,27934.560712547183,350.18040277530145,51882.0,0
66.7699822664914,0.13043478260869565,0.36772876634302204,33347.45449476233,347.7538424714869,60022.0,0
66.45196059155961,0.12903225806451613,0.36547640407763976,33599.55357667612,345.1483765652196,60991.0,0
64.55523318745611,0.11827956989247312,0.36793329376059863,25512.87785573116,333.263355867185,49167.0,0
64.21554202482376,0.11702127659574468,0.36863012520005406,25190.66633732376,330.9037958825468,48963.0,0
62.13876738586973,0.10638297872340426,0.3713783120230693,36340.16097182385,312.6303001793136,63870.0,0
61.83207782427494,0.10526315789473684,0.3773654740412961,25001.168120445913,310.983876878937,47113.0,0
60.87188740050174,0.10526315789473684,0.38115516532858346,27176.34848966443,305.84053095871695,51198.0,0
60.41021335400061,0.10416666666666667,0.38201315047551543,24942.358582688546,304.2692048526325,48226.0,0
60.021777348160356,0.10416666666666667,0.38615638908603855,33939.88266332168,303.65251109417414,62704.0,0
59.277628578961114,0.09473684210526316,0.37938327335708066,25819.34406457092,300.56897754799024,51792.0,0
58.371938999776944,0.09473684210526316,0.3829136463901366,23467.780349856414,295.3489490844292,48304.0,0
58.15114177999467,0.09375,0.38878655760317454,24066.7874717749,293.6664757678677,49363.0,0
57.282285255600264,0.08421052631578947,0.38134796950709865,25571.406840841704,292.9994611420392,52874.0,0
56.26537049300257,0.0851063829787234,0.3857374241542806,32994.48089871399,288.7021263969656,64484.0,0
56.044669413067076,0.08421052631578947,0.38761263922336375,29980.130752619487,286.5695019211074,60583.0,0
55.55901190659412,0.0851063829787234,0.38837865351649115,31319.57963052397,278.6347080450667,62985.0,0
55.210328195586406,0.08421052631578947,0.3899847202076503,27013.927551390654,276.8246019155716,56748.0,0
54.787561853116415,0.08333333333333333,0.39370440417053837,27943.642630038416,275.27167647847955,58309.0,0
54.36722393992371,0.08333333333333333,0.3970639039075034,23382.066962656052,269.9708412903197,51759.0,0
53.83040379674438,0.08333333333333333,0.4005450735663552,26774.96342036877,269.32615500514027,57145.0,0
53.69439843408417,0.08247422680412371,0.40302921324358787,26824.53247046207,267.70111538239445,57407.0,0
53.73485239097616,0.07216494845360824,0.4057480254897014,21493.04286676797,263.3767643754455,50199.0,0
53.34508647151627,0.07216494845360824,0.4060366474896053,23216.96596275147,261.03793942374216,53179.0,0
53.17460555259776,0.07142857142857142,0.4079986715173168,26485.079832667336,259.45525102182205,58313.0,0
52.78257799246594,0.0707070707070707,0.4087713859390917,18162.34711550335,257.6073674702599,45989.0,0
52.606128369226944,0.0707070707070707,0.4076603092432388,26764.910866436545,255.52330797228407,59824.0,0
52.17340949106834,0.07,0.40795033146048737,28094.16770973564,253.42541035313116,62010.0,0
51.64770133311599,0.06060606060606061,0.401639069577066,26588.03652682597,247.37237186314272,59505.0,0
51.28104768507115,0.06,0.40369925917125515,28695.051615974968,245.66199575028418,62892.0,0
51.00093053301955,0.05,0.4059745453602386,26412.566997819646,244.6902130842456,61097.0,0
50.50926387145908,0.050505050505050504,0.4048021887895047,26424.640345262582,239.796998263689,62462.0,0
50.049772559403735,0.050505050505050504,0.4097133120605447,20301.771501494488,236.63357269013673,53329.0,0
49.741214044606494,0.050505050505050504,0.41369902353240334,23092.49403168843,235.78803016402367,58688.0,0
49.46440084242427,0.05,0.41690490723978535,19811.32766559666,234.39390807143826,54041.0,0
49.4061098658479,0.04950495049504951,0.4216329405236984,13844.862186725792,233.19458053795518,45306.0,0
48.88962223307127,0.04950495049504951,0.4221175778413998,27444.99511473366,231.47492216554312,64682.0,0
48.24114336736867,0.04950495049504951,0.4260595651654461,17273.90325976259,229.80913192782108,50425.0,0
47.5198413745818,0.04950495049504951,0.42996703331195807,14284.329618167858,225.2068131211218,46094.0,0
47.08790433940442,0.04950495049504951,0.4319805896520811,21983.162744774607,222.0644307616762,58933.0,0
46.84080375508431,0.049019607843137254,0.4341221189512695,21377.416436821917,220.28235510370516,58358.0,0
46.44845370869705,0.049019607843137254,0.4356354327388147,14164.496055183878,216.16965222820963,48127.0,0
46.20018133501415,0.049019607843137254,0.443738125114322,24420.89048059689,214.3405903404355,63746.0,0
46.15938251697475,0.04854368932038835,0.4463662182933475,12865.191244036841,212.99528638633575,46701.0,0
45.87745963016507,0.04854368932038835,0.44602782647486455,19786.617855441982,210.07516535991581,57836.0,0
45.075748728490716,0.04854368932038835,0.4517616078724465,23301.044563640386,207.51976182441632,63602.0,0
44.871589643785256,0.04807692307692308,0.45154218065109397,22802.502614102526,206.11729060997328,63112.0,0
44.23881930196251,0.04807692307692308,0.45386630136011646,11723.246812525105,205.29114073826005,47233.0,0
43.73906446232536,0.04807692307692308,0.4546392087187607,13672.714124720505,201.71437679555626,50052.0,0
43.556820341430736,0.047619047619047616,0.4547683060102649,19273.965293053952,200.80030643039188,58479.0,0
42.937723958679534,0.047619047619047616,0.4570323017183727,21739.345313534286,198.83303298679033,63270.0,0
42.954676679838784,0.04716981132075472,0.46064827121654023,16466.726978711824,198.13963876185778,55650.0,0
43.50723890583251,0.05714285714285714,0.4575737563189432,22581.36876078863,210.5082457846576,65506.002880685846,1
45.857076258503156,0.06666666666666667,0.45495368221036253,21880.9081093626,230.96016761142585,65570.2272652647,1
46.90907242146811,0.06796116504854369,0.45375403476703213,20496.050045998436,229.2961059280117,63655.96859006008,1
49.47484499699706,0.07766990291262135,0.4445945725599673,18265.32236172682,235.81735070530604,62750.18022884386,1
51.885208572068024,0.08823529411764706,0.4434833327473098,17418.035711449375,253.14883683657058,61513.39083749489,1
52.811653953801745,0.09803921568627451,0.4399945107759542,17656.548669738655,273.5511110473265,62204.67935228712,1
53.34724896976516,0.10891089108910891,0.43106575633107885,15782.651627975029,288.29836690179303,60452.29030472692,1
55.65734748660697,0.1188118811881188,0.42498238673492544,15219.724634342288,305.4107227939029,60262.914490214884,1
56.64907205344765,0.13131313131313133,0.42076977510838676,12472.962383520615,316.19482969563677,58196.01015338128,1
58.43157711429538,0.14,0.41486015044676167,11745.701128183802,325.55998339999763,57384.12278982026,1
60.29075212611014,0.15306122448979592,0.41067623298781053,10981.40964033904,327.49120966349807,57618.02112065001,1
62.48060778674431,0.16494845360824742,0.40802523256756434,9354.116683293008,348.74736291047634,56510.17012512171,1
64.01719813948982,0.17525773195876287,0.402052820398639,8419.812330323224,364.7653951129234,56368.28606349169,1
65.17694583191471,0.18947368421052632,0.39154868668063564,6090.414311315677,375.4820612773391,54898.06034108129,1
67.01894924417549,0.19148936170212766,0.3846627882203178,4887.4157936891015,391.73250974118514,53645.550475096024,1
69.51715403883755,0.20652173913043478,0.37790635225124325,4168.295119586492,408.42133999235335,54451.95562818691,1
71.4736347782385,0.21739130434782608,0.37282575380835264,2922.287205754559,426.0914999700202,53203.37604373811,1
74.55663682434312,0.23076923076923078,0.36245634601897747,1459.0530367460801,434.9621465328143,52185.502015375685,1
76.39330790261722,0.2222222222222222,0.35593237057671434,1001.3565085756572,453.77008887481713,51486.678024070505,1
79.69394572687779,0.23595505617977527,0.3439193660626789,-10240.77298668937,468.4648799120438,49560.68068663471,1
84.04799990465357,0.25287356321839083,0.32854840609741276,-3326.70754849597,493.2090244682821,48750.08660174988,1
86.9111418374539,0.25882352941176473,0.3128322604246994,-6586.929145821787,518.954126674986,48891.61690383735,1
92.14408904248477,0.27710843373493976,0.30299750427776634,1038.3494703946265,537.8896452757352,47277.36923292215,1
98.64646333156303,0.3037974683544304,0.28196545817136154,-2615.9967633554347,585.9606844411363,47110.180955656186,1
102.11600637988774,0.31645569620253167,0.2785484175697318,-12844.53723187231,611.0495594929365,46136.85276531297,1
107.11266238222194,0.33766233766233766,0.26058370072536313,-9711.963398360007,644.8637704239464,45463.132059803815,1
112.09574415499695,0.35526315789473684,0.2597056325840631,-2898.5936138232346,667.3850227806784,44865.790197940085,1
115.62151770860149,0.37333333333333335,0.2506752530560913,-13553.170306655398,703.8247222784798,43639.5584592535,1
121.21726198076537,0.4027777777777778,0.23049805035697057,-12521.389239661961,740.5632109359883,44025.949151483335,1
128.40567711088673,0.42857142857142855,0.21731441151870015,-4059.758316793199,787.8425067555088,43297.79077180334,1
131.66245503347278,0.4492753623188406,0.20933427993278306,-15705.711118683988,808.0126966249816,41202.23921898509,1
135.80643096163718,0.47058823529411764,0.19801158647670125,-14817.60268597145,832.1517874787721,40929.3161738096,1
143.46351416974744,0.5076923076923077,0.17909529474565106,-11156.574541543578,884.1515536169303,40510.49032620631,1
148.2737164487604,0.53125,0.17231443027886797,-7286.321731685768,916.2825425850117,39322.6124130509,1
157.57202146792713,0.5737704918032787,0.15436752866579803,-14051.9821569266,975.4518717802775,38890.88119751706,1
169.6818556939237,0.6206896551724138,0.1439240880326526,-16354.69486504576,1057.6394700481244,36761.10529206501,1
177.0761341957027,0.6491228070175439,0.13848454943860344,-10678.032879672855,1113.189998408957,37440.78176934928,1
186.53823538380337,0.6909090909090909,0.12173048279457765,-6098.752720798594,1163.8276850693733,36177.696881341864,1
199.32831452877556,0.75,0.09829564984526046,-15347.64273455443,1255.0028447824564,36034.490285459025,1
203.35290234577553,0.7692307692307693,0.09547753655075099,-15565.603993706449,1282.081726549978,35080.07221793994,1
216.6413545859894,0.8367346938775511,0.07543167963977698,-15995.551514512938,1375.7758587767466,33941.81186495443,1
228.57007767207338,0.8936170212765957,0.0638935726314426,-9476.551270492262,1473.5600676996237,33039.58408926175,1
242.9069214738538,0.9555555555555556,0.05649397495440866,-21646.36848011867,1581.045436635772,30961.744266241083,1
254.36931290015866,1.0,0.04863195854880071,-23494.592476723297,1652.6615876377336,31255.42614196942,1
254.626175350046,1.0,0.04822511918502662,-24075.588332397718,1636.1057217602972,30008.83649889768,1
250.76588019563778,1.0,0.04861510381317785,-23077.02088079481,1621.9268551055518,29474.61363563878,1
252.87242323593748,1.0,0.048881476999790195,-22800.901711061753,1632.2623219020816,28982.729284710833,1
248.38131413381373,1.0,0.048844047556996485,-22593.256910910422,1634.087370269606,28031.51556229394,1
249.01106645751153,1.0,0.04769286884417785,-23011.135277838504,1603.6987492510996,26535.463645044772,1
251.38616579336642,1.0,0.04678047905456185,-23456.429092698538,1597.0346824704923,25380.482926878347,1
248.8782652821584,1.0,0.04797170822479363,-22218.476799647,1593.3734181953532,25156.1764757379,1
251.5979867104099,1.0,0.04703930940051491,-21657.896945359826,1605.0884612618727,24996.25140861935,1
252.45861100385133,1.0,0.04687828116112861,-21804.136806821825,1640.430855070795,24465.099951165907,1
251.57938368833393,1.0,0.04755008232251533,-22253.611226058747,1641.5900130228376,23282.301299749077,1
251.89144649715521,1.0,0.0478721560215678,-22284.913787456917,1631.9635677291662,22264.02573750014,1
250.8319851521247,1.0,0.04701204573349024,-21472.3961105344,1617.721583511126,22170.515988029663,1
252.32466460900824,1.0,0.04752314459253759,-22835.161779557755,1627.627507661875,21074.07856522254,1
253.20980630951115,1.0,0.04819043240754084,-23135.469134529194,1632.5161846580963,19862.843289287695,1
252.77107088547035,1.0,0.04825236630733006,-22513.546025254876,1613.8534956725864,18819.496851947006,1
251.15357108672674,1.0,0.04666410721790564,-21573.95948822622,1609.3390064600749,19286.70206783023,1
247.96322097198367,1.0,0.04608015999846181,-21640.808510578772,1613.3412255886549,16811.219522369745,1
247.41962893387978,1.0,0.04737156697963691,-21898.201361085197,1619.4802319263886,16644.03413745,1
250.0944581391283,1.0,0.04674198607750333,-21611.193562808086,1642.3286234055731,15290.093104556656,1
250.28749884784656,1.0,0.0481175694069576,-21915.845274326257,1651.5593148143405,15220.377675082524,1
248.8738476976901,1.0,0.04851800913750329,-21755.157534045084,1652.8428912543275,14937.054087261971,1
248.14387218607757,1.0,0.049042827203010585,-21886.680611817552,1657.0459591332283,13708.588517947504,1
245.62782766633467,1.0,0.04863123612308327,-21704.268471517695,1634.690145733234,13686.355683795804,1
247.9532561493474,1.0,0.04810487826113734,-22757.789594970447,1616.9711562887671,11129.014422589378,1
248.12792067839078,1.0,0.04864266866286762,-21531.922417110534,1634.203123779743,11644.452206030934,1
248.84763400975555,1.0,0.050503212243862054,-22394.889200105696,1626.1012640252316,10832.182824929449,1
246.21651910222596,0.9761904761904762,0.052719614490566516,-22199.569620091042,1606.0456388516745,10769.62510550002,0
242.40534109668522,0.9534883720930233,0.05569803293465351,-21519.863792403827,1579.413985902875,11553.904748786155,0
238.92407299859244,0.9318181818181818,0.060976276484909546,-21484.503187070808,1552.7609951434983,11358.693188769219,0
234.68558120974404,0.9111111111111111,0.0629418841460868,-20934.761836821126,1524.0913945160844,11982.400023639244,0
229.31186332113117,0.8888888888888888,0.06421994334481322,-18773.303184539644,1483.0732497717156,13169.130056642374,0
227.31159334492966,0.8666666666666667,0.07047798580493642,-19647.684549003374,1467.6338255160856,12063.567164286806,0
224.69988131608636,0.8478260869565217,0.07169599265156515,-18056.28418651154,1444.2867415673668,14231.721186233546,0
221.79267069622617,0.8297872340425532,0.07643759490596372,-17321.193414896523,1424.9582309115187,15034.631544575846,0
218.7650512053575,0.8085106382978723,0.08207632047210205,-16879.78845626408,1411.1680012742677,15772.10071336732,0
216.37284067590986,0.7916666666666666,0.08730391445151323,-16750.71302975373,1389.8162600299365,15748.942870410325,0
213.22752364761084,0.7755102040816326,0.08795088823683274,-16296.358576515848,1365.855628582587,16258.344337421022,0
209.9357426197506,0.7551020408163265,0.09066266990822854,-15334.60261688523,1348.540655485462,16643.088439465744,0
206.55055679059998,0.74,0.09591294603201486,-14567.338773825993,1326.7817045726695,17506.448609950487,0
202.95734157727375,0.72,0.09727192859125529,-14796.69516655208,1305.1490846306629,17040.823071758743,0
200.71277036720508,0.7058823529411765,0.09805360983069239,-14189.693646039326,1283.5575346200667,17689.75579776016,0
197.2516110274961,0.6862745098039216,0.10377698929816827,-12596.568820508954,1270.9790378825912,18449.061635863032,0
195.448576116333,0.6730769230769231,0.10909564478744885,-11296.867743668432,1255.6905159165237,20146.694705212303,0
193.4501930744925,0.660377358490566,0.10991284993623952,-11127.22908055464,1236.3682971545177,20186.61062537951,0
188.84294502131212,0.6415094339622641,0.11446086786608668,-11239.870524087544,1202.695656105643,20858.612408200526,0
187.3037525457727,0.6296296296296297,0.1145194694465179,-10689.469319091904,1191.3793913554766,21413.59749373121,0
182.38508156034098,0.6111111111111112,0.11882843634853894,-9451.370235018312,1152.3065342668049,22266.1912654896,0
181.00043347732762,0.6,0.12414467771011119,-9038.516928374685,1135.4569018140617,22790.653511388748,0
179.06394440334222,0.5818181818181818,0.1266994484323651,-8433.423335634167,1124.0864052618408,23769.430439150066,0
177.3549476097573,0.5714285714285714,0.1301972084533983,-7910.287168254213,1108.5517661362849,24378.049467868146,0
175.8102609192388,0.5614035087719298,0.13415438400528182,-7754.4522300163735,1096.5543582781193,24542.438154667412,0
173.93678271824479,0.5517241379310345,0.13960687930383955,-6864.391290581784,1086.9339557249293,25789.546938557032,0
170.48229552377984,0.5344827586206896,0.14043413305931624,-6763.025355987897,1068.3561976492826,25000.41260618584,0
168.3062536506713,0.5172413793103449,0.14594633243568106,-4798.875607740908,1048.595414388942,26913.67452993085,0
166.14350133559972,0.5084745762711864,0.14751616498437917,-5015.8974776751775,1035.378331042882,26521.95327451269,0
164.3063765939119,0.5,0.15163010349432288,-3740.5031695819016,1027.5505582259818,28331.578980883063,0
162.79008558224027,0.48333333333333334,0.1576267608158244,-2833.3909386606106,1015.2021033083597,28855.793187628704,0
161.87287011743314,0.47540983606557374,0.15722433453501308,-3094.925370997049,1005.2478085954593,28407.99316636306,0
159.30194989494436,0.45901639344262296,0.16430355997720106,-1681.9117754857004,978.9511447852427,28481.78172353776,0
157.9620507019443,0.45161290322580644,0.16447886192013472,-852.4397298667711,970.9216023141347,29695.804462515534,0
156.08742414188615,0.4444444444444444,0.16526163142079883,-421.35054096612686,958.9850948510626,30329.8929673845,0
153.12155108957262,0.42857142857142855,0.1660533168721959,471.1154789331811,928.091333016793,31955.78964483783,0
149.33132553844408,0.4126984126984127,0.17151420995652847,1482.4157443624433,908.1651226573975,32179.501074133303,0
148.53653456450093,0.40625,0.17360568064582935,803.99286087845,898.1793779164327,31203.44928851264,0
147.48885667251787,0.4,0.1782668332145861,2176.387445524402,890.0059858718384,33260.32700411072,0
145.73698353416412,0.4,0.18082394242553537,2306.0634188875415,881.7117256271362,32880.50398755056,0
144.0178518807345,0.38461538461538464,0.181605062637906,2981.1653790667947,862.1807906188562,33352.44433041303,0
143.09718642007934,0.3787878787878788,0.18196765984203017,3999.251411676645,854.0066365307406,34919.024801382664,0
138.99625155282234,0.36363636363636365,0.18422998032306223,5252.363096545599,840.5075122617031,35785.50165641969,0
137.73922326530652,0.3484848484848485,0.1896387824792421,6899.765581467644,822.7591184247732,36583.48460463584,0
136.24799198043073,0.34328358208955223,0.1927114359847402,6711.952916574558,814.3613605246221,36449.19952901724,0
135.4781249399071,0.3382352941176471,0.1961336307066167,6709.906572938915,808.1053470516161,36583.88701590287,0
131.9361630142125,0.3235294117647059,0.202893997913868,7706.661829045623,789.0463628140892,36770.11895934155,0
131.41664636399318,0.3188405797101449,0.20327721975849591,8027.939195464024,784.0727950216148,37415.28978607969,0
128.33702963249982,0.30434782608695654,0.2097961213600157,9296.86411091458,763.6201402045141,38833.54331886221,0
127.13310916559178,0.3,0.21132077027678645,9438.023969339802,760.6587711586335,39151.126820500285,0
126.13835825279169,0.29577464788732394,0.21410411032113674,9342.568475316037,755.9127860731335,39089.9069448227,0
124.5043661422894,0.28169014084507044,0.21834728044270776,10485.368249533625,735.0760166656603,40407.317540598335,0
124.0609962931317,0.2777777777777778,0.22039676507048536,11434.225502867572,727.3040247492611,41937.00032392349,0
122.86838538464316,0.2876712328767123,0.22312074224891615,11082.496251426124,719.7377558629994,41563.11754781453,0
119.83036577483686,0.2876712328767123,0.2287770214836297,12151.763885445527,698.1177140650088,42199.10874999879,0
119.20613869039391,0.28378378378378377,0.23219988813413545,11959.626860623901,693.7280049766727,42092.83615158261,0
118.09207377298587,0.28,0.2336279362601005,12427.026200507893,690.7429166887745,43048.94217196513,0
114.91169689141127,0.26666666666666666,0.24082381925172494,14312.717604253712,667.7274578939333,44142.09370408951,0
114.24491763803292,0.2631578947368421,0.24290865134369652,14842.063019722693,664.190114247492,45078.88790797254,0
113.36995012061358,0.2597402597402597,0.24567456021208625,14288.565674593652,661.5926602550398,44472.280673782145,0
112.84629029357923,0.2564102564102564,0.2501767475726054,14675.640799578114,658.5681346807072,45190.106756301415,0
110.91876753899044,0.24358974358974358,0.2526960406090904,16417.621601388895,633.8085813032079,46601.20844952018,0
110.73699896371627,0.24050632911392406,0.2541828838770343,17115.1511430685,632.9529310084807,47772.300877566486,0
108.79676448121539,0.22784810126582278,0.26285659683074813,17170.21157337403,616.1914822230591,47299.47143777178,0
108.19855900948353,0.225,0.26708980972739815,17589.945822532936,611.0539547132339,48106.896079368664,0
108.14221610433349,0.2222222222222222,0.26733734478753957,18543.288479011637,609.6606036292848,49731.99554700395,0
106.96506950770349,0.20987654320987653,0.271921988736283,19501.370869203623,606.351639071338,49607.605609369035,0
106.27229436559696,0.2073170731707317,0.2717293222553149,19514.233502528812,605.8404453759695,50000.0,0
103.97517828895442,0.1951219512195122,0.2776905202029535,20514.989420976897,583.9035260503642,50000.0,0
103.37249011189026,0.1927710843373494,0.2782417599269165,20329.26571562712,582.1131436838843,50000.0,0
102.62969412490334,0.19047619047619047,0.2811396678112574,21046.715330063354,576.4655067997071,51272.0,0
99.31011791529114,0.17857142857142858,0.2878615108919199,27975.18235066752,555.8256137380313,59742.0,0
98.26861516531011,0.17647058823529413,0.29039054289041893,26865.741511752676,549.8044632381201,58645.0,0
97.34434120707522,0.1744186046511628,0.2924570395049479,20859.69488904864,544.5732743249351,50059.0,0
94.07830049062562,0.16279069767441862,0.297874502888967,21253.100859130525,531.9298631647114,50601.0,0
93.43718277630225,0.16091954022988506,0.3018022170851038,20001.61602829161,527.0659046132017,49093.0,0
92.80869417844202,0.1590909090909091,0.30230371528639893,25810.665492205113,522.279521064497,57972.0,0
89.87811830895635,0.14772727272727273,0.3159622325398708,21886.372300954703,513.9085576160671,48957.0,0
89.36409537420666,0.14606741573033707,0.3163139748464632,23694.62485830459,509.20350224082233,51890.0,0
88.53390730773938,0.14444444444444443,0.31816694067741896,28046.838573473386,504.00356058679193,58480.0,0
87.69393727966425,0.15384615384615385,0.32245369985398176,28712.38923596678,499.0286563285285,59842.0,0
85.7946849384678,0.14285714285714285,0.33185857925231393,30155.72176410319,478.9200928096669,61239.0,0
85.28371099793901,0.14130434782608695,0.3348944867930122,32751.96023140336,474.9297232029783,65248.0,0
82.23968012012908,0.13043478260869565,0.34418499023657545,25791.19649695776,456.8456033686651,53154.0,0
81.50718719219037,0.12903225806451613,0.3467085202470872,22036.44967305176,452.82268014453166,47874.0,0
80.80498005344455,0.1276595744680851,0.3481458250078889,22899.567684043395,449.0448743215683,49393.0,0
80.10913437628717,0.12631578947368421,0.3529704892679175,24048.835298857848,444.93762676642626,51238.0,0
77.18079643537557,0.11578947368421053,0.3637003229896845,20426.46220791905,420.88362272664057,45445.0,0
76.73962028621678,0.11458333333333333,0.36634209084998115,21283.40677483117,417.7099509739169,47118.0,0
73.38027532752777,0.10416666666666667,0.372455465623674,21156.993505850103,405.76834200339596,46302.0,0
72.9262918234152,0.10309278350515463,0.37383577248793576,32946.92673810097,402.1978609854068,64009.0,0
71.39985645575878,0.09278350515463918,0.37979293254601854,30168.76060028053,385.9262151046229,58492.0,0
69.56207343183623,0.08247422680412371,0.38682794447893326,29743.924459969432,363.36361936279184,57778.0,0
69.17412872790437,0.08163265306122448,0.38533568455189626,30426.064279532024,360.8705696249368,59226.0,0
67.5248512868032,0.07142857142857142,0.3994684158165119,36489.23931016217,350.4871067536745,64757.0,0
67.0686310410194,0.0707070707070707,0.39874052411521044,32012.651020611658,348.368413896622,58536.0,0
66.50396700002022,0.07,0.3992828486993072,35957.064414932735,346.345114412877,64954.0,0
63.21558783006035,0.06,0.4110666549917564,26377.509323957725,338.45322106648644,50587.0,0
62.73088199845154,0.0594059405940594,0.4150785055660641,29758.847294280837,336.57615575531077,55775.0,0
62.45321625530875,0.058823529411764705,0.4172574830742758,22374.790683607458,334.32387219855764,45187.0,0
59.395667705752,0.049019607843137254,0.4305377525147378,26311.676902361654,315.03954725490803,49629.0,0
59.13632740286688,0.04854368932038835,0.4319513633796058,25266.25883216557,313.33563747401644,48478.0,0
58.65751250570349,0.04807692307692308,0.43317711266519715,24889.038774597593,311.4389285685943,48079.0,0
56.803605785426186,0.038461538461538464,0.43829700585079323,29147.53032225306,293.78014511193504,54257.0,0
56.577889302645175,0.038834951456310676,0.4397205456640612,33701.55286046706,291.49034570517506,61563.0,0
55.906406491931804,0.038834951456310676,0.43549596453975414,28032.8002051779,288.34914630054186,53985.0,0
55.67800408159113,0.038834951456310676,0.4395106714054081,21472.895802194624,286.6957224910589,45215.0,0
54.79415255444962,0.038834951456310676,0.44416206777570894,26730.02100344227,284.3806807114188,51715.0,0
54.480521359477066,0.038461538461538464,0.44540281164719975,26252.30113683037,282.04357802765,51202.0,0
54.052016438469394,0.038461538461538464,0.4402011329087276,29246.50412997732,280.7376033151468,58091.0,0
53.10122945296957,0.038461538461538464,0.4449075101785774,30218.790837744295,278.12311258119576,60103.0,0
52.65901646988469,0.038461538461538464,0.4394546007897377,28680.431128436358,273.7263831835475,58772.0,0
52.28763356170554,0.038461538461538464,0.4385678375799225,20381.097332324996,271.2364721698686,46152.0,0
52.03769780158039,0.0380952380952381,0.44173945723445746,20776.196377322005,269.42295247641505,46859.0,0
51.15043532725422,0.038461538461538464,0.44269785834303027,23484.216563577702,267.4684447515698,51527.0,0
51.03068511707802,0.0380952380952381,0.44413789021906985,30395.516065625212,265.4252211829326,62191.0,0
50.79934120275281,0.0380952380952381,0.44354140333548503,20360.540570775323,262.06034618646055,48012.0,0
50.582619855185214,0.0380952380952381,0.44744178661004824,25979.772849109773,260.74427594757265,55694.0,0
50.30391796725137,0.0380952380952381,0.452532098345146,30456.725109785086,258.60310223583576,62927.0,0
49.98137480377255,0.03773584905660377,0.45303523058534106,23055.511146039888,257.19720645527474,52080.0,0
49.44913614812922,0.0380952380952381,0.4553718327178347,18381.13498051004,253.53468419950366,47439.0,0
49.28547775079592,0.03773584905660377,0.4555369520773536,17361.056623437824,252.29281427387005,46037.0,0
48.56314879525681,0.03773584905660377,0.45327284215439473,22473.842247901088,248.7330844974466,53650.0,0
48.328375887212054,0.037383177570093455,0.45617985864719435,26963.483838913136,247.07177521519725,60553.0,0
47.56637787167742,0.037383177570093455,0.4599623104766808,24070.8910305408,246.07056522217368,56602.0,0
47.42716560411078,0.037037037037037035,0.4642351945858406,19743.8456543013,244.93857381183008,50293.0,0
47.071929928392365,0.037037037037037035,0.4681661539354602,26156.188366500563,241.84840954724626,60187.0,0
46.80686022111762,0.03669724770642202,0.467460905230432,21617.415806465255,240.57742969585735,53684.0,0
46.04643128723315,0.03669724770642202,0.47255546742978205,18697.53966975247,236.42039855476628,50120.0,0
45.806046649144534,0.03636363636363636,0.4737308920090602,25611.58077556812,234.63842065578152,60663.0,0
45.265235059007004,0.03669724770642202,0.47622449219146973,14939.762022083858,233.92691113902902,45972.0,0
44.4684229400067,0.03669724770642202,0.48165271898781487,19616.801320468756,232.99193330048666,53541.0,0
44.10509429332681,0.03669724770642202,0.47692933121334086,19305.567918754266,231.4411066105583,53434.0,0
43.51975489378454,0.03669724770642202,0.4805934928209761,23760.14912362742,228.1796492449052,61241.0,0
43.18203296339297,0.03669724770642202,0.48158414517550935,24399.082184687963,223.85137664990623,61231.0,0
43.01999524473113,0.03636363636363636,0.48522888567011413,15497.691004611508,222.384972762758,48173.0,0
42.98474605275882,0.03636363636363636,0.49527396170854115,25845.407499030844,218.64117698825146,65203.0,0
42.83590798889131,0.036036036036036036,0.49725677516593253,14758.509135101325,217.23194417531818,48896.0,0
42.54510208030498,0.03571428571428571,0.49814927369944656,16275.102219296252,216.45753646450402,51267.0,0
42.006664925709984,0.03571428571428571,0.4987590160895731,16112.439471660507,214.5575815135117,50636.0,0
43.202192945984855,0.044642857142857144,0.4958304031726111,24906.335552418317,227.6352130873526,65680.9553875985,1
45.253604516437896,0.05405405405405406,0.48762715777468535,23809.012326715678,236.29729672509325,63999.2147229894,1
46.081404855116226,0.06363636363636363,0.4799026738864386,22861.32752554979,243.5906286880278,63952.82936515994,1
47.08715441498327,0.07407407407407407,0.48048763985351417,20457.371645116975,250.07212727377592,62571.12405674064,1
47.12071266958582,0.08490566037735849,0.4689639497563529,19745.887529190677,260.38104446710634,62110.70614719735,1
49.74717994202817,0.08571428571428572,0.46554647967713847,18070.221565081745,267.5140455637504,61743.346892395435,1
51.96089981439147,0.09523809523809523,0.46189882794198484,17181.06693777787,281.20183225283137,61410.98481148973,1
53.88533189680338,0.10476190476190476,0.4603290090946767,15646.282542708619,295.5816531706782,59919.482772357216,1
56.13634588504382,0.11538461538461539,0.45444058118914965,15386.459712379556,315.54318177880725,59483.286952416296,1
56.809552776220386,0.125,0.4509292619438199,14131.93868251125,326.607285634585,57772.91004492237,1
58.525929008071074,0.1346153846153846,0.4467289309313248,13214.569900700206,342.31812860411634,57024.003719321656,1
60.60735187586527,0.14285714285714285,0.4433203524861954,13127.509143814967,347.02989992168307,57098.60188548359,1
62.38791180022083,0.1568627450980392,0.4331483286718085,9908.152321833224,360.02977247967783,55221.36055845374,1
63.95326101830602,0.16,0.4237722943237893,8070.555896262318,382.79612755911097,54243.34408700269,1
65.2164652965708,0.16161616161616163,0.4173075363759677,7176.635341756907,399.16057135583503,53754.85101998595,1
68.54398169137774,0.17525773195876287,0.40884896020151784,5449.352162306818,409.74107957772895,52581.13990697866,1
69.96803953599971,0.1875,0.3966910264807157,3535.9702130538176,425.9162216905727,51902.1283127137,1
71.9245681830141,0.20212765957446807,0.3906032000085492,2251.257493464584,436.91309532090156,51463.12117830693,1
73.60439190763796,0.21505376344086022,0.38290006208179317,1172.9818666000842,454.1003141791017,51356.6686391786,1
74.82927484773614,0.22580645161290322,0.380910425539614,886.5498818259128,473.43271555368653,51327.52148928449,1
77.54844185314059,0.2391304347826087,0.37541242532857677,344.24120557570905,486.1096856913126,50513.6781747836,1
79.82354801512936,0.25274725274725274,0.36962675094392644,-7983.740031188077,503.16393711157144,47828.94473406876,1
82.1650906836993,0.26666666666666666,0.35983520331049323,-1380.165182612564,523.4788299904665,47989.1848949382,1
86.51436491315125,0.28735632183908044,0.3460769540319295,-1554.7399848995037,553.0926553064478,46636.72961491446,1
88.75593333548855,0.3023255813953488,0.3348777127322716,-8452.346911651484,581.4738381216173,45806.6429769957,1
94.01210695650141,0.30952380952380953,0.32121075629955925,-13252.29897263857,620.2005431225438,45402.562954056775,1
99.65834312120975,0.32926829268292684,0.30664272131351794,-3430.8480457980722,644.3936455030345,44257.872516331816,1
105.72363943492653,0.35,0.2899798319736725,-2451.5874301351027,687.1481229228469,43441.44524906647,1
110.32957919671874,0.37662337662337664,0.2716179600943666,-9997.346018488133,733.9969423986588,42823.31263218169,1
113.03699288902642,0.39473684210526316,0.26464736033388725,-14881.17793315477,768.1745728762418,42568.10737534752,1
119.70463426429681,0.4189189189189189,0.25072502464404195,-5998.298171546843,797.9267552770203,41633.75286837973,1
124.29855728524282,0.4383561643835616,0.2393986183298125,-3574.3890808055457,829.5548799363974,39858.05380762509,1
131.58964273090717,0.4714285714285714,0.21877632869705368,-9747.329863607536,886.4057507326099,39802.30217622896,1
135.52703942375058,0.4927536231884058,0.20692536783470306,-10583.02559582734,925.9781361357294,38265.73794447924,1
139.53951901100888,0.5147058823529411,0.19717290519154929,-8570.443821401199,972.7012356192519,38886.08180372823,1
148.89539948727568,0.5538461538461539,0.18469769890868898,-14619.876304497418,1041.1859815526602,37021.279150786286,1
156.7097955566019,0.5873015873015873,0.17474932018450381,-9333.906923316297,1108.0239522318443,37584.465691799836,1
167.21751588457698,0.6333333333333333,0.15686766013537673,-18303.758416115852,1192.805391529667,35723.10438197306,1
177.26721839649994,0.6724137931034483,0.143361356952183,-7691.2719240081115,1255.191144299649,34519.08595450024,1
183.3790275890805,0.7017543859649122,0.1387715253000689,-16907.659000067022,1302.7230232685115,35203.85223131003,1
198.63175187164055,0.7735849056603774,0.1180969986029297,-10898.34701761523,1419.2744633135044,33890.00169897225,1
210.48198229008054,0.8235294117647058,0.10147361492903101,-14121.161601981968,1501.0559297374098,32565.55286103541,1
219.66129955649137,0.86,0.09119952252042623,-18941.059204034733,1561.8901896054297,32879.10759728861,1
240.79455760116707,0.9565217391304348,0.0620102633007418,-13573.945389175175,1723.6240062223776,30991.757631985074,1
244.34807138546847,0.9782608695652174,0.05944733564909787,-13036.70618770716,1766.2770183093648,31130.722219278774,1
249.10590010408342,1.0,0.057382920104789806,-22994.265063879975,1810.9311430090456,30403.169428759444,1
248.3449743505252,1.0,0.05749155574882262,-24284.152501993114,1806.7650292905241,28018.83184602225,1
250.38441443053128,1.0,0.057912903061704366,-22827.088075874923,1807.6461187416585,28490.267476480596,1
250.06053331631486,1.0,0.05843558266624428,-24383.235285351908,1821.6754890724228,26262.470975149758,1
252.32417116290546,1.0,0.05832692958895819,-23867.839581732766,1803.4118466997813,26603.84726492731,1
250.30501737599565,1.0,0.057580901861975245,-23730.1702347873,1815.7551832157353,26107.242819646508,1
250.32469371846616,1.0,0.05666011263845089,-23974.352215455227,1816.3411806654462,24265.685174430753,1
250.2198310864955,1.0,0.05779991127032865,-24094.642258837317,1820.1197289109402,23606.392926298813,1
249.9686395219408,1.0,0.05709760002788423,-22961.819072419825,1818.4054506854184,23538.656187626104,1
253.41775806377663,1.0,0.05543674329831473,-23794.53014318305,1805.845224629583,21395.353105832564,1
250.94985072310774,1.0,0.05547172813231789,-22550.535957228418,1820.076087105085,22049.079901890225,1
251.77347629874205,1.0,0.05461221349979839,-22787.294853186777,1825.1378959870256,20732.64918986412,1
250.49408672525595,1.0,0.05400739220513228,-22867.020694179686,1824.155215424848,19895.969185317626,1
249.9270948905254,1.0,0.054336446293908845,-22967.11511284111,1817.309595904059,18357.30851399737,1
248.61757541334202,1.0,0.05380683150090629,-22847.831411583276,1835.1761059834755,17697.577244976947,1
248.74854940888116,1.0,0.05137357155401702,-22918.906542132052,1818.332219514495,17404.9613562141,1
246.61060771993704,1.0,0.05097097711166107,-23739.841870452492,1800.4246956211477,15770.139809363973,1
247.61201211083028,1.0,0.05203475512762839,-22548.093780002142,1792.794001232326,16908.258786574304,1
245.48468403563413,1.0,0.05329248358411113,-21680.234274207276,1781.4582714848204,15553.791641160105,1
247.5612856803153,1.0,0.052838941963710834,-22801.475319343583,1793.8670794569196,14091.808779512101,1
248.2276446619986,1.0,0.05220665573790206,-22208.609106927157,1811.241542046237,13567.987456762467,1
249.95654579177324,1.0,0.05303733733327367,-22495.421894446812,1803.1362362575164,12265.404806714978,1
253.47515296681283,1.0,0.05295558320528129,-21868.962495611082,1780.1246135605477,12794.607869138767,1
251.17999406268945,1.0,0.052640647762773676,-22495.73122763909,1761.6789317380415,10723.235388563302,1
250.02024592776462,1.0,0.05263079907547382,-22204.98781126608,1769.8484133435595,10506.164026888486,1
246.8198207729716,0.9772727272727273,0.05729455885672135,-22348.746027927788,1735.6862682785998,9929.965152800927,0
241.7116597715534,0.9545454545454546,0.05802103284152853,-21497.062729721507,1684.5147048723907,11075.50979289929,0
237.42343754285005,0.9333333333333333,0.06318455547198541,-21069.410070475074,1651.8801991264718,11246.152024977153,0
235.626565554384,0.9111111111111111,0.06596091254695592,-20046.256251843275,1613.5015768398794,12680.270037926452,0
231.63861728489206,0.8913043478260869,0.06944062074646666,-20045.471245068045,1584.53274324768,12500.169294702875,0
229.22884271733196,0.8695652173913043,0.07185062267789119,-19477.325348286926,1545.4115667194967,12777.742281398156,0
226.62385750206877,0.851063829787234,0.07256012970875761,-18477.573974241543,1518.2592057523434,14088.567521163772,0
221.36771434899228,0.8297872340425532,0.07626881805997755,-17770.66142408292,1501.2422722036204,13566.294133093343,0
217.9739463469131,0.8125,0.08145665493178025,-16596.358550323865,1480.2200220363854,15022.39460280554,0
213.7671019971774,0.7916666666666666,0.08352043989413842,-16835.141123933354,1448.8563608645738,15059.290215750765,0
210.44702211220206,0.7755102040816326,0.08570492109225569,-15604.512066638908,1424.592053945933,16550.91143271515,0
206.71425174865388,0.7551020408163265,0.08816255860249353,-14417.282733727952,1396.0298016255858,17013.291398284164,0
204.22613112304643,0.74,0.08966698161638922,-14002.057457080253,1379.1729951345953,17413.260132881835,0
200.98278623602556,0.72,0.09082269472066101,-14108.711464589136,1345.311441924593,18149.594279573786,0
198.7502961035352,0.7058823529411765,0.09504613366210901,-13767.906514422339,1322.1671964602685,18491.65838752025,0
197.33102360545726,0.6862745098039216,0.10173572533932189,-12373.271060058007,1284.7452287670958,18909.37676725215,0
194.36189221757547,0.6730769230769231,0.10575089537401289,-12121.237383333846,1265.825543066254,19065.265097120202,0
190.76186844499165,0.6538461538461539,0.10968729324023878,-11460.191884091158,1241.8755777923134,20734.67378852827,0
189.05418595360842,0.6415094339622641,0.1132201751702824,-11408.362067565839,1223.7502925592948,20554.775944232224,0
184.01393411978364,0.6226415094339622,0.12032013812846369,-9549.532311550016,1184.255295658078,21767.088474892626,0
181.5951548022183,0.6111111111111112,0.12353415451127549,-9787.473135461994,1168.4606466053028,21323.730180006554,0
179.74246178391635,0.6181818181818182,0.12713920797433442,-8625.14243125226,1156.5661218613234,22955.046183680486,0
177.98422029154523,0.6071428571428571,0.1314892119070604,-8148.492716496784,1146.3406132930368,23504.44409323519,0
174.57244437310848,0.5892857142857143,0.13449037920745102,-7928.599811231761,1115.5523909605129,22802.076314344275,0
172.59744437598073,0.5789473684210527,0.13643299615409255,-7213.911991638364,1105.8705340053014,23764.285133135818,0
167.82545843441395,0.5614035087719298,0.1405521186756526,-6518.055471202226,1085.6131796690727,25577.587645341555,0
166.73696630646336,0.5517241379310345,0.1446153600789295,-6253.416455736322,1076.6104453511587,25834.928887163394,0
163.97052290802486,0.5517241379310345,0.14954527192100547,-5290.716847455768,1057.7697414607371,26109.23564812786,0
162.95789245758093,0.5423728813559322,0.15478403545217584,-4940.642896378939,1045.1566853815066,26566.881762555655,0
160.95266747318638,0.5423728813559322,0.16000177507267882,-2915.743362675447,1025.7584305044527,28295.34829375071,0
160.03373279053523,0.5333333333333333,0.16273404683885045,-2812.237986348016,1012.1528301090217,28378.38964364834,0
156.5974771200186,0.5333333333333333,0.16485146962565483,-3038.954599299976,994.6675265977387,28409.25724487907,0
155.01944889198236,0.5245901639344263,0.16958774661598658,-2545.7958496966476,984.7412149787514,29102.170592316954,0
153.2263654676438,0.5161290322580645,0.17307036956862767,-2524.392722453865,976.4414776737933,29102.051213262905,0
149.4438692518508,0.5,0.1761565847820804,-722.0128691717126,954.6535881043216,29919.833003778112,0
148.2737763966759,0.49206349206349204,0.17613069664336128,469.5741122179633,944.3790622519931,31694.103142905205,0
144.62925798833803,0.4838709677419355,0.18121429463449948,1223.1688790156202,909.2824812638775,32205.648742607937,0
143.9045014302129,0.47619047619047616,0.18382978623882446,1398.8851393100513,903.5448823237634,32494.97808524717,0
141.94217207189797,0.4603174603174603,0.19031958205588337,2966.9020463539773,876.5857081203087,32377.032207409855,0
140.55537418448847,0.46875,0.19319420700890672,3889.514506327069,871.8043006443669,33772.42576007232,0
139.23510720220847,0.47692307692307695,0.19678420844143032,3349.2821506231357,864.1169784066187,33040.84350193011,0
135.90744780649374,0.46153846153846156,0.20046615973378773,4181.633200960732,850.5315609286962,34661.35574302415,0
134.7028362608915,0.45454545454545453,0.20175743316532313,4959.424775587009,842.1560062057822,35895.47900576283,0
131.1792256092935,0.4393939393939394,0.2056596616467757,6818.169709643034,824.0152898267202,36409.57917643654,0
130.57110162025896,0.43283582089552236,0.20654071336660668,6584.769286005957,816.768259863557,36129.83513728735,0
128.61060541323602,0.417910447761194,0.21568053021221412,6784.3335748593545,792.2066250947311,36512.57360497536,0
127.70999431881894,0.4117647058823529,0.21699962124637232,7170.507519781347,785.0467263055041,37162.02496846944,0
126.72198106897517,0.4057971014492754,0.21993776798398823,7642.989698353753,776.6081468851187,37973.161760348776,0
123.85043310496482,0.391304347826087,0.22830656765060006,8396.613741100704,768.8014892112608,38430.45449248732,0
123.65114909067255,0.38571428571428573,0.23021561855790762,9191.255731084033,764.5169482110758,39772.93831584475,0
120.83990834205392,0.37142857142857144,0.23631333524832657,10873.344273286524,743.5531780273607,40180.823014817026,0
120.34107173460302,0.36619718309859156,0.23685897272759363,10843.768063409192,740.3654967645314,40349.288856498926,0
119.79392359504543,0.3611111111111111,0.2401163218111806,11245.548053521354,732.7560981580986,41065.13903314173,0
116.3053089738655,0.3472222222222222,0.24126767166043897,11719.320445757689,709.4274280466901,41145.469742648136,0
113.89917774092227,0.3333333333333333,0.24487628330867856,12672.410057090514,686.5788695707203,42439.91925285045,0
111.14436684543946,0.3194444444444444,0.24724305580699615,14441.705787416415,663.3639603647584,42726.10340358326,0
110.33024138931171,0.3150684931506849,0.24593548517818875,14272.438534961655,658.2746446153781,42754.37925087881,0
107.57675524866261,0.3013698630136986,0.2541856835392265,15351.39926398589,648.7239652736912,44780.093580283705,0
105.91062620514431,0.2876712328767123,0.25939077791811155,16934.170870190646,632.0331332761591,45659.7992999614,0
105.64448779722498,0.28378378378378377,0.2599962385884322,16325.328233113241,625.6752897026746,44984.903033963405,0
104.84886565439847,0.28,0.2605514607837574,16289.77132805356,623.4769974248975,45096.5837015408,0
101.29267313171259,0.28,0.2709368297134051,18608.54341946583,596.5669828399998,47101.82140839304,0
101.00106012429171,0.2894736842105263,0.27071598285771564,18094.806931462903,592.1714172484888,46577.11514288728,0
100.83405950925403,0.2857142857142857,0.27106207226733003,19337.641743080283,591.0335849263454,48567.33881283333,0
99.44052919624065,0.2727272727272727,0.27997185684770876,21171.16681609265,566.24693584758,49313.27071231411,0
99.44571268861485,0.2692307692307692,0.2776361623979815,20757.56445149268,561.0118248449076,49199.510097432074,0
98.96569393157749,0.26582278481012656,0.2782004080271871,20761.7723093083,558.6667972916247,49395.14241792269,0
97.72973844781237,0.25316455696202533,0.286720925171095,21568.496770825197,540.796230475341,49434.579028833585,0
97.05824535578829,0.25,0.28884628434328746,21829.867829174545,536.4622547048255,50000.0,0
96.88976316916536,0.24691358024691357,0.28809392237187076,21547.957010301387,532.5940604723861,50000.0,0
93.50006418216984,0.2345679012345679,0.30078323147349545,20537.181644303582,503.5420789847146,47640.0,0
92.69352557494854,0.23170731707317074,0.3032437752474501,31917.18639560531,498.0231150666968,64628.0,0
91.71614817944676,0.2289156626506024,0.30499988721889737,23543.564846816076,493.44322595210184,52628.0,0
89.11514834225049,0.21686746987951808,0.31569665581579776,22913.50368709839,481.10646059836273,49292.0,0
88.41014879351175,0.21428571428571427,0.3184041770255852,33793.892786173674,475.93293610844376,65410.0,0
87.80917529593576,0.21176470588235294,0.3223109892440328,28737.1451525076,471.8732060647259,58315.0,0
86.98306568633082,0.20930232558139536,0.32643341263001757,26574.885487906213,467.75153877546234,55278.0,0
86.40715304509442,0.20689655172413793,0.32849163373029044,27374.431911059117,463.17996905680707,56805.0,0
84.84559472104321,0.19540229885057472,0.33679614758053616,21657.3103929541,451.7092301064608,49106.0,0
84.20096200910217,0.19318181818181818,0.3374609495287129,28449.34590721154,447.3981298251037,59554.0,0
81.42796998635694,0.18181818181818182,0.34375782114299774,20587.594704065068,425.0419763337104,46272.0,0
80.68765023509305,0.1797752808988764,0.3479691880187491,21704.208973356544,421.145883930873,48107.0,0
78.34206566550063,0.16853932584269662,0.3613943838041912,26036.165336505775,407.85872675526895,52249.0,0
77.9151709974231,0.16666666666666666,0.36434548176279036,30460.990532395383,404.57714547500257,58928.0,0
77.48631802342526,0.16483516483516483,0.3662346785761104,34194.877939873135,401.7992058094175,64741.0,0
77.07288697443276,0.16304347826086957,0.36711969148616574,34273.795085196805,398.0799327393212,65215.0,0
74.14712279296127,0.15217391304347827,0.3783825883861336,33724.315465538784,376.1858564141955,62991.0,0
73.53920614292373,0.15053763440860216,0.3784527068088453,24645.633150755748,373.66624890204594,50164.0,0
71.89254018802775,0.13978494623655913,0.3853904032200195,22312.165366060257,350.5146043872228,45222.0,0
71.21836408446408,0.13829787234042554,0.3889094050635463,23958.684767622966,347.3450424679717,47837.0,0
68.25964497632732,0.1276595744680851,0.3980117247905258,25401.502775100136,336.47359392878417,50087.0,0
67.94858776079758,0.12631578947368421,0.4011662512219509,28722.778157564877,333.78321139887856,55171.0,0
67.36507340545903,0.125,0.403322006244652,29892.17097603039,331.918605077262,57477.0,0
64.25454661252509,0.11458333333333333,0.41572390567882717,30602.671836093657,321.0264345949631,55497.0,0
63.87164595470757,0.1134020618556701,0.4154666799729536,25721.79823366342,318.5328150303995,48721.0,0
63.32177122092622,0.11224489795918367,0.41710016496340807,27241.50771623434,315.7607432479566,51403.0,0
61.451735584492354,0.10204081632653061,0.4277420518778837,23951.31183544799,300.7333594208062,45829.0,0
61.08383910741979,0.10101010101010101,0.42537794121388456,35083.83557786841,298.34260737598686,62908.0,0
58.44543821333508,0.09090909090909091,0.4260506567613511,27651.513803490365,285.66909935298975,51286.0,0
57.47135173188837,0.09090909090909091,0.42627674770461427,32936.852537656516,284.3644486345041,60063.0,0
56.71135091246696,0.09090909090909091,0.4325153541600062,23599.07690245017,283.1953262883038,46287.0,0
56.42162950801104,0.09,0.43366407238617133,28971.51743577055,281.54188307617386,54534.0,0
56.12229967795162,0.09,0.4351542246930637,25143.56537557345,279.950511614319,50168.0,0
55.7287237156962,0.09,0.43476830114063003,33069.18434070762,278.93765723535694,61838.0,0
55.57795118245295,0.09,0.440756986975911,33332.424263885194,277.387929672967,62218.0,0
55.259350615508616,0.0891089108910891,0.44442989248811277,34388.63992511519,275.23386812064626,64252.0,0
54.425906354938554,0.09,0.4463915110307619,26176.214699961027,273.4520294108269,52647.0,0
53.922397432020844,0.09,0.445104155797674,23360.257497733106,271.74904783547254,49907.0,0
53.65860627745273,0.09,0.44766312472502706,31410.015873765784,268.35778132808593,61745.0,0
53.26473032576495,0.0891089108910891,0.44836030171080576,24053.83780908865,266.18856260889936,50975.0,0
53.12846312160576,0.08823529411764706,0.45267947211722925,32112.515191800478,264.12656807782093,63204.0,0
53.04801921672829,0.08823529411764706,0.45970599311156607,24991.863197978346,262.1612248080288,53830.0,0
52.727593611686224,0.08823529411764706,0.46216213013563506,23272.51455109868,260.327430497577,51596.0,0
52.48847105492228,0.08737864077669903,0.4629234187405412,24669.67103792059,259.1068623830006,53805.0,0
51.90438871362025,0.08737864077669903,0.4647515527520919,31669.661155270816,254.9747826771535,64721.0,0
51.35995414699192,0.08737864077669903,0.4723325502350175,27426.909403625697,250.05440018337413,58809.0,0
51.09682856636424,0.08653846153846154,0.47583651621244716,26947.221475332593,248.36896643765235,58404.0,0
50.742309562648025,0.08653846153846154,0.4807318577053343,22097.72985773439,246.56075915888357,51476.0,0
50.637280397805476,0.08571428571428572,0.4811402835615974,18812.290883868525,244.65513492562286,46677.0,0
49.92737263726688,0.08571428571428572,0.4817002709640052,23963.473030639314,244.43145814938802,54631.0,0
49.04124097202548,0.08571428571428572,0.48263488082919115,21285.226677183764,240.47120057639881,50750.0,0
48.76850695755368,0.08571428571428572,0.486674148930443,27132.735741295124,238.10519407803466,60947.0,0
48.56500638358437,0.09433962264150944,0.4885903153994378,21185.758252256557,236.25432519688343,52460.0,0
48.04696837476084,0.09433962264150944,0.4912320498477407,27490.43900189982,231.9494308905854,61456.0,0
47.52483798663938,0.09433962264150944,0.49216924309658155,15702.781920743884,230.64699931809344,45074.0,0
47.49642101266345,0.09345794392523364,0.491315349255411,24850.083861833096,229.00324408649368,58993.0,0
47.525829578522384,0.09345794392523364,0.49001509447039093,18937.855042895644,227.35589065206565,49725.0,0
47.351752558969366,0.09345794392523364,0.48979202530927857,26260.507105502522,225.64069242291828,62236.0,0
46.93317911269189,0.08411214953271028,0.49144483744449496,22678.310196192862,221.8561943886408,57368.0,0
46.843279896281324,0.08333333333333333,0.4917572690126761,19229.64168463379,220.44105640434577,52345.0,0
46.289188963227765,0.08333333333333333,0.49457626215055334,26410.744030349906,215.45967244560202,62293.0,0
46.00671015492181,0.08333333333333333,0.498325685573951,19661.00166179639,212.37555351583202,53210.0,0
45.654429782781285,0.08333333333333333,0.4993500033766125,24850.64123712839,208.1670967419082,62662.0,0
45.609274624617484,0.08333333333333333,0.5056369504806494,25874.18535819338,206.11085036356667,64103.0,0
45.419015769566116,0.08256880733944955,0.5039714533369671,18918.881137623797,204.79546295824298,54065.0,0
44.86911181287445,0.08256880733944955,0.502497637526753,15710.600507717783,200.47982637085178,49551.0,0
44.377590057388645,0.07339449541284404,0.5029813746115231,24795.408349554593,196.3956058379421,63521.0,0
43.60793038228047,0.07339449541284404,0.5038794291699539,24651.472959945422,194.49685779720804,64800.0,0
43.322113836896676,0.07272727272727272,0.5077114190188279,23116.321525040377,194.1529320091534,62775.0,0
43.22747089571198,0.07207207207207207,0.5083170063554536,15514.102516548843,193.22120616945605,51562.0,0
45.1194045567395,0.07272727272727272,0.5050851563715388,24668.093733787005,204.32792233237808,65082.623465723125,1
46.91100896765937,0.07272727272727272,0.5037343766726667,23542.22540648884,209.55146222980738,64259.900163944876,1
49.18839799553688,0.08256880733944955,0.4966269332918123,22363.00299163843,212.16436243317858,63118.67086853702,1
50.060919699308606,0.09259259259259259,0.49062890488026484,20213.009555415323,217.0703646288557,62424.666035430586,1
50.985610760992046,0.09345794392523364,0.4822877437897798,19812.827939221108,227.0629263896983,62025.959356028136,1
52.00536653222867,0.08571428571428572,0.4699912883226758,17791.110115962787,237.12768010882297,61175.295089294996,1
53.5192838222764,0.09615384615384616,0.4663678863353734,16378.360061696845,250.45579416460876,60756.859073422755,1
54.520497625598836,0.10784313725490197,0.45416949513872584,15415.160755275898,264.3265363361529,60115.390142899916,1
56.47599306305356,0.1188118811881188,0.44624358753763094,13755.440929892697,279.30764669623767,58978.86631733644,1
57.12970881276258,0.13,0.4410614757482201,12467.93407660046,298.47166360040296,58645.04058919234,1
59.44076440755387,0.14,0.43627921875322573,11831.104435765246,314.2553336556755,57977.41654554775,1
60.31161330317018,0.15151515151515152,0.42907768534350316,10669.462432038297,331.6782315815568,57011.196156239756,1
62.11192270088247,0.16161616161616163,0.4248350105389965,9604.393168002904,342.45443014179153,56825.78901250223,1
62.96191424184715,0.17708333333333334,0.41577609462535436,7016.594311664169,362.21331648183894,56059.67173136028,1
64.34672531278223,0.18947368421052632,0.4061915321756107,6391.035804369304,380.22917155044155,54647.274826882625,1
67.28076712829068,0.19148936170212766,0.400197759234218,5114.571763675126,395.7150451130613,54226.98283298063,1
68.81336091474792,0.1935483870967742,0.39875570493420887,2303.7512283537963,408.12583376133654,52741.45769991102,1
70.98628578240218,0.20652173913043478,0.39140003772846227,1853.856607399125,417.1875314653199,52163.176469489474,1
73.37745056454986,0.2222222222222222,0.3806355076941359,504.16753989740096,435.29455707495515,50754.22573941585,1
76.95774028300184,0.23863636363636365,0.36847791647142225,-1796.2780930759905,450.87522588800545,49950.33714190223,1
80.94665424818973,0.25287356321839083,0.3586802009682216,-10123.881251334195,481.8776102716186,50250.94428201157,1
85.96750194623351,0.27710843373493976,0.3331781611501943,-6813.7254932669,516.5765759131696,49380.351052287464,1
91.84866897183457,0.3076923076923077,0.30332168360158146,-11848.522052724606,572.8623508449774,47515.90943629024,1
95.63591693088682,0.3246753246753247,0.2959879347733183,-1691.2822962207767,590.7796027534962,47653.623354203584,1
99.50464538089473,0.34210526315789475,0.2839824864440369,-389.4833211316651,613.0326055943482,47253.93494053306,1
101.39744431819896,0.35526315789473684,0.278761403150356,-3505.874690780804,624.3947066977901,44831.48435390719,1
103.77040741667228,0.37333333333333335,0.2683703169767519,-8686.438392206352,648.9553856552413,44489.144061698775,1
108.25421715546932,0.3918918918918919,0.25894874443202404,-3418.256518474615,687.2994513648704,43626.02402389927,1
113.4012158483004,0.410958904109589,0.24891733365850688,-1531.9083060488442,706.1367318239427,43533.55002379544,1
118.19305030714514,0.4305555555555556,0.24387266542730965,-5744.400441820778,740.7670642042269,42767.41130395436,1
123.41227268249305,0.4507042253521127,0.2372521270735836,-3203.7813007724462,762.8945692467117,41513.82052247561,1
127.97324006453616,0.4714285714285714,0.22692628288276404,-6018.902636737059,799.2270683527599,41140.42648398651,1
133.01225698116755,0.4927536231884058,0.21906479784987773,-14431.517146084214,831.7038968181939,40620.6067738437,1
138.59162485565724,0.5147058823529411,0.2069157385109882,-9669.128086221603,872.6474586438346,38229.178887508635,1
142.92990302409794,0.5373134328358209,0.19906789213206785,-15355.089890054902,906.4316413111878,38726.08270363518,1
149.1440163027197,0.5692307692307692,0.18665399160362062,-11424.829248878905,957.832903117257,36788.546812592416,1
157.85102960475126,0.6031746031746031,0.17538234134033076,-18672.744080343215,1013.1162046400163,36785.29538268397,1
170.81158710955359,0.6610169491525424,0.14992248333324945,-12378.963007782842,1101.808204204336,36205.5424455618,1
176.165785886038,0.6779661016949152,0.14821779556172127,-11042.341466218793,1120.2146622261014,34251.355134345984,1
184.5383692729935,0.7068965517241379,0.13751635119467154,-12439.810530412811,1166.648704716741,33974.19711600507,1
194.9790510550697,0.7321428571428571,0.12224013357259005,-16555.383070132142,1228.6856321135706,34209.791979611124,1
204.66429915873417,0.7777777777777778,0.11458951134169613,-16972.400506045255,1302.41929446516,32168.343428589287,1
213.13125312050903,0.8113207547169812,0.10726547385449733,-19992.240892048238,1340.2804110189784,32519.761563637534,1
226.0312864672854,0.8627450980392157,0.09198736391929904,-21458.671859016555,1416.5783780189915,32033.741657183004,1
228.8420013617786,0.8823529411764706,0.08627973485969943,-15872.764951306088,1449.1810560814765,30308.026498806703,1
236.7194809605191,0.92,0.08079757230117816,-23015.666261670725,1523.412522909145,29046.59793171135,1
251.2231485786023,0.9791666666666666,0.06834959374181515,-15562.54638087851,1620.5349541323194,28295.684103658325,1
256.44215725796045,1.0,0.06400556179704145,-23871.573098665383,1645.593999164322,28637.656943432772,1
255.21086435491193,1.0,0.06394899868795496,-23763.056102340426,1665.193923910807,27618.078609524822,1
254.606196801352,1.0,0.06497314725150792,-24087.914847863118,1692.4736658055351,26830.999627959925,1
256.6661341443192,1.0,0.0634744280386292,-24443.3601945715,1723.3080087318497,25821.348726779463,1
258.4629972881274,1.0,0.06361507467411553,-24921.510786001723,1707.8278626443816,24644.94360141633,1
256.548485231976,1.0,0.06414912715359611,-25156.70032173233,1704.435586573066,23797.772939634102,1
259.7488319983239,1.0,0.0650562423131868,-24735.12854941443,1700.842801851294,23824.967182120425,1
258.51743307540755,1.0,0.06513084695173378,-25380.430440881908,1708.7717942994905,22312.95225914795,1
260.33315980031807,1.0,0.06755437614290632,-25273.913757779905,1706.4815855990084,21976.212913927742,1
258.3832623720143,1.0,0.06692167984025095,-25126.025072281358,1691.5849768356468,21616.669000092785,1
257.7784336648957,1.0,0.06651265788275622,-26285.383371249285,1689.99793174617,19435.502441446937,1
260.3771888572677,1.0,0.06661401835993001,-26589.685639005806,1659.265604791679,18492.458751849837,1
258.2330004192057,1.0,0.06611747252562393,-25343.328023105634,1664.6404088827114,19177.205326914533,1
259.1799407707778,1.0,0.06803917952466046,-26892.845686109125,1671.260179359404,16654.3002637255,1
260.657662006826,1.0,0.06843885338398185,-25856.577363430897,1662.3370003410341,17716.943972071796,1
261.1574686361007,1.0,0.06916324023003709,-26060.220479828517,1634.9679238007222,15849.659598878674,1
261.21366079368465,1.0,0.06841991206348595,-25740.609926749064,1629.3654552343862,16132.93798351537,1
259.4310961990355,1.0,0.06766836379212116,-26041.367174035488,1633.721985296999,13980.56036498469,1
258.8424041823154,1.0,0.06857696558011953,-26449.60397865565,1645.6302562202259,12924.389981791679,1
258.68434699434374,1.0,0.06746921378909569,-25621.261530314645,1667.385694361997,12746.063497267643,1
258.64911396046665,1.0,0.0672525119667959,-26025.554707648505,1671.7080175610765,11041.554465981624,1
258.3553633071856,1.0,0.06703791941565439,-26072.99797059339,1657.036061791603,11143.952923761859,1
259.65920419921963,1.0,0.06896548609744974,-25814.83630941877,1658.0037209440152,10051.440138035698,1
256.5506054544853,0.9795918367346939,0.0697452888596115,-25100.515319572827,1631.23270518148,10588.487985718657,0
252.1842831955393,0.96,0.07534553584195915,-24731.032656369724,1603.0276793407093,10898.026607349615,0
248.50290657886373,0.9411764705882353,0.0787019643614173,-23580.440036403776,1583.2723071804567,12189.876285647248,0
246.77701602074185,0.9215686274509803,0.07919812967863747,-23469.140522794052,1546.419581674985,12553.390963314945,0
242.24943155754946,0.9019607843137255,0.0816106380333631,-24088.001660564936,1535.282787595758,11705.151229120045,0
238.4307878900649,0.8846153846153846,0.08386548114323485,-23153.257003651608,1512.019975066797,12784.17435440282,0
235.26339772514504,0.8653846153846154,0.08772900775430753,-20757.71464911658,1493.388046496494,13818.308163556188,0
233.0312512011024,0.8461538461538461,0.08882324762379791,-20138.626425708455,1479.5498513603181,14490.444273959525,0
231.16404884646698,0.8269230769230769,0.0928843128739098,-19437.34548782941,1457.3285172235667,14658.860155660575,0
227.94612935342545,0.8076923076923077,0.09752625081785694,-18845.849880937767,1416.7828499247566,15838.573724742908,0
225.24507029119974,0.7924528301886793,0.1002552519716718,-17987.714791169834,1399.8342973482333,16894.825987380926,0
222.83415613463305,0.7777777777777778,0.10086735211825984,-17573.6785635527,1378.1595441537086,17342.55863141302,0
218.90433610982055,0.7592592592592593,0.10465859928383771,-17115.020136948624,1372.1223866836767,17239.426773868847,0
214.37492159174937,0.7407407407407407,0.1105033089860392,-15989.927765922757,1340.814938170059,18083.85152321864,0
212.33762755016983,0.7272727272727273,0.11529972297525326,-15246.959111320379,1323.597379621621,18944.5641678373,0
208.44451741089486,0.7090909090909091,0.11991384455786894,-14999.148773532455,1307.4813619925499,19048.818383574133,0
206.3105853801908,0.6964285714285714,0.12034821829142768,-13877.598566397757,1291.8625856742322,20561.378570237554,0
204.11109462013025,0.6842105263157895,0.12128459957229702,-14595.747670055205,1279.6773518804887,19362.201765686234,0
200.85269151233234,0.6842105263157895,0.12108785865944967,-12869.228293973874,1252.548151710469,21484.239219300875,0
197.80042756729253,0.6666666666666666,0.12381557355473792,-11544.44035753198,1229.6328982451125,21064.997714468915,0
193.2244649770404,0.6491228070175439,0.12980625788787734,-11228.39560051247,1194.8499016088583,22247.260262519303,0
190.81846902437755,0.6379310344827587,0.13157796941900382,-10705.388192050701,1177.4996494887316,22908.09463210679,0
189.26151612979336,0.6271186440677966,0.13538234645428598,-10909.447148581938,1164.1790180316214,22492.255751117136,0
186.9997438528263,0.6101694915254238,0.1372365534381275,-8541.140246149223,1143.5824249875068,24056.426519408342,0
185.0033623404403,0.5932203389830508,0.14133016715677477,-8718.936801214606,1121.9226077580881,24063.423558922506,0
183.73523045055722,0.5833333333333334,0.14112527872259606,-7956.814012080796,1108.9370285910634,24994.856693970734,0
178.85659341477088,0.5666666666666667,0.1445393756824216,-6977.352503574893,1085.4336282348481,26042.71960965784,0
177.11329786019394,0.5573770491803278,0.14839730170525067,-7477.622821223228,1076.5594693240507,25225.935110857772,0
175.64732428931936,0.5483870967741935,0.15073823571716494,-6743.051864309358,1068.2728259701848,26144.43702204351,0
172.75786247320238,0.532258064516129,0.1518450537224036,-3986.153202974494,1050.261184647145,28339.528049408742,0
168.6632731326926,0.5161290322580645,0.1530937440310148,-3545.6931352894794,1036.6774321415014,28720.520449464573,0
166.60390176447243,0.5079365079365079,0.1572627488449505,-4144.394469914346,1028.0337262454507,27770.838022848777,0
162.25388160185187,0.49206349206349204,0.16399385051693044,-3129.734136084229,1005.2187806368676,29607.99422690937,0
160.85997459113548,0.484375,0.1654290015177208,-3022.3651556588948,996.9282707371387,29717.59812209211,0
159.24486253090151,0.47692307692307695,0.1655723367097584,-3150.3509742849756,989.9170776694948,29493.065619154313,0
155.67537056631318,0.46153846153846156,0.16800891655234027,-469.0443277365979,976.8762476220478,31471.090203315518,0
153.0594476187268,0.4461538461538462,0.1727227622503749,-1244.5993433682115,957.5715688530198,30680.850766419328,0
152.05874227190074,0.4393939393939394,0.17326095331691327,-150.99147429863908,951.7435113880108,32294.943589200917,0
148.93416711598388,0.42424242424242425,0.18038886099058482,141.5479088199002,945.1128736477647,32242.297602329483,0
148.2170936029986,0.417910447761194,0.1828404933562913,520.1265170100792,934.2827609603252,32804.61008735512,0
147.27516668617335,0.4117647058823529,0.18274335468103745,1537.830263988032,924.8646099445851,34336.96079566883,0
143.98724738037563,0.39705882352941174,0.18687569979099988,3422.0449788720957,906.6036870827694,35428.32052249433,0
142.32495752988464,0.38235294117647056,0.19311408467647645,4611.320395294158,885.1688231803104,35887.569472550786,0
141.40846162551657,0.37681159420289856,0.19627885494470326,3977.703649435247,877.1036479929637,35007.43279066699,0
139.26544804922526,0.36231884057971014,0.2021097373092455,5109.3706092611765,845.9857711007386,35847.37957720778,0
138.55403219366022,0.35714285714285715,0.20280982928319718,5283.970270132815,836.6403213570326,36174.77536299344,0
136.034995908691,0.34285714285714286,0.21029370616119653,6053.623655823077,810.650429641506,37496.53528242403,0
135.5353294606684,0.3380281690140845,0.2116417201698311,5997.875353487238,807.1879248906996,37505.73434380143,0
135.11659339746984,0.3333333333333333,0.2145205091226632,6745.945461425088,799.4043090908558,38723.469273454735,0
130.967049686395,0.3194444444444444,0.21896024784972248,8549.597041120534,784.3501520955225,40243.167117759505,0
130.20961023749504,0.3150684931506849,0.2185309544957405,8935.590470461486,781.3615446383627,40979.08528642975,0
127.86489510826237,0.3013698630136986,0.22402394605079318,9852.991313439594,756.3578510715698,41398.8494151553,0
127.40380636015531,0.2972972972972973,0.22638482711457625,9078.041734857557,752.9070559748358,40354.98037505122,0
124.32251763624029,0.28378378378378377,0.23636275561256379,11330.428058952197,728.4120810156309,42351.04061869637,0
123.89532933300885,0.28,0.2373675600539538,11565.508659668127,722.8376564453379,42901.6615999557,0
122.81817343375178,0.27631578947368424,0.23804677422895698,10985.923203628388,716.6235059718865,42143.77666660172,0
120.32424814416977,0.2631578947368421,0.24133492486401506,13128.935446310212,689.575416383744,43943.48101198871,0
119.88172219321063,0.2597402597402597,0.24429371616353635,13158.955860012697,686.3606544051408,44255.36249165355,0
116.7505452513451,0.2597402597402597,0.249174881941945,14637.057471002014,676.1727149605102,45630.09923795645,0
115.05247440402876,0.24675324675324675,0.2591539820127988,14330.180378633531,659.794487410637,44756.938819668125,0
114.27629631259329,0.2564102564102564,0.2629945058427127,14417.923006547955,658.3891659106515,45058.24191391967,0
113.36455573014676,0.25316455696202533,0.26076998973843657,14714.626614213417,656.0257189323293,45826.317035080945,0
110.37986290947009,0.24050632911392406,0.267386631365231,16861.614508251405,636.3225400347127,47289.064394963876,0
110.19705653072,0.2375,0.27073646224110964,17043.856731973432,633.9954545106904,47760.844417624015,0
108.62161477018421,0.225,0.2737199831899615,17438.114045003786,613.7393826018431,47957.297066055056,0
106.00496427283136,0.2125,0.2779577174728383,18014.292552144496,599.079740536916,48455.56701494307,0
104.6526507114661,0.2,0.28663962985721986,19977.182258678768,593.4899301274772,48851.007398060734,0
103.99283266728223,0.19753086419753085,0.28986936348238457,20411.68813783124,592.0872772032058,49694.468852075435,0
104.03506179527955,0.1951219512195122,0.29127651329769294,20499.576961719376,590.2821971278818,50000.0,0
102.06646514461792,0.18292682926829268,0.2971857638704232,21214.933374214655,572.0962729685559,50000.0,0
100.93318992048852,0.18072289156626506,0.3011703950179547,20138.87761702766,566.3179902978152,48700.0,0
97.37169562834791,0.1686746987951807,0.3092746109120253,28410.19454877498,555.6480216688268,60954.0,0
96.34314315125657,0.16666666666666666,0.3111340003591412,22834.344666027562,549.8399521964775,53025.0,0
95.61037013522063,0.16470588235294117,0.315662346046568,22103.06773752571,545.0925107723403,52132.0,0
93.71278967282541,0.15294117647058825,0.3247503390039645,31424.83890230398,519.9745036410859,62547.0,0
92.85698084634807,0.1511627906976744,0.32468224338984153,32646.34923706641,515.1040757071246,64838.0,0
91.98356321077465,0.14942528735632185,0.3267110929517852,21926.50820078456,510.19590943050804,49160.0,0
91.30498906232718,0.14772727272727273,0.3308875786373387,24981.178608317972,505.06079124810674,54063.0,0
89.01751297543929,0.13636363636363635,0.3382889276437171,20833.13731609013,481.3589046518335,48702.0,0
85.61963125630872,0.125,0.3471544509601488,22756.524207766888,468.18679470354436,49185.0,0
85.06259660356051,0.12359550561797752,0.34798947947073705,27459.165596934137,463.4876052703352,56344.0,0
84.42594069800339,0.12222222222222222,0.3484519022734905,28765.400311551435,459.04834279619473,58780.0,0
82.01289786702766,0.1111111111111111,0.35606713297121956,28108.125897176797,450.2810806431873,57907.0,0
81.33763725210238,0.10989010989010989,0.35825405685911516,26258.28649318269,446.57147825681807,55408.0,0
79.31195069826448,0.0989010989010989,0.3645258800734327,33975.938731009126,427.75704937927026,64305.0,0
77.24968131367972,0.08791208791208792,0.3705785327096783,31844.411314943194,407.7573678102926,59676.0,0
76.60900942443331,0.08695652173913043,0.37466345964152464,30164.272098363013,404.2841916420047,57473.0,0
76.17006933601628,0.08602150537634409,0.37936175110531256,22840.07833420021,400.57343738224023,46931.0,0
74.26509585179528,0.07526881720430108,0.3889896924722582,26757.846157140888,378.40245114529966,51761.0,0
73.80900113709974,0.07446808510638298,0.39020588485160934,33070.300822478406,375.9146701257977,61448.0,0
73.40363946847955,0.07368421052631578,0.3925559850120353,34860.19580723666,372.9122236983122,64649.0,0
70.51037680854918,0.06315789473684211,0.4038434283662281,23346.690100126983,353.14604671826635,45134.0,0
69.93455916966633,0.0625,0.40442817442435053,35629.7771106843,350.27635943088717,63586.0,0
69.50855872961525,0.061855670103092786,0.40861443191626334,36223.208501499386,347.94698286191954,64711.0,0
69.17114797037037,0.061224489795918366,0.4095905475540201,26520.188330078203,346.009375602012,50657.0,0
66.72500058854966,0.05102040816326531,0.4219771410226541,29379.541299093984,327.2278043497912,54271.0,0
66.29600437210789,0.050505050505050504,0.4223202484855382,33163.13028797761,324.7322920896595,60131.0,0
65.90753598169113,0.05,0.4280790652540016,32527.365098282535,322.6848249463582,59402.0,0
65.48633271497224,0.04950495049504951,0.43033777781844035,30448.042929340776,320.499519999089,56693.0,0
62.409373473086276,0.039603960396039604,0.4373869861896332,24302.65861594695,311.63024480748453,46016.0,0
62.04723284966125,0.0392156862745098,0.44118639857280606,34011.56610421981,309.08892953594204,60622.0,0
61.8648972752507,0.038834951456310676,0.44248055591450275,28805.681573928243,307.32716169129293,53112.0,0
59.07877521389821,0.02912621359223301,0.4496330759904957,30889.922714813467,294.3515901245558,56455.0,0
58.4461090322744,0.02912621359223301,0.45080931852355727,33768.422699069,291.86392008365436,61241.0,0
58.19430774039351,0.028846153846153848,0.452491771129015,31086.561053848527,289.7973149057794,57464.0,0
57.91602356508903,0.028846153846153848,0.45188498547665235,34242.972646357826,288.71804871641,63177.0,0
57.49202507895696,0.02857142857142857,0.4525082525162119,23567.663846641706,286.8787722835359,47450.0,0
57.05722280835883,0.02857142857142857,0.4547367926934645,25111.322930573664,281.9324668158605,49904.0,0
56.44256645398614,0.02857142857142857,0.45691238350894586,33658.499935091655,278.7670516806602,61567.0,0
56.118947747903995,0.02830188679245283,0.4594453881334547,28347.540606924274,277.3283695860673,54069.0,0
55.927296837259235,0.02830188679245283,0.4589456765619481,24728.744996810354,273.85768897328313,49850.0,0
55.680888355411376,0.02830188679245283,0.4639811308736671,30079.004917412924,271.90638939321065,58475.0,0
55.26816356707216,0.028037383177570093,0.46710708052949873,30875.820652460177,270.18567731758213,60054.0,0
54.89600567231761,0.028037383177570093,0.4699659797396663,33479.01052571833,268.4663505525779,64190.0,0
54.545276990217324,0.027777777777777776,0.46957436773159883,26318.66063606537,267.072058498268,53954.0,0
54.36732009737079,0.037383177570093455,0.4699292367444916,21615.681284568163,266.87614105156524,47984.0,0
53.905080079636576,0.037383177570093455,0.47039099679138796,30997.637344534003,264.59802470962114,63127.0,0
53.596466935755124,0.037037037037037035,0.4738704203176848,29415.369335755346,263.46383649166825,60949.0,0
52.76725404458233,0.037383177570093455,0.4766288962595501,20514.181938262256,259.9542064544711,47685.0,0
52.63275804203422,0.037037037037037035,0.4813301135116236,27048.60558287246,258.2484581740647,57613.0,0
51.88843942062946,0.037037037037037035,0.4834230267158692,23936.731821012123,254.9012611637257,53787.0,0
51.691487018474625,0.037037037037037035,0.4818938500842272,25228.654138138474,253.9202624895821,56447.0,0
50.82345489841666,0.037037037037037035,0.48168884135107726,17926.56170393883,251.1650179874681,45580.0,0
50.62888398083867,0.03669724770642202,0.4818243354889105,22779.83605669081,250.0721453840726,53037.0,0
50.15319286337383,0.03669724770642202,0.48427934822973,24588.272791808668,249.00375438972875,57310.0,0
49.41147689026132,0.03669724770642202,0.4896561195631496,19806.425043658277,246.11970808694008,48961.0,0
48.95845912592323,0.03669724770642202,0.4945918616261129,24562.75320274373,241.96942479513746,57972.0,0
48.62421925592833,0.027522935779816515,0.49992725458143755,24541.514284701963,239.39045492391935,57420.0,0
48.49606404991563,0.02727272727272727,0.5009929430155018,28864.762174884057,238.58220046183197,64062.0,0
47.740981281565496,0.02727272727272727,0.5020694494121754,27394.829110293806,236.37691855060987,62951.0,0
47.48831929175351,0.02727272727272727,0.49908230926506003,26389.365270908365,235.64594822021914,62364.0,0
47.366234904246376,0.02727272727272727,0.5012023096341988,28789.483952742085,234.99665277902363,65407.0,0
47.02807411070561,0.02702702702702703,0.5028916206999735,25210.096120089165,233.38555605073765,60258.0,0
46.304736828861586,0.02702702702702703,0.5077939847843432,20216.363446871288,230.5112455865898,54070.0,0
46.0362339727875,0.026785714285714284,0.5070162667004795,27657.200243176747,229.4173694762787,65463.0,0
45.53340210004975,0.026785714285714284,0.5127360628666264,20059.901529014016,226.92060307497943,53978.0,0
45.14857179902942,0.026785714285714284,0.5186290632531178,23332.469901569595,223.77918404369055,59593.0,0
45.005633610037016,0.02654867256637168,0.5171523424710391,24987.20787562598,222.1932256355894,62408.0,0
44.40151153628248,0.02654867256637168,0.5246174845205716,24832.155647609034,219.76972026026147,63068.0,0
44.41371468747683,0.02654867256637168,0.5283533945386916,19968.24651776522,216.69466636004927,54943.0,0
46.51509472638003,0.035398230088495575,0.5271543587505825,25909.38656550966,224.41286368585983,64583.69107331039,1
48.61330609266359,0.04424778761061947,0.5208801756522774,24583.403388663817,228.08072918776483,65035.65388304207,1
50.430885631097745,0.05405405405405406,0.515503873878276,23674.853307920228,231.03314510497088,64633.103523841906,1
52.04914324013294,0.06363636363636363,0.5011859635196608,22183.086376531475,243.1076390801949,62690.373309735645,1
54.07781975346383,0.07407407407407407,0.490791163167179,19850.089292537257,250.72326433832745,62035.021964688254,1
54.24971279600155,0.08490566037735849,0.48128246324022805,18456.33742205642,251.68382911012242,61938.79981586178,1
55.65159935196401,0.09615384615384616,0.46803946719314615,16692.122752057694,263.90279820717353,60040.93778410642,1
56.95452218780239,0.10784313725490197,0.45906157573745665,15606.858323325217,272.57001174203356,60783.33217883567,1
58.94924966494191,0.11764705882352941,0.45419509912576306,13910.476061097896,287.6831419457093,58288.98161624121,1
60.443394208541214,0.13,0.44300812211374013,11297.08744112722,297.07926286175626,57886.56249278071,1
62.03526479639329,0.14285714285714285,0.4343157581075962,10343.376306999291,307.0955481918114,57750.60933404603,1
64.15608731901258,0.15306122448979592,0.42820951862464124,9712.288725497103,313.3750234183408,57422.14041143592,1
65.83971585352703,0.16666666666666666,0.4215482918155532,7546.697371759703,324.98204409722956,55536.122997149556,1
66.95134340388883,0.16842105263157894,0.4104472467614435,7288.732267535068,340.70281441044307,55671.020682740476,1
68.44637415159333,0.1702127659574468,0.40128462693365075,5119.7335198564515,358.9553954401021,53458.87800389508,1
69.50209404666256,0.18478260869565216,0.3881553075986651,3734.740251595925,374.5671298512512,53534.9973898844,1
71.42323060435528,0.1978021978021978,0.37955655341499056,2737.4911874204554,389.76436427297807,52951.251949263926,1
74.09862765264583,0.21348314606741572,0.3701770359215462,1267.4448217835268,398.6316169262067,51883.275519882765,1
76.48039509413869,0.2247191011235955,0.3613905698457814,2140.5026286291136,421.5489181918812,51909.39252187296,1
81.54938424224069,0.2441860465116279,0.3424625006590888,-8164.630837375134,452.26028426018405,50300.381580548965,1
85.17988179460556,0.2619047619047619,0.3356323646979564,-3098.1265018343374,488.82052623798944,49440.996685764985,1
89.5378291497055,0.27710843373493976,0.32351771001373025,-47.84433486162769,510.315428394463,49113.888428616265,1
92.51818046802254,0.2926829268292683,0.31633921841864104,-7137.503582547593,527.0109226578903,48150.386622972655,1
96.26181292415842,0.3125,0.3025033167572838,-11910.784287315259,546.8524789517481,46624.15629889847,1
100.3482106896366,0.325,0.3012446058721606,-9657.133566060247,575.6166941995258,45344.012195120005,1
106.257304499294,0.34615384615384615,0.2809467027276789,-4198.879781285202,613.2246021221594,45471.469071314976,1
109.4345883115708,0.36363636363636365,0.2766277107571082,-13885.329450775173,632.2922855331442,44034.11203918125,1
113.36955621277433,0.37662337662337664,0.26982065481238265,-1441.8033335742934,650.3627391162897,42986.44390221685,1
118.99670512581814,0.4,0.25657069066822974,-4424.279667293967,673.727108055811,44057.41409306454,1
126.97030515732045,0.4305555555555556,0.23744333970488088,-10125.234175783422,711.555391674436,41626.46773409513,1
131.4112960351569,0.4507042253521127,0.22884645880801788,-12392.015539882483,754.4094882230618,42098.39820182142,1
136.62498045600478,0.4782608695652174,0.2151611101616923,-13628.017818126036,801.4164325898654,40985.29442680643,1
144.8186209200582,0.5151515151515151,0.20140463286283516,-6232.927601264283,862.1222590879752,40591.09388392937,1
150.72116174806,0.546875,0.19126346558037927,-7812.404155332088,917.2446263251344,38250.63220812949,1
155.05768301711265,0.5625,0.18748823240880308,-13570.416600609733,938.4827003112276,38158.19606417123,1
159.7708273132689,0.5873015873015873,0.17761618384284864,-17902.325932237316,964.2162130629624,37365.56705014332,1
167.96260424510385,0.6065573770491803,0.16783978052194767,-17606.3406039489,1017.2440473382793,36822.35424726738,1
174.14049163018643,0.6333333333333333,0.15710772162490189,-7269.363192864862,1049.778916338119,36797.87068428074,1
181.50512026675236,0.6610169491525424,0.14800314647721358,-12269.809033699294,1087.9486933546732,35443.030637681724,1
187.33727152576503,0.6896551724137931,0.1395816368197064,-7946.08572505144,1140.5885952963615,33751.75421333649,1
197.19052300457133,0.7321428571428571,0.12506596811113296,-10438.871788403716,1219.3600865809015,33342.668982001625,1
204.38739164853155,0.7636363636363637,0.11606917148758973,-16216.02051882759,1263.5644965951935,33209.93864045072,1
214.35079358549498,0.8113207547169812,0.10330514790098286,-20955.211635940243,1327.0288154751686,31003.745600852686,1
236.8537083323684,0.8979591836734694,0.082373433594312,-15727.083344960145,1459.1277378785576,30503.485620122763,1
241.76197036669308,0.9183673469387755,0.0752038656230741,-19050.53802130643,1477.806646679362,31034.874209840506,1
249.1986001125628,0.9583333333333334,0.06773153203415205,-22731.86184145245,1537.4807364820426,29004.204598225988,1
258.04759666847707,1.0,0.05480012560172664,-24755.481709505762,1590.2845043423556,28274.751285233644,1
256.45433009654994,1.0,0.055640728492273334,-24435.638871547726,1599.5302200367232,28891.83830661527,1
255.69737291681176,1.0,0.05633690960310295,-23826.011225172486,1605.9115929153672,27804.540419928373,1
256.5410135242045,1.0,0.05635526272065776,-24545.122529898807,1602.9343792197162,26160.5370984842,1
258.03763293218844,1.0,0.058127526605005364,-24789.808591614885,1610.3039412464602,25522.12736309791,1
255.16479457891938,1.0,0.05946390500243476,-25217.799188806825,1604.1367486473137,24958.51590793617,1
257.0580409559932,1.0,0.061299336474767006,-25025.716017795345,1623.1493182097731,23644.252881376884,1
255.28762857664893,1.0,0.06169519707863442,-24777.081095041664,1629.1229160733012,23237.883104572273,1
256.77873850983445,1.0,0.06185962132987409,-26170.79510894931,1615.927756297421,21806.969893331363,1
257.8027811265288,1.0,0.06195518311980535,-24892.550494871015,1642.799733271945,21132.073124596936,1
257.64298393310185,1.0,0.06312706349180558,-25039.51521504783,1637.673229814606,21258.072822601032,1
256.12074275994564,1.0,0.06362058629159502,-25718.365702884326,1622.1982309311509,19864.803412103065,1
255.10153901428228,1.0,0.0645472498549573,-26476.14763311573,1628.704346434669,18812.811857560926,1
255.52601308858706,1.0,0.06471036254673025,-26520.547083673504,1641.848569408786,17937.03342591577,1
253.35922924205707,1.0,0.06439910523318097,-25464.823488346632,1648.1260245311278,17594.590509910908,1
252.9921323808053,1.0,0.06435163894610048,-26354.021695925992,1656.677128329554,16215.120136074553,1
255.56473296672098,1.0,0.06355032476501458,-26017.29615962306,1628.344031682586,15323.542714653198,1
259.1701575686969,1.0,0.06510309632046075,-25677.216951227718,1631.469014635956,15450.888284449333,1
260.11779627839593,1.0,0.0655357548722727,-26534.905259360272,1634.400860342877,13637.854765020931,1
258.35795293438366,1.0,0.06518642523015761,-26184.907181824452,1621.9013430305474,13127.969703026043,1
256.45664309624794,1.0,0.06594805665456538,-25799.26684005189,1627.8879195849995,13291.598913423533,1
254.46450287592683,1.0,0.06728689556765036,-26644.69710679175,1617.9515837544043,11455.697406347657,1
252.8383585194935,1.0,0.06799167003716251,-26873.735107070133,1625.435858369944,10361.118673563753,1
252.70168121857753,1.0,0.06826921990457503,-27096.318492453334,1611.1454326971157,9458.487094017655,1
249.25118970830295,0.9803921568627451,0.07235229199941123,-25841.689010540802,1588.9936926169653,10778.625740615335,0
246.12172776516323,0.9607843137254902,0.07419035450309253,-26467.112628317227,1544.16262240082,9769.084955138116,0
242.4963174045928,0.9423076923076923,0.07740965275896726,-24654.88423904443,1519.436450291631,12139.995644804038,0
237.83428989498515,0.9230769230769231,0.08128427626555293,-24238.469437158605,1498.6569241759921,12068.93352231816,0
235.4565658337456,0.9038461538461539,0.08579837234643038,-22559.130138228753,1489.0538001011903,13214.975757454838,0
232.2849282018256,0.8867924528301887,0.0895368670617426,-22581.412291479068,1463.9950351133382,12901.66969194432,0
230.89542957944872,0.8679245283018868,0.09433023990629474,-20893.507737770553,1459.9752973190978,14294.207894599223,0
225.54471394590286,0.8490566037735849,0.09592761842401314,-21987.266389836208,1425.6093167868817,13411.849797901243,0
222.95579655850622,0.8333333333333334,0.0958287031444934,-21163.80130926944,1405.8722665506637,14223.796699803992,0
219.8079164390735,0.8181818181818182,0.09948953845016083,-20255.137251676737,1388.0023390506576,15377.517338955638,0
214.5688798186184,0.8,0.10013886699604468,-19172.23692936134,1356.1409097499202,15470.333980076028,0
212.5318791417443,0.7818181818181819,0.10525705351943343,-17855.367551676616,1344.228101143011,16394.331318673456,0
207.26019902327795,0.7818181818181819,0.10870868060955471,-18130.016833258043,1322.8146237579997,17253.148885331666,0
204.02557109812264,0.7636363636363637,0.11325053084068114,-15636.874445986552,1313.7744690739285,18721.764251998713,0
202.05005255577473,0.75,0.11774817426803945,-15908.615569741198,1295.6172361841532,18061.625982106067,0
200.36705214751981,0.7368421052631579,0.11822563363804423,-15311.278371855338,1278.7089978837532,18796.628989867706,0
195.79460759901815,0.7192982456140351,0.12165100370393264,-14791.593897596671,1263.316895052661,20369.70780556895,0
193.7771875284861,0.7068965517241379,0.12571619569887646,-15134.066729391516,1245.1657662173504,19608.003333174365,0
191.19631087704957,0.6896551724137931,0.12626972107543302,-14265.490029857154,1209.205547250762,19909.333591666164,0
189.37627427053735,0.6779661016949152,0.1272013457541963,-13565.432599873217,1192.375792187473,20817.378162896992,0
187.56042078331797,0.6610169491525424,0.13514839993800729,-13330.503759037634,1163.7632361703315,21102.978509246863,0
185.34785210895626,0.65,0.1353807926069577,-11802.878499955827,1149.49128758263,23111.985813043917,0
183.52571463424752,0.639344262295082,0.1387546891483285,-11802.437625455554,1135.6664624357832,22988.491283945834,0
181.12308978452518,0.6229508196721312,0.14026070032109156,-10167.774183820367,1111.8453739905049,23176.36243733752,0
179.76932184239087,0.6129032258064516,0.1426740389442283,-9564.016952202172,1097.0233608855538,23924.653873079944,0
177.96346676000655,0.5967741935483871,0.14789878283887845,-8740.234017915225,1066.0290974881357,25132.953648759965,0
174.4347222903219,0.5806451612903226,0.1499776906443815,-8191.095103577403,1048.2533311559328,25143.509097501847,0
172.74520088633625,0.5645161290322581,0.15362099877227356,-7661.384638902583,1038.7980305624644,25601.95485281975,0
170.87027666282603,0.5555555555555556,0.15750152964248995,-6613.104839299211,1028.557316913966,27019.770667878194,0
169.66781557079986,0.546875,0.1602508287104197,-5998.95418911937,1019.0894789078674,27871.848578472524,0
167.0578080049081,0.53125,0.16824075851187492,-6377.02708422936,998.6661361114085,27405.822687022344,0
165.33334523014292,0.5384615384615384,0.17141744123672542,-5796.160784955038,986.362235274592,28126.0192738991,0
162.15513718186446,0.5230769230769231,0.17255867928372848,-3791.423989654871,973.2267243146317,29807.3530137732,0
160.8302758433633,0.5303030303030303,0.17270653090419516,-3385.3973599789297,967.3520521085529,30374.888433477387,0
156.71537594332136,0.5076923076923077,0.17763255771545614,-1530.5481513853458,929.4556184685098,31105.238498096853,0
155.31062915222472,0.5,0.1821535905956607,-1358.7176990628973,920.5242133384762,31336.863754918097,0
154.12038478271862,0.4925373134328358,0.18074835541950512,-1387.871238563474,915.4657793742176,31262.171558063957,0
151.2955380816583,0.47761194029850745,0.1807487009966646,-793.0876710997895,887.0665135247398,32022.321356194192,0
149.1385823918884,0.47761194029850745,0.18618855631123785,1444.5227304754496,870.7956621379994,33118.68168569648,0
147.5978024978083,0.47058823529411764,0.1891410950350638,1640.0140438190804,864.5467959406622,33436.369880289334,0
145.75343415011145,0.45588235294117646,0.1972301640446792,2337.160375461522,855.2957612784585,33933.988166890085,0
144.86022701238576,0.4492753623188406,0.20105597072724843,2154.4099048631015,846.5269884696312,33705.611965146534,0
143.94900082451448,0.45714285714285713,0.2059649849283581,3770.2562661575394,838.4974827457823,36138.15795642899,0
140.22945610630796,0.45714285714285713,0.20685915443166125,3687.6619445109527,818.3973726669535,36542.82254696893,0
137.8156071882803,0.44285714285714284,0.21377983341309678,5052.367498934862,812.3559808228341,36505.10204341833,0
136.5639982276449,0.42857142857142855,0.21553288909353768,5675.551911364267,794.7545696739191,36611.87861234604,0
135.40881567114855,0.4225352112676056,0.21558433081226186,5709.557102326674,787.0362855746295,36799.029836737485,0
131.82434776068953,0.4084507042253521,0.21594991214469686,5762.973058258853,780.2983463152975,37482.367753567465,0
129.2796613193707,0.39436619718309857,0.22536035457671513,7950.603768474267,767.4794539577535,39389.20384997121,0
128.16342239015952,0.3888888888888889,0.22326064318322078,7525.237009854769,761.28949976692,38931.58550173686,0
125.66232916164543,0.375,0.22837961877554672,9335.933026346811,743.3556733100904,39966.19680911088,0
123.01197219399326,0.3611111111111111,0.23440616979532827,10101.20583836228,726.9792690196487,40424.63360214409,0
122.00753219643428,0.3561643835616438,0.23548378652300556,10776.957663400299,724.7801141493652,41622.31736753302,0
117.9328366704941,0.3424657534246575,0.24157361965305227,12081.741198374864,698.6202642925979,42791.03275261272,0
116.98293649039493,0.33783783783783783,0.24155994573736292,11257.100281145524,695.5983085098651,41697.84083469302,0
115.54773712630612,0.32432432432432434,0.24603285311068937,12941.716496393583,675.9948667085334,42646.88881194413,0
114.82071942214333,0.32,0.2507634305235123,13119.979427332006,670.9698055920786,43038.28479412594,0
114.28511098792313,0.3157894736842105,0.25007423405332047,13203.804513888692,665.9243015473726,43322.43022634482,0
111.03716187292454,0.3157894736842105,0.2545892129687942,15045.376517760138,647.8686093239442,45346.18640291369,0
110.6744037316505,0.3116883116883117,0.25531281360296393,15542.52113193,645.1935662385649,46359.70814319068,0
110.35970820624097,0.3076923076923077,0.25504404626891636,15326.358388583456,641.8735982068832,46226.57521498266,0
108.62000989818247,0.2948717948717949,0.2586204448015026,17196.553484094562,621.9611319913042,47296.2850611188,0
105.40402067581505,0.28205128205128205,0.25985304905321555,17708.655599242757,613.273144766513,47431.48629105716,0
102.19483434587191,0.2692307692307692,0.2611237341476967,17863.686089436826,589.399670475457,47821.169306094045,0
99.74197490021427,0.2564102564102564,0.26524740294562554,19330.67154511782,575.3955646172376,48659.733016372564,0
98.70018220210015,0.24358974358974358,0.2702585419609165,19918.877337028323,569.6254941099777,48337.072224251075,0
98.0767406379985,0.24050632911392406,0.27047476293074846,20352.52283817989,569.6648674865601,49174.8370096704,0
96.16234370599767,0.22784810126582278,0.27618329123137764,21892.072196195346,552.0126523527182,50000.0,0
96.28954236481925,0.225,0.27437036722090535,21617.964282155186,548.880063914871,50000.0,0
95.93486694459571,0.2222222222222222,0.27710055299529995,21405.5320826392,548.8235176591013,50000.0,0
92.98068257813561,0.20987654320987653,0.28534799683059775,20929.233610962165,521.5809084143006,48305.0,0
92.05087856630128,0.2073170731707317,0.2921935336403346,29232.806296494007,516.9364688977065,60640.0,0
91.32241303286766,0.20481927710843373,0.2946294913273921,27240.81328736559,511.82630460662153,57904.0,0
90.40654344660773,0.20238095238095238,0.29654494397193787,29007.798998848863,507.11834918858074,60772.0,0
88.96871244560012,0.19047619047619047,0.3049249437652267,24292.608923868294,492.8981782243791,51504.0,0
88.43516653236955,0.18823529411764706,0.3092365446535081,20742.162676431937,487.62076771941065,46457.0,0
87.91583390027891,0.18604651162790697,0.3141593442693788,29517.402301602524,483.38245570703066,59439.0,0
87.42107939746813,0.1839080459770115,0.31662443647016697,19625.763988124625,479.4423774748108,45200.0,0
86.6624240704572,0.18181818181818182,0.3186561878642033,23422.379810709324,475.6025651978449,51244.0,0
83.87612156360542,0.17045454545454544,0.3289074016155297,33646.77875042331,454.9129524206791,64868.0,0
83.17820752533581,0.16853932584269662,0.3331391520554914,31623.808904343266,451.2460609449076,62250.0,0
82.6389680175322,0.16666666666666666,0.3370454006254041,32193.706366286413,447.35459516118914,63501.0,0
80.91487996278457,0.15555555555555556,0.3455842154683316,30363.6216994387,434.2182069527763,60318.0,0
80.26068627773776,0.15384615384615385,0.34690451960166896,28208.40421547937,430.5349199098101,57378.0,0
79.82186993385604,0.15217391304347827,0.34729787015019764,27612.351667147224,427.48088124818196,56707.0,0
76.29064870305876,0.14130434782608695,0.35274593153759354,32650.60800924671,403.78905198197145,62117.0,0
75.69912078871383,0.13978494623655913,0.35528202127711983,29443.132862568404,400.94486887422386,57557.0,0
72.60918367689473,0.12903225806451613,0.36362182945891536,26363.9121987534,383.4416963362355,52197.0,0
71.99868630186761,0.1276595744680851,0.3693822328795128,25141.472518749608,380.78460688281825,50576.0,0
70.4599738551975,0.11702127659574468,0.37466601534819843,21496.496338764424,367.1366765402565,45233.0,0
69.15694796035864,0.10638297872340426,0.38103258647508154,32505.64826879169,347.31985787760215,59289.0,0
68.64739089465604,0.10526315789473684,0.3851607288208414,29085.813127248723,344.3005415349677,54611.0,0
68.21177137191582,0.10416666666666667,0.38717900663632676,30124.949457903098,341.54764276574195,56480.0,0
65.89519102437818,0.09375,0.3970465248809926,31071.400831378094,326.7213445979864,56101.0,0
65.67966746720808,0.09278350515463918,0.3985795243400286,32707.42640953045,323.7826722155212,58852.0,0
65.4509218732128,0.09183673469387756,0.3974545902162062,30680.23216102831,320.9680487938583,56289.0,0
63.91588766188922,0.09183673469387756,0.40064212167024216,30738.697067352692,301.5742526041595,55411.0,0
61.19938803045553,0.08163265306122448,0.4067495884450488,31267.796130651554,291.957511429309,57188.0,0
60.7842493247209,0.08080808080808081,0.4101603637398122,29388.30238679185,290.33687508714354,54802.0,0
60.59449603244687,0.08163265306122448,0.41125470902672273,28271.17794241493,287.9371622515409,54226.0,0
60.41746491609073,0.08080808080808081,0.41124593958420014,22751.83095327813,286.3919970647312,46194.0,0
60.22791450608903,0.08080808080808081,0.4117740253876395,35430.73853605276,285.2832191351278,64825.0,0
59.50069852967127,0.08080808080808081,0.41258910233756185,30109.278715189124,282.1233771304131,57918.0,0
58.887318534787795,0.08080808080808081,0.4117199885579284,26672.21552154501,277.8854291825429,52676.0,0
58.59416174369172,0.08080808080808081,0.411723690619769,26277.512480274803,277.5081896791602,53668.0,0
57.96886426884076,0.08080808080808081,0.4153832647223574,33481.73997347234,271.9051688382593,63188.0,0
57.56812398762714,0.08,0.41764074843335797,34077.803186552155,270.752287903169,64378.0,0
57.026448534313495,0.08,0.42193303821720995,31225.659591886182,266.3763478838535,60885.0,0
56.522406298554046,0.08080808080808081,0.42651398659038603,31511.432192385226,261.8321080090881,62213.0,0
56.20540964119528,0.08,0.4256745803380636,28116.02053144338,260.07138657848236,57470.0,0
55.800579585083014,0.08,0.4321491560177651,25807.71522949782,258.4354216945701,54578.0,0
55.6788840210499,0.07920792079207921,0.43654015664148493,28269.980630995706,257.26201973651666,58379.0,0
55.50029012492866,0.0784313725490196,0.4353952284157238,31319.96739173307,255.65906866379163,63363.0,0
54.95221681613882,0.0784313725490196,0.44102216936767624,25337.060037748997,252.65753284501122,54905.0,0
54.690980527876675,0.06862745098039216,0.4429644993485424,21264.345782388595,250.90281016058654,50131.0,0
54.378140284238434,0.06796116504854369,0.444472798380647,17845.54402576543,249.70546702709643,45310.0,0
53.840029040413064,0.06796116504854369,0.4428021473961256,21386.05543788581,247.67253212016007,49901.0,0
53.69387197612753,0.0673076923076923,0.44599076497098117,19500.866389847197,246.65101075128734,47281.0,0
52.69238898540815,0.06796116504854369,0.4454496005696713,28341.038322562905,244.27838622260197,62719.0,0
52.50238244862011,0.06796116504854369,0.4516394267617395,22288.815391537406,241.4587444876409,52788.0,0
51.85933133034273,0.06796116504854369,0.4486626871414534,22308.340102613543,239.8687731998516,53147.0,0
51.57340534070987,0.0673076923076923,0.4509535521564031,22172.047636465835,238.12353909253318,53090.0,0
51.089775661626916,0.0673076923076923,0.4522197849075847,24333.22987045077,235.73517153127628,57287.0,0
50.52497790360558,0.0673076923076923,0.4577028950404453,16464.816572015447,234.83690146207053,45704.0,0
50.115956615342036,0.0673076923076923,0.4618859253056245,18470.063272937237,232.25875224593608,50560.0,0
49.832157096349746,0.06666666666666667,0.46527218328848297,26411.202621065124,230.8162578307831,62536.0,0
49.63794428192367,0.0660377358490566,0.4661441939231739,15768.929145572403,229.57874417347784,46731.0,0
49.237868907899895,0.06666666666666667,0.46996451096334646,23360.141991977365,227.05136379787902,57783.0,0
49.16518212920537,0.0660377358490566,0.47370414156965135,27387.991742762137,225.88560833778237,63994.0,0
48.54967330763199,0.0660377358490566,0.47379118874855536,17860.65340820634,222.32947987079797,50624.0,0
47.785114422716816,0.0660377358490566,0.47371919918778727,22904.571168949285,221.98407986342636,59316.0,0
47.67409876131928,0.0660377358490566,0.47592502243881113,20885.977640201712,220.47658014970665,56100.0,0
47.524930139465745,0.06542056074766354,0.48027963488078823,19870.71350758993,219.10564961383997,54776.0,0
46.84685182024825,0.06542056074766354,0.48214951479620605,17637.507546678487,216.90038839643236,51947.0,0
46.46927573396013,0.06542056074766354,0.48310184530023825,25197.743079522163,215.392260363901,64663.0,0
46.208580890368864,0.06542056074766354,0.48229382031331997,23096.474440799364,213.18014650717507,62474.0,0
45.53217315156576,0.06542056074766354,0.48654040891690403,20586.247456272293,210.49300206101194,58214.0,0
44.91003322288105,0.06542056074766354,0.48859405235257075,19030.687079910615,207.78544915204424,56518.0,0
44.66030546403835,0.05660377358490566,0.4888278118821672,10514.91081392238,206.02800805963756,46045.0,0
44.32682267371707,0.04716981132075472,0.4967547305372879,16448.845488473635,201.95397691989092,55474.0,0
46.14856839596785,0.05714285714285714,0.48877525109789655,22561.026982218795,215.6803390984564,64739.113437747335,1
47.64598503836875,0.0673076923076923,0.4848352297240229,20856.522809359907,223.8077521932027,64265.25654059036,1
49.33290102229782,0.06796116504854369,0.4812896874376808,20604.356612377615,227.01517470390695,64569.67975041173,1
51.42956867510256,0.07766990291262135,0.4737282668558226,20255.009468396656,235.12109980689658,63976.94189596851,1
52.0466211172001,0.06930693069306931,0.4606853816470619,16716.59645192222,252.6823329720344,61452.1209524904,1
53.7804715300743,0.08,0.4531619809358979,16667.027670690266,269.25362073161943,61731.346599707715,1
55.22039230069803,0.09183673469387756,0.44636774115938305,14039.921714388673,284.2179848996307,59832.95358456281,1
57.12439171065641,0.10204081632653061,0.44589784240821745,13154.327525394438,300.58185454545657,59577.1254436919,1
58.537602719340974,0.11224489795918367,0.4397355209155174,13002.487015419896,314.0020722532177,59838.850804480346,1
59.50407647282968,0.12371134020618557,0.4294295805928367,10181.174702674225,320.51825767283754,58055.19926095007,1
60.62235671113241,0.1368421052631579,0.4236654830886965,10310.985153013156,335.8308929274273,58424.88117666067,1
62.423246081654426,0.14736842105263157,0.41792368717829526,9383.79270652188,346.9878364107056,57374.284349322465,1
65.29354052585909,0.14893617021276595,0.4177033713749503,6383.111841723518,356.56546403618074,55834.20515010163,1
66.22431260541408,0.16129032258064516,0.4095994923740873,4563.78637511755,367.6615544762321,54139.92296684912,1
69.41162309018249,0.17204301075268819,0.410966618732362,4878.743122498409,387.6427286367441,54719.66219436525,1
71.29680881941111,0.18478260869565216,0.4048091098053077,3767.6084674351164,397.9978277776194,54299.84998993516,1
72.11033387696487,0.2,0.3955446992365694,1773.1894922545046,414.2317239487177,52636.27118022742,1
73.81030015605975,0.21348314606741572,0.39253188273548567,762.9787691039226,428.5280789294934,51135.26684429404,1
76.59866424599119,0.23255813953488372,0.3703328839276192,-6546.4142521072945,445.13765572426047,50986.51887751126,1
81.83085732735442,0.25301204819277107,0.35498959852330536,4057.0918947974096,478.6720573278323,51249.5641208156,1
83.94416840065776,0.2682926829268293,0.3450987892798629,-10609.897942759593,499.5970353543345,49069.00410609164,1
87.15905130143737,0.2804878048780488,0.33755681203429483,-8603.984873331847,528.0582201697404,49353.382710144564,1
92.03466774375936,0.3037974683544304,0.3179466523339127,-5702.012748762715,565.8354608707522,48177.366252929205,1
97.0270928155583,0.32894736842105265,0.30026970916429657,-2549.2996836953093,612.7310429164957,46763.4319046529,1
101.47572128892838,0.35135135135135137,0.2851648053340348,-6124.414406746654,637.8649342975275,45489.736619843,1
107.44044223622836,0.38028169014084506,0.26451543829640234,-7420.681123571933,685.7446434568728,45218.943786191056,1
112.32088537872735,0.38571428571428573,0.258750310990436,-8546.412282217867,705.2463846900719,44418.76708330004,1
119.44931347669828,0.4117647058823529,0.24038062731898469,-2058.1677487258967,751.227863171771,43123.3498220155,1
123.30536433934707,0.4264705882352941,0.23838433005381776,-14523.69630000434,764.762547625316,43044.35975701857,1
130.72928186867566,0.45454545454545453,0.22952285164945502,-7057.985098540454,819.1334115171434,43170.20787357556,1
134.09953746958826,0.4696969696969697,0.2228873684097864,-14904.531043107292,836.6885305603595,40872.599630101635,1
140.8700849485948,0.5,0.20947567840345807,-14221.75489797022,871.5678189138783,41150.138319951875,1
145.55836674766803,0.515625,0.20196646201353768,-12309.926061713664,894.2227571685564,39038.61488808625,1
155.50520232943072,0.5573770491803278,0.18793639210226026,-10901.662978379143,947.9732126979853,38573.88629738658,1
161.7037971568784,0.5833333333333334,0.18068387942982775,-4979.264087029894,994.5131160429632,37895.38790274195,1
168.51216961913923,0.6101694915254238,0.17187616159205663,-6266.178576324137,1021.1552307951256,37929.20866325222,1
171.1067653598835,0.6271186440677966,0.16736920079751905,-17253.177165432433,1053.6711255896034,36933.845366480484,1
182.37913172279673,0.6785714285714286,0.148842382285705,-14195.956368772795,1147.8481216417938,36067.79936357012,1
186.8862353938166,0.6964285714285714,0.14656663768704586,-7557.502147842477,1180.60181071113,34384.76052179908,1
201.02166928245535,0.7547169811320755,0.12606169376229442,-15135.970224557728,1280.0594918678382,35090.15582930667,1
206.9078192926211,0.7884615384615384,0.11545994001689186,-11126.78198301396,1336.8747387534158,33950.58659538972,1
224.3697782749687,0.8571428571428571,0.09921742188910532,-13157.377239018315,1450.2260845268677,32408.542983300722,1
228.13823321319163,0.8775510204081632,0.0950092758796646,-21945.30410585839,1472.4492757131065,32078.0980295569,1
238.1191174777848,0.9166666666666666,0.08704595055127551,-18252.4837070396,1535.1830382619817,30867.341136931318,1
245.48190572776826,0.9574468085106383,0.07413348525857748,-10972.137888773437,1590.3731264790113,29596.2992252629,1
252.57131034069695,1.0,0.06253209555926816,-24695.073192872012,1666.534105709438,28599.343647301626,1
252.5202220197802,1.0,0.06282240107802452,-23700.86172704,1678.9440909738926,29309.15074425884,1
252.46980520828313,1.0,0.06260847705285175,-24840.11916442528,1670.2227022330517,27271.979912317576,1
252.39745873731195,1.0,0.0612551714863896,-24531.050562286575,1660.1462382345696,27902.35950656888,1
252.29197919322996,1.0,0.0602130810119598,-24409.70879864542,1681.8149680072195,25541.15928305319,1
252.46646928178802,1.0,0.061386939146155735,-23957.663978602468,1697.6361459375323,25790.53667807928,1
252.4135074875491,1.0,0.06228765147372923,-24896.178452832144,1674.7889731749935,24959.235860766323,1
250.91958400312873,1.0,0.06184727687039047,-24816.17758401079,1678.7972988470617,24537.13993886818,1
251.86582010881406,1.0,0.06324381971534813,-25472.436450638037,1656.3764451960005,22327.41876773115,1
253.0579221517236,1.0,0.06201216092541634,-24547.97145418498,1662.8683819151759,22892.2304706184,1
252.2731112287699,1.0,0.06226117037116497,-25668.9207139136,1642.7588740627777,20610.4477244417,1
253.6404479125699,1.0,0.062331007811128485,-24650.99622377538,1649.0647902469755,21360.492822745837,1
255.59262466392957,1.0,0.062199427672136,-26307.41587062269,1674.2647593193826,19540.301752064974,1
254.4215448649578,1.0,0.06342801849003277,-26533.9090672664,1690.4092650342404,18673.392241149697,1
255.08254588389036,1.0,0.0608593206839983,-25209.91653754097,1697.789946392563,18304.7287670084,1
254.34488591243073,1.0,0.062252902226161644,-24605.51045401502,1706.1333150140063,18089.886466756856,1
254.88667990420933,1.0,0.061760938056775995,-24907.84067804233,1719.7891104809862,17023.932416733212,1
257.84111521156916,1.0,0.06123214753940163,-26252.20266403814,1731.1744382150484,15488.937009944897,1
255.44563057864363,1.0,0.06087309627093117,-25688.841315071855,1720.735718636409,15833.11497896098,1
255.75230816469667,1.0,0.061594901142467275,-25912.712894529057,1708.300241148465,13912.069139563713,1
258.2211890547052,1.0,0.06179611783551181,-25727.43521260638,1700.5937210145462,12823.127167384499,1
259.20003962083126,1.0,0.0626587992950804,-25595.713433698307,1695.0438447036147,13160.018998402435,1
262.40909534784896,1.0,0.06316677909738355,-26897.595017778407,1715.9043153078876,11260.079467572672,1
262.37435102004565,1.0,0.06238307495106153,-25117.74194833761,1719.207625352822,11575.435024027702,1
264.01214677017134,1.0,0.062482808703026776,-25623.72531019795,1727.1212874726384,11008.102446059916,1
259.68645795521525,0.9795918367346939,0.06401956744883605,-26455.761910788908,1689.851481942545,9163.738544965545,0
255.21585276653653,0.96,0.06650929189076268,-25075.035164818903,1666.1683309200555,10892.039538988554,0
251.7671843089621,0.94,0.07222871540224486,-24867.37346957076,1634.5291107934017,10310.37458118955,0
248.36498272682837,0.9215686274509803,0.07447517333520096,-23615.34526636828,1613.825308129076,11878.439920394063,0
245.6106138625082,0.9038461538461539,0.07913112301061023,-23445.091336570655,1593.1538132492171,11655.254018111713,0
243.60826245484756,0.8846153846153846,0.08219519327742009,-22079.974100106298,1551.0177297665987,12787.973659344634,0
240.86969679493754,0.8653846153846154,0.08560794513855584,-21088.16231255726,1542.7081816855466,14433.08426218782,0
238.3599908462738,0.8490566037735849,0.08912158322270075,-21392.585264670473,1520.3515171595618,13562.70471720062,0
235.0569990144671,0.8333333333333334,0.08954067678807232,-20175.484337976668,1496.6347608379454,14977.126290049555,0
232.59895540032025,0.8148148148148148,0.09296932026074327,-19509.939115917266,1467.1954732366926,15460.660140783688,0
229.05266773102827,0.8,0.09724627635222682,-18791.10628411492,1447.592218003862,16318.176060530728,0
224.45447619662895,0.7818181818181819,0.10244543064701171,-17480.902087628885,1441.3448260361815,17355.91397078398,0
222.0692366683003,0.7678571428571429,0.10438883795786079,-17301.252171005646,1425.9139743474884,17264.161986064395,0
217.57214687767492,0.75,0.10973508045270051,-17465.552732916723,1396.1577557880737,17074.366418808706,0
213.78113184344306,0.7321428571428571,0.1146214020182389,-17198.295338097316,1384.9475394451376,18097.194513294813,0
211.9042695330696,0.7192982456140351,0.11885516718585158,-15790.460913513303,1366.1095897659789,19877.06886586718,0
210.05344244443293,0.7068965517241379,0.11884473196965092,-16142.89153387645,1347.9695836271324,18982.371075268624,0
204.3953360531668,0.6842105263157895,0.1237935027970626,-14548.035460490553,1310.9704007842206,19751.416892120524,0
201.57325715290511,0.6724137931034483,0.1254032108180836,-13594.660475605551,1292.5407398440373,20921.281114469657,0
198.775497488133,0.6551724137931034,0.13025139214591291,-12353.906616684786,1282.0610791983868,20783.29281319536,0
197.1666151865885,0.6440677966101694,0.13554184859810628,-10984.743619826393,1268.7187268469418,22662.70399596041,0
194.6040432769168,0.6333333333333333,0.14038202896233187,-10891.648366984364,1254.4031672276776,22713.32667471868,0
190.6641126561562,0.6166666666666667,0.14255888708980455,-9942.365536979061,1235.365836737048,23927.473546039946,0
188.70638366736068,0.6065573770491803,0.1468376655926642,-9366.879358892409,1220.6301753280625,24576.16259901172,0
184.8277398894229,0.5901639344262295,0.15277738854457262,-8654.655397629298,1206.7165409060367,25043.361840010126,0
183.10900546008855,0.5806451612903226,0.1546927664423695,-8487.843351332604,1193.4272085114987,25213.17782936729,0
179.33184015993868,0.5645161290322581,0.15865731386205778,-7785.779500786104,1169.021025583999,26452.816602594237,0
177.0938996890474,0.5555555555555556,0.15866349942599822,-7526.3758188084585,1156.568194492599,26717.21475810534,0
173.83061912351664,0.5396825396825397,0.16135046990444263,-6963.76560889018,1149.6441804938993,26560.087528997068,0
172.68455938795253,0.53125,0.1617130442841948,-6437.570135175119,1137.0091914899924,27281.69261551249,0
170.85351385628593,0.515625,0.16813517897160596,-4971.703552704819,1111.3372054785077,28789.16332564693,0
168.80720229739362,0.5076923076923077,0.17053735451242985,-5660.642636795534,1098.8663002487633,27730.519950477526,0
167.4588814373374,0.5,0.1757173797222532,-5020.29523556007,1086.1725024127293,28619.183788251583,0
165.0746939840773,0.48484848484848486,0.17933364003116878,-2836.8224657099727,1057.8846552616017,30170.536133594444,0
163.4786774831087,0.47761194029850745,0.1825640350416926,-3005.909641433729,1045.9314434512532,29884.42577467231,0
160.3108913204533,0.4626865671641791,0.18974666895617506,-3268.5021217885364,1021.4309200237936,30303.227707546946,0
158.9291910576217,0.45588235294117646,0.1922803084431986,-2290.9578620525717,1014.3668097967168,31704.95766192043,0
157.14450620957035,0.4492753623188406,0.19428562445076417,-1364.8535495476578,1002.4874136523933,33046.27866524904,0
154.06465513769183,0.43478260869565216,0.19582726599593528,-1328.9212022377092,979.1022582618269,31969.83320777314,0
152.0923938763179,0.42028985507246375,0.20109746613705895,1147.8738046948804,960.2884928566508,34102.73702148753,0
150.46279467225332,0.4142857142857143,0.20124370770241876,949.4601188814148,949.10615517328,33831.14055911866,0
146.5887775784121,0.4,0.20595984383297303,2125.5407730580264,923.7638967756711,35263.728362233,0
144.46051646158594,0.38571428571428573,0.20986801566933874,3127.4908053640793,911.9107406834954,35504.30325759267,0
143.73862282952012,0.38028169014084506,0.21078463115292131,3445.6224577925395,901.3752011978759,36027.38986329004,0
140.36218252404962,0.36619718309859156,0.21713705982483195,5055.298567564274,880.6062864428516,37035.42289212923,0
139.3755633659805,0.3611111111111111,0.21647286165775764,4457.904939023591,873.3961177826287,36210.06475343487,0
138.87260467947902,0.3561643835616438,0.21637523936668418,5072.148733286187,868.6057137731655,37197.704168149474,0
137.82422627789927,0.3424657534246575,0.22226042782898572,6485.6403401978005,857.4986241275262,38244.50467046442,0
136.132204238222,0.3287671232876712,0.22819509442974661,6617.5868445630695,834.941695556173,39098.51787122485,0
135.2286396377105,0.32432432432432434,0.2272951862746981,7165.036910202817,830.297789166441,40024.96935452668,0
133.20962315408877,0.3108108108108108,0.2310702011604175,8964.443870668441,802.9563808541315,40453.08000312431,0
132.62980597265496,0.32,0.23240126918502002,8628.640216098918,794.5813628434827,40069.92106968947,0
129.76633565749918,0.30666666666666664,0.2393240968480952,8877.343885750615,784.6236138254076,40904.63398944095,0
129.07793707891148,0.3026315789473684,0.24233953015080467,9851.499969949391,780.7122198344007,42482.64025161759,0
127.17045250125021,0.3026315789473684,0.24818538267445378,11720.469439282631,770.2079875540943,42610.03911990895,0
126.86018549629708,0.2987012987012987,0.24612666265640407,12298.36842122488,764.9244239131178,43722.584565967925,0
126.24041402333494,0.2948717948717949,0.24826023171036105,11701.529906986523,761.4848033844971,42963.06475918297,0
125.37224593390641,0.2911392405063291,0.2516388927286544,12187.44925493866,755.7242329647125,43807.49645993433,0
120.60816934933344,0.28205128205128205,0.25975631969907187,13516.91303568553,717.149027312645,44786.95906603828,0
120.37292568240242,0.27848101265822783,0.26158511422413705,13570.274505510934,714.4482742894656,45009.10860922857,0
120.15074182525458,0.275,0.2624861690056117,14591.264205711392,709.3458412433893,46728.65915964387,0
118.39677520713126,0.2625,0.2673627594132277,15024.830761881487,703.3123412260536,46939.7316337914,0
116.77663111426367,0.25,0.27048165251316214,16834.993896364882,684.5128597603067,47375.60551423661,0
113.62769474758299,0.2375,0.2787359250745161,16365.995736542483,670.6942293315308,46817.44190844622,0
113.48186079752386,0.2345679012345679,0.2776244945246861,17708.695431781507,667.1078067705963,49044.696374108105,0
113.29899822227593,0.23170731707317074,0.27831417592661084,17347.18659306181,666.1792790884797,48677.20137056599,0
111.29388043871468,0.21951219512195122,0.2810043797431603,19800.042168540615,642.7643070180395,49728.598244172994,0
110.53413235515339,0.21686746987951808,0.27951392334977265,19294.192643545815,642.1195694669683,49427.56386218386,0
109.42945919996875,0.20481927710843373,0.2867840271823646,19347.02352921641,638.2443086944608,50000.0,0
109.1019026332812,0.20238095238095238,0.29123733952111985,19238.50858835738,635.7794194579247,50000.0,0
105.65331555088129,0.19047619047619047,0.29725979466220515,27094.44879898422,613.9900188033831,59694.0,0
104.56832534059228,0.18823529411764706,0.29951715231071835,21804.678598040602,608.3106033607177,52070.0,0
101.4241597825253,0.17647058823529413,0.3017938223198542,20219.390423659886,581.5149916069189,48767.0,0
99.45079414072889,0.16470588235294117,0.3067548832592875,31260.727076032395,553.7912801318196,64641.0,0
98.3979403501527,0.16279069767441862,0.30553529621976044,20808.491613167553,548.6998593780046,49511.0,0
96.70544590629567,0.1511627906976744,0.3140824525116637,31469.811976150126,527.9528820859554,64867.0,0
93.58252033150998,0.1511627906976744,0.32163963946218443,21784.912811396553,510.3211626644787,49247.0,0
92.71489369756223,0.14942528735632185,0.3226928895990156,23082.24285137698,506.18952390786313,51304.0,0
92.10574462899012,0.14772727272727273,0.3231474477790781,20653.83571442196,501.98139977327685,47977.0,0
89.02930592411128,0.13636363636363635,0.3310650233559495,25313.046808007457,475.68315745401577,53066.0,0
85.4153626154483,0.125,0.3426980456479209,27106.889501919344,453.4789899155952,55283.0,0
84.56476365828307,0.12359550561797752,0.34139064088158005,28478.360357247235,449.3890256956302,57744.0,0
83.84210030324667,0.12222222222222222,0.3435412771006861,24662.52653509605,444.98219131171624,52418.0,0
81.78388183554178,0.12222222222222222,0.3512621856272191,33989.9855661003,426.5461829160349,64069.0,0
81.02113360174164,0.12087912087912088,0.3497490696051574,25220.15515040699,422.76490854389317,51556.0,0
77.97602095280398,0.10989010989010989,0.3565025370183235,26755.80887888808,414.54875169936423,52211.0,0
77.4853796794458,0.10869565217391304,0.3570724555972586,30765.387120033527,410.6189286398518,58357.0,0
76.84511176415938,0.10752688172043011,0.35892524099456374,33127.27517592474,407.72545910649785,62208.0,0
76.42428323632453,0.10638297872340426,0.36033150398891706,29220.04671643265,404.0998957930854,56548.0,0
73.61576971172246,0.09574468085106383,0.3714061658771045,27357.244258499006,387.8116748055296,53542.0,0
73.04299894299653,0.09473684210526316,0.37677805052637275,23887.468774018806,384.23893286690276,48619.0,0
72.4234273686118,0.09375,0.37726097853428514,22860.325002123715,381.59253836119933,47412.0,0
69.28169322455562,0.08333333333333333,0.3870888000620654,24345.51744464658,370.37823961789053,47015.0,0
68.93604070678559,0.08247422680412371,0.3897861817763998,29774.86787545911,367.7712924043212,55436.0,0
68.4848219223132,0.08163265306122448,0.3890116743927406,25768.230310302577,365.18728881377723,49911.0,0
65.30759161276936,0.07142857142857142,0.39827517964109416,31483.50924329447,345.58192001071455,57982.0,0
64.8458274463183,0.0707070707070707,0.4003443074269314,31836.911628702663,343.102660021144,58971.0,0
61.878218190459606,0.06060606060606061,0.4055269773654601,28924.730593285934,323.1998016615127,53813.0,0
61.569899850711444,0.06,0.40793293653432383,29813.721810397223,320.41459105873264,55394.0,0
59.31086634309269,0.05,0.413615347998542,35720.168080336596,302.08498437362323,62257.0,0
58.99374250064914,0.05,0.4151987332276883,35100.71405465662,297.6699413263282,63314.0,0
58.801186587866084,0.05,0.41863807157778377,35684.059857376014,293.9180020961467,63268.0,0
58.360370625044865,0.04950495049504951,0.41982045200569784,24234.806886113347,292.2491487621859,46456.0,0
57.813905921079055,0.04950495049504951,0.41742997097402207,30036.399076353096,291.7719134537927,56625.0,0
57.44107641309318,0.049019607843137254,0.42058342349626776,27167.758544941516,289.43304544843323,52495.0,0
57.07224047174151,0.049019607843137254,0.42166423396792835,35839.14337769701,284.23111579380037,65093.0,0
56.640271374251874,0.04854368932038835,0.4225182267061681,33129.57973795252,282.8675498739166,61310.0,0
56.03356770223862,0.04854368932038835,0.42386470036338747,31522.404202471465,278.9732923201305,60001.0,0
55.4743716902408,0.04854368932038835,0.43274235689051394,31386.987010720433,277.3929094568772,60957.0,0
55.087696491718674,0.04807692307692308,0.4317318872875044,27609.630485017988,276.1491834644136,55708.0,0
54.35400374680956,0.04807692307692308,0.4351081837445533,34812.2026578721,272.0916466264806,65127.0,0
54.13745100435915,0.047619047619047616,0.43943005580899624,21961.228048743105,270.6496040266943,46275.0,0
53.847341280487406,0.04716981132075472,0.44055029680725877,29165.484898193365,269.45456431498724,57278.0,0
52.938545229317285,0.04716981132075472,0.44402457140742907,30955.380618037765,267.287008102982,61189.0,0
52.557948113577204,0.04716981132075472,0.4455549775962498,28109.643125660503,265.7736579468918,57481.0,0
51.94863059897502,0.04716981132075472,0.4490285574423761,32524.737669479837,264.08889633516316,64873.0,0
51.886021650307804,0.04716981132075472,0.4480966880830969,18551.643743911063,261.4366748065681,45080.0,0
51.85725882315182,0.04716981132075472,0.44836191112185014,19516.155652375022,258.348587520873,46185.0,0
51.59445999246913,0.04672897196261682,0.450402684021415,20823.404202426722,256.8880311928302,48397.0,0
51.12908003609833,0.04672897196261682,0.45152534122346794,28504.98053363232,252.18144516170085,59698.0,0
50.58511439369686,0.04672897196261682,0.44909006214160235,19319.41285385761,248.7691180287605,46975.0,0
50.09651608533324,0.04672897196261682,0.45126894040350946,29629.761914800256,246.08981673808222,63932.0,0
49.2762477565477,0.04672897196261682,0.4517337987493232,30052.40477501018,244.46162454161447,63426.0,0
49.147192029293514,0.046296296296296294,0.4500838875744463,26455.981442477114,242.62833271779047,58587.0,0
48.34704196962613,0.046296296296296294,0.45957225529456275,30178.572110972524,240.1319220687712,64576.0,0
48.17382742554852,0.045871559633027525,0.4638240872323376,25919.695998650455,239.28530092986716,58487.0,0
47.753123358969134,0.045871559633027525,0.46460594248907267,19180.024352588996,238.81788782670304,49417.0,0
47.732319797382544,0.045871559633027525,0.46595275827966814,20529.40748990116,237.5746698600112,51313.0,0
47.426551373377414,0.045454545454545456,0.4698829976462141,29377.517702341444,236.07061531634787,64735.0,0
46.92743316935086,0.045454545454545456,0.46833948733481495,22699.03179991621,234.54423341154722,56673.0,0
46.334234132018956,0.045871559633027525,0.46431749852875714,16204.615034751312,229.80510420638484,48000.0,0
46.09691443225722,0.045454545454545456,0.4682870634411377,24823.373475942382,228.23304686416705,61018.0,0
45.92331560546209,0.04504504504504504,0.47439075431861955,23094.805872260855,226.7535380500969,58554.0,0
45.42709214274944,0.04504504504504504,0.47866591159847094,14311.781268323108,224.69402865352464,45886.0,0
44.984520551814924,0.04504504504504504,0.47766238086587154,22448.7615354361,223.02758827081752,58623.0,0
44.65430584466414,0.04504504504504504,0.47434370999867037,26309.48045573793,222.3472873362235,64596.0,0
44.2106392945158,0.045454545454545456,0.4721698783424721,21888.388363750506,216.61588775563928,59380.0,0
44.15686053351298,0.045454545454545456,0.47642398381903905,16921.47954848099,214.49173355536755,51714.0,0
43.44948591333967,0.045454545454545456,0.47416142631970276,13428.412023211826,211.75681875528258,47359.0,0
42.869791751476306,0.045454545454545456,0.4798081942370787,13456.449092391298,209.53262948470163,48887.0,0
43.842810893375216,0.05504587155963303,0.4738969663067491,25191.203219834937,225.95093167350916,66173.08148503034,1
45.07256313242341,0.06422018348623854,0.46861267590374156,22804.22562938194,241.1183056975536,64181.1015642793,1
46.40476122549421,0.07476635514018691,0.45284889926640026,20978.997417008282,243.99398643478153,63155.97245623639,1
48.86194020593669,0.08411214953271028,0.45014383988947226,19543.53437213456,248.29339852055222,62336.235590527045,1
50.942031463259184,0.09433962264150944,0.44563002519427897,18288.721443150367,258.25061504779967,61453.86046302612,1
53.935362279390496,0.10476190476190476,0.4397337547789664,17309.17770608048,263.47112187650396,61141.50155374172,1
55.4039795255068,0.11428571428571428,0.433857035850707,17246.682525158045,280.4128308972236,61327.198918083566,1
56.47620413305243,0.125,0.43270143751459805,15524.99883434602,292.0909913424753,60138.4962418316,1
58.39864727933001,0.13592233009708737,0.4259164611053673,14756.232778989543,308.0521602319045,59272.92357366854,1
60.24073981563687,0.14705882352941177,0.41968187397445633,12377.927048998221,320.08859495231764,57589.35003968649,1
63.153614242857024,0.15841584158415842,0.41259912478113936,11125.19945660719,337.169444857975,57106.508904197086,1
64.15529105881744,0.16161616161616163,0.40622217683599476,9038.886512378913,342.7221618153031,55948.28832511447,1
66.39899178538226,0.1717171717171717,0.4026933144702041,9000.723905902047,349.5765193424183,56016.89247985779,1
67.7108679452146,0.17346938775510204,0.3981088601586113,8398.850472406682,363.1459639006626,55532.57931222817,1
70.43711562620034,0.17708333333333334,0.383401170334038,5883.612248572092,384.6962708675749,53832.597158540004,1
71.38338206150516,0.19148936170212766,0.37644450985415767,4722.6839209700065,402.63949449829977,54372.4807706292,1
72.86042937592046,0.2,0.3744424760048627,3248.0650697992605,411.75155393905965,52236.810549138754,1
73.83481738944444,0.21505376344086022,0.36449566493527635,1568.4268312922593,427.7692458369357,51028.94875504959,1
74.77305399679291,0.22826086956521738,0.3611621083390339,616.480079848848,440.35699458588084,50351.657259586864,1
77.36798994260869,0.24175824175824176,0.3543249391531771,622.6743302673996,441.9002612893357,50930.202591115536,1
78.59105369331598,0.25274725274725274,0.34914211855210364,-7408.638562167287,458.8158783294356,48605.8515838661,1
82.56540453919338,0.2696629213483146,0.33853664595087923,-11293.160348515712,482.28626835623135,47789.22547226761,1
85.2807956979833,0.2808988764044944,0.3329455051786651,-966.5966038194949,497.8014131493924,48063.64321109848,1
91.14344242057267,0.29069767441860467,0.31839783553217643,47.079875562547585,523.1400618676981,48047.147125622076,1
94.87096151969787,0.3058823529411765,0.3101033934613807,-6252.554735445637,537.1497888663379,45938.58762615191,1
100.52889559190275,0.3253012048192771,0.2992428797497741,-12692.51215652738,567.4630497493558,45184.97677109054,1
105.10473223900884,0.3333333333333333,0.285378503851905,-8544.272664833246,593.3331119098477,45578.30826845806,1
108.91120321843884,0.35,0.27961677697950305,-8553.73752238446,608.4015151122127,43756.09630595778,1
113.78321951177689,0.37662337662337664,0.2614478610622253,-2467.31321330961,650.912035519061,43343.96273819962,1
118.95218473489517,0.39473684210526316,0.25097284519583335,-5442.261839158783,682.5530206162388,41786.53702028781,1
124.2954188384372,0.4189189189189189,0.2396886372855502,-8679.707980574105,723.0516480840363,40898.48869239737,1
129.13572908186745,0.4444444444444444,0.22688571124363757,-15768.20248398164,764.4656288830387,39860.77919606716,1
137.62720503669613,0.4852941176470588,0.2083763489662439,-17589.402061451183,830.4335401948398,38965.89031087535,1
143.3911725451049,0.5151515151515151,0.19605002411204794,-15105.977747468787,887.1119770647226,38386.41440761288,1
155.08870471904052,0.5645161290322581,0.1742632768015773,-15856.206394021992,960.2977158302335,37506.864404191336,1
159.2666197476528,0.5806451612903226,0.1684873577492013,-12777.840663559538,979.4445540037925,38355.72548120974,1
171.6033481376204,0.6379310344827587,0.14627147115669747,-15686.310420215339,1080.9801678053295,36351.188098011444,1
180.7666731472257,0.6785714285714286,0.13682644252401838,-18338.952056864397,1131.5041218726367,36143.770774288845,1
190.09089951020292,0.7222222222222222,0.12154841812998701,-16259.070237018695,1207.6754061584388,34170.44475857045,1
201.31393104886033,0.7692307692307693,0.10599358716260641,-19717.59252851582,1276.0516910444333,35186.585977322466,1
220.95808241079135,0.8541666666666666,0.0786645497019101,-7875.09902224585,1423.7250650713133,34132.29862488884,1
228.3538034039106,0.8936170212765957,0.070110289684625,-21194.689073443853,1486.7653270614467,32808.02771410731,1
243.57112112604818,0.9555555555555556,0.06130636299983658,-10132.522768516365,1576.8662066255624,32324.09520212684,1
251.49726337460615,1.0,0.05242826466683851,-23479.689945562437,1637.466736776579,31212.578261094186,1
254.15329125971573,1.0,0.051947429815215634,-22724.082434550844,1635.4770125499047,29878.745746267043,1
256.1437014203111,1.0,0.05205334140709706,-22801.19498826625,1649.5185984287236,29115.38222648875,1
257.9755903899605,1.0,0.05248348778009279,-22336.89150340159,1663.4656937628997,29085.079213688514,1
256.1305013527389,1.0,0.05265109763278227,-22725.509496207782,1681.5677554700435,27724.98691783431,1
255.50715619479263,1.0,0.05303696907479248,-22218.703273008978,1680.1190864974653,28133.955228057588,1
254.42324042029642,1.0,0.052760591512895874,-23834.124091552945,1664.6673915483734,25425.04855086083,1
252.13267790478622,1.0,0.051208546897321724,-22568.192861174495,1689.3174417415605,26008.023466718943,1
253.3420266922755,1.0,0.050853140721612525,-22880.629971756924,1681.6688190466632,25045.43519217413,1
252.85985663696565,1.0,0.051321673703974016,-22576.8641490527,1680.7838493157558,23772.668399945058,1
250.8590583338483,1.0,0.0522841336744066,-22670.072104606945,1654.498755716176,22870.29048572724,1
252.55438647606664,1.0,0.05347809098265323,-22034.981323258708,1636.1438415655664,23206.136844064018,1
249.48395606802018,1.0,0.05271639649664023,-22837.520638035272,1669.4995313808322,21925.511706058685,1
248.01767247224035,1.0,0.05263329787728099,-22689.983527525852,1653.371096587018,20393.373069508885,1
247.08358912695456,1.0,0.053100913806955426,-23365.226572682215,1650.948133069586,19780.22010039228,1
248.4770448880068,1.0,0.051354449169148365,-21939.588487309833,1643.347877956487,18881.585065967534,1
249.2790277839795,1.0,0.05129257400421138,-22202.173995259065,1632.9152233672273,18125.151447372216,1
250.27072161050828,1.0,0.05150758693514345,-21795.619461602102,1653.8494289412122,17843.3071474665,1
253.37317111493306,1.0,0.05212198220080903,-22412.420226497852,1653.4285100651127,17383.370667994313,1
251.21627482614932,1.0,0.0535466621317887,-21997.68849383894,1666.8168508594501,15629.035093765035,1
254.12030633647677,1.0,0.05351091104382961,-22644.671076006558,1645.0329529190703,14239.628055857818,1
253.00284497022471,1.0,0.05253262247829771,-22558.0265632206,1654.5574415182284,14979.151894694023,1
254.40272144925498,1.0,0.053030803053302496,-22479.173418992574,1645.2657240030674,14420.881515624074,1
253.13402962406292,1.0,0.05211260106705391,-22761.57367502668,1637.0880949931168,12041.215904127914,1
251.00169258362072,1.0,0.051300016453275164,-21896.371664205115,1662.6740503736817,12660.552098982924,1
246.91059749981903,1.0,0.051249718668158396,-23257.46196499347,1679.7228042984104,11128.939597415825,1
248.06199571164143,1.0,0.05179367961954081,-22364.55345734967,1696.7802762855117,10489.101759741332,1
243.5987633904753,0.9767441860465116,0.05644672574818264,-22237.485752081637,1662.9971889814985,10402.997890368315,0
239.24216125189878,0.9545454545454546,0.05811771653532974,-21570.00859229581,1630.4295487246332,11128.713113360696,0
236.68669181462698,0.9318181818181818,0.06013273562556647,-20244.896535692747,1598.4303690401982,11976.416123439092,0
233.53934454519776,0.9111111111111111,0.06382745196923777,-19990.11363593667,1575.9941606997631,11935.78076909558,0
228.12374823195427,0.8888888888888888,0.06629417420697577,-19702.527034747796,1542.0254050435992,11870.519891853884,0
225.35590143226352,0.8695652173913043,0.06912826038441007,-18743.043007590637,1517.8932459328812,12910.920935638655,0
221.5460517843034,0.8478260869565217,0.07360208476063555,-17344.2446780143,1480.1618480848388,14559.63631886153,0
218.31124361134204,0.8297872340425532,0.07899294654449479,-17912.226911226495,1457.4035114466415,13507.953358097755,0
215.39551639599904,0.8125,0.08130758380747127,-16270.541795459365,1435.772705560541,15735.397195964804,0
212.88301585684894,0.7916666666666666,0.0831062795705917,-16317.448321076208,1407.4612602497718,15082.563755632973,0
209.62768785462396,0.7755102040816326,0.08758892256780765,-16128.897996394262,1390.6098803149516,15167.232718755035,0
206.47631556966115,0.76,0.09142094139591915,-14698.200286572908,1369.7575752320906,17028.465448700135,0
205.5566168834597,0.74,0.09690057896242746,-14843.212126019893,1338.059263134023,16620.176343372463,0
203.68190759462598,0.7450980392156863,0.0989355246836144,-13609.085625841446,1320.4514570248264,18279.16065013148,0
200.8746439583814,0.7307692307692307,0.0995423845902641,-13362.708935186123,1305.133739171374,18394.111385227356,0
197.7915887934689,0.7115384615384616,0.10549442094550764,-12193.538253122784,1264.3123770957643,19710.52331875542,0
195.61722836365595,0.6981132075471698,0.10894506490798514,-12080.04551389308,1245.5870366226495,19582.12555307181,0
193.26228039111217,0.6851851851851852,0.10960913244132192,-11764.566190583131,1231.7364256320723,19863.20273477603,0
188.3435016560737,0.660377358490566,0.11433793262900603,-10390.956480448882,1211.994861479539,21220.14059357261,0
186.0175801647933,0.6481481481481481,0.11758353759643392,-10224.610154269729,1193.9245177959656,21247.25499938781,0
183.31088183773343,0.6363636363636364,0.11995814871318113,-9023.238436719934,1181.7347649786225,22896.456402276133,0
181.31248588325525,0.625,0.12149289118954826,-9263.07493136051,1165.8843764575754,22458.354985171743,0
178.65813956215592,0.6071428571428571,0.12596329231750258,-9017.350892193004,1125.130201654097,22896.14238982655,0
176.14546802839146,0.5964912280701754,0.12702033489018297,-7804.77962891318,1112.2502517876655,24522.77825420712,0
171.81104253294168,0.5789473684210527,0.13227401508095707,-6966.588039692426,1105.5609377461435,23979.426375229694,0
170.70941415836754,0.5689655172413793,0.13123496623628705,-6428.0757329188145,1089.7136923845642,24612.01344411287,0
167.94388462829536,0.5517241379310345,0.13377380501432146,-6563.223712692249,1059.3114137654256,25547.6496896664,0
166.36508956895975,0.5423728813559322,0.1370622175120799,-5809.939270875766,1050.7755001217636,26592.457347887295,0
163.33055711911433,0.5254237288135594,0.1413926230610899,-4449.307593033983,1030.8939779518148,27652.71146353477,0
161.4267641336094,0.5166666666666667,0.1432428053469565,-4140.165905994879,1023.3531786367064,28004.371902151972,0
159.9134082485753,0.5081967213114754,0.14717172507772314,-3700.9701148513473,1011.2527802134091,28586.013424116616,0
157.28223202067682,0.4918032786885246,0.15353538696096858,-2363.1463539320284,975.2220667294129,29327.938506104205,0
155.75240410783354,0.4838709677419355,0.15377246428424365,-2793.3111722506274,968.7620710647313,28630.752932431245,0
153.55846612574112,0.46774193548387094,0.16028059836181568,-1040.9873236565516,943.1445887013182,30790.495644396877,0
152.25538959101092,0.4603174603174603,0.16379387103760124,-1818.9531426539054,931.3891328047864,29622.171298523204,0
148.1505889985402,0.4603174603174603,0.16939389564421467,303.548601888566,917.8149897714684,31658.42013669813,0
147.09294264856254,0.453125,0.1739161200381884,428.8388883209093,906.4199055352171,31847.664554714815,0
145.57493604214636,0.4375,0.18063278511609845,1257.1462013464577,894.783714469386,31717.771325318376,0
144.20283991291612,0.4307692307692308,0.1855308923649156,2548.646646406259,888.078508226159,33630.38831558699,0
142.58042341817918,0.42424242424242425,0.1837468947294413,2919.2157972686236,880.0927519376157,34245.55331644079,0
139.60353174407174,0.4090909090909091,0.18976988206313622,3435.1547943778596,851.1209244591049,34191.529387386116,0
138.67158471580174,0.40298507462686567,0.1905900677065901,4347.236983981429,843.8851100363647,35578.09433376176,0
137.48693215289273,0.39705882352941174,0.1932820483968417,3639.481999422658,835.3164922035986,34570.78138858684,0
130.47914314683672,0.373134328358209,0.19702731808617263,5589.774365627642,799.220242921741,35935.87946571407,0
129.85475570791678,0.36764705882352944,0.20208083663981571,6194.579298886545,791.0519045078627,36873.847294554536,0
128.7397176302056,0.36231884057971014,0.2047133600277687,6420.23580919175,785.9306275816107,37330.814232959136,0
126.72146876974345,0.34782608695652173,0.20533787918532898,6340.504399100138,764.8794801515741,37629.18558923779,0
124.12247288582454,0.3333333333333333,0.20970244278745462,8273.854307797576,744.5274126682652,37684.57198008749,0
122.96821402221467,0.32857142857142857,0.21185957641742786,9581.320826683681,741.43279990137,39767.84326253668,0
120.38368342660316,0.3142857142857143,0.21984209662075355,9167.407865411205,737.6156038426833,39498.46273627845,0
119.36404469701078,0.30985915492957744,0.22406354053370106,9467.293642049668,731.8046108906506,40069.72809108301,0
118.24491739365097,0.29577464788732394,0.2253612453631098,10433.167207433742,704.0111439347895,40520.65881877455,0
118.08786384548522,0.2916666666666667,0.2271073828652453,11254.789014923086,696.8169321954779,41846.09356155498,0
115.18460223668006,0.2777777777777778,0.23678871041756458,12879.122176008217,684.2664437259689,42700.659136273665,0
114.36670992229296,0.273972602739726,0.23544059701200154,13126.215709443115,677.4153413256024,43356.68281039299,0
112.38622611053663,0.2602739726027397,0.24431358843980808,13252.935931105763,655.7767490858905,42297.590837430194,0
111.80980504703031,0.25675675675675674,0.24618663458989742,13678.276098869237,653.3602955933909,43218.35861130145,0
108.36792727846091,0.24324324324324326,0.24973785825605416,13590.554131154353,636.6723915429496,43286.41536083286,0
107.79579745468222,0.25333333333333335,0.2516669391439544,14334.561079850268,631.1385482704859,44658.515241442634,0
104.6825640165896,0.24,0.26185960532487923,16361.274630979351,624.3286807967364,45806.285704778296,0
104.51583415435134,0.23684210526315788,0.26495818977307223,16263.33968665561,623.7507767613985,45937.180808082274,0
104.19037999733862,0.23376623376623376,0.2641464081788938,17071.995124993162,623.4267728373773,47528.617511741475,0
103.07384456074293,0.22077922077922077,0.2729664248678544,18047.23294747858,605.5175346832202,46872.77978737208,0
102.29302462597452,0.21794871794871795,0.27267487467091683,18543.48902699028,603.3449743902919,47793.74965301226,0
101.75472590718786,0.21518987341772153,0.2728220978257385,18939.72851693462,602.0444758398471,48614.05966430923,0
101.5534889358467,0.2125,0.2727976480082627,19594.650811363626,596.959293401748,49783.8788122405,0
100.23920225985334,0.2,0.2799666092617143,19615.53654579107,584.9941792064664,48618.49786336727,0
100.2604235408328,0.19753086419753085,0.27682467527117466,20172.069759286424,582.362231264071,49940.605827968335,0
97.9614525368061,0.18518518518518517,0.2843697512902373,21231.132234494286,557.3187028773976,50000.0,0
97.2277445822572,0.18292682926829268,0.2851858263833293,21067.235639579027,554.886099941572,50000.0,0
96.43910256977806,0.18072289156626506,0.28898986990216297,24454.311755014984,549.2701221600895,55279.0,0
93.6475499796239,0.1686746987951807,0.29212093327297683,19860.798360074554,532.6932543507011,47718.0,0
92.66571933005011,0.17857142857142858,0.294375001308641,18614.40435773248,527.3273410325355,46038.0,0
89.67923100513919,0.16666666666666666,0.3084479146039167,27195.392070390993,514.082481666196,57620.0,0
88.74964909038289,0.16470588235294117,0.3134359407486599,30166.285782234743,509.78261238567376,62338.0,0
88.05506177840095,0.16279069767441862,0.31926671333167406,30113.81493223415,504.90148145617786,62536.0,0
85.53897132542808,0.1511627906976744,0.3273302352469683,22548.94874250703,477.61393078841957,50699.0,0
84.71314230277353,0.14942528735632185,0.3301696888772451,20455.132660113086,473.11971991238477,47801.0,0
81.0920729424201,0.13793103448275862,0.33676325601180046,28953.195685801737,453.68758743148607,58622.0,0
79.35396623923212,0.12643678160919541,0.3422238026205427,26580.780442674743,438.8809725005586,53546.0,0
78.59555612262979,0.125,0.34489018213951955,27226.129841795595,435.3183646342184,54885.0,0
78.14823847637078,0.12359550561797752,0.3472795975333582,32337.843424818257,430.9053684628818,62739.0,0
74.86550333383147,0.11235955056179775,0.35802430419789816,22774.678482440926,420.69476771054644,48461.0,0
74.46283604445057,0.1111111111111111,0.3628643236185822,22653.593808982743,416.8575793391361,48525.0,0
73.8469349730487,0.10989010989010989,0.3651808761092919,29040.0719348183,413.31109909108966,58212.0,0
71.50011228489153,0.0989010989010989,0.37020352812125823,33927.13395978183,395.30924843170453,64472.0,0
70.91226054089576,0.09782608695652174,0.36985831831165233,31434.84401907108,392.6126418183648,61290.0,0
67.900668889334,0.08695652173913043,0.3734068709209235,30647.196819235985,379.5964162598001,57609.0,0
65.32832565742969,0.07608695652173914,0.3848269147936617,35897.177712937235,371.7703287775884,65269.0,0
65.04101772031652,0.07526881720430108,0.38702460652356463,34169.012081180685,369.425806512341,63017.0,0
64.65706663094316,0.07446808510638298,0.3861128387723728,32009.247965725626,366.38684387787197,60224.0,0
64.44387221407952,0.07368421052631578,0.3907909195034651,26551.622114521306,364.17673795306956,52334.0,0
62.85828748661978,0.06315789473684211,0.4017601779624101,28296.18388575561,344.4975903598705,52710.0,0
62.66681658390234,0.0625,0.4052742080609716,29596.89983214973,341.6452374249088,54818.0,0
62.27331618348399,0.061855670103092786,0.4070966811129687,34445.32570393769,338.7484035938654,62278.0,0
60.848969117137216,0.05154639175257732,0.4206188089929874,35085.16788589124,314.5159557757528,61548.0,0
60.540705656853575,0.05102040816326531,0.4236302818060802,25896.065227639763,312.1066671989869,48413.0,0
60.32834493559105,0.050505050505050504,0.4225357208711599,24615.061411658575,310.0103945555635,46876.0,0
59.87816824393238,0.05,0.4239171383837523,34482.070410547625,307.38406138322074,61718.0,0
59.42147905924513,0.04950495049504951,0.4271652370768684,34206.072732798755,304.82569757799513,61525.0,0
57.06114095513403,0.039603960396039604,0.4287593528300552,35444.46420734766,295.0787309514789,63459.0,0
56.91184356228985,0.04950495049504951,0.4285302442010556,34293.629747937644,293.1865807862184,62421.0,0
56.65230435764265,0.04950495049504951,0.4284022388026955,28828.742486756906,291.6696000889489,55201.0,0
56.60113091701907,0.04950495049504951,0.43285044766173736,28823.981324302797,288.41880131482884,54797.0,0
56.39844595848661,0.049019607843137254,0.4371714386117735,25050.193996606256,286.6088427033643,49343.0,0
55.79109168875457,0.049019607843137254,0.4369504106397621,26969.920650445816,281.30620554816596,51952.0,0
55.586198571600576,0.04854368932038835,0.43718519177384063,29253.03992448301,280.01397728640916,55561.0,0
54.83623331800253,0.04854368932038835,0.4419762117772257,27628.602642922175,276.4296622265123,54055.0,0
54.39064268490431,0.04807692307692308,0.4435104794818196,27741.190680863783,274.20243316904083,54396.0,0
53.974936944162735,0.04854368932038835,0.4443630846512045,25427.39397121299,271.8369745608568,51416.0,0
53.458332713888346,0.04854368932038835,0.4437395280501302,26494.020759903393,269.2705544691986,55377.0,0
53.07890790653372,0.04854368932038835,0.44809270194906997,33826.5537441849,266.02428295433236,65304.0,0
52.775202827700625,0.04854368932038835,0.45019411550421545,24614.375413390895,263.27826484813085,51803.0,0
52.64897202918615,0.04807692307692308,0.45097416900845205,23756.696089274104,262.2392960984107,50684.0,0
52.50549947001445,0.04807692307692308,0.4501002088751334,23522.070733675577,257.1670925404721,52042.0,0
52.329661777081654,0.04807692307692308,0.45020256751894155,20908.98799999627,255.22088923411988,47692.0,0
51.99985453698988,0.047619047619047616,0.4491779162475978,28385.253137655633,253.92958592814733,59141.0,0
50.52127190186563,0.038461538461538464,0.45269039106340797,27886.36465905722,248.22390938938003,59705.0,0
50.40127589640059,0.0380952380952381,0.4568186438082435,19724.154575388766,246.8798800870343,47718.0,0
50.17425274534959,0.03773584905660377,0.46232246106823155,30574.2400261184,245.40002015428234,64069.0,0
49.996970780504974,0.03773584905660377,0.46238529508378895,25692.622521669407,241.2389047868364,58160.0,0
49.85969986875269,0.03773584905660377,0.46290437228001363,21051.871979340835,239.24407696533194,50984.0,0
49.61957846727078,0.037383177570093455,0.466955350082862,27745.6676852309,237.8389677281597,61144.0,0
49.15358949223029,0.037383177570093455,0.4705161439392351,26323.892380386475,236.77515112505054,59043.0,0
49.0996434415179,0.037037037037037035,0.4731722520857288,26967.953855628795,235.67347990704724,60183.0,0
48.855097779037095,0.037037037037037035,0.4784095150128084,29174.886451439044,231.5603683860572,64664.0,0
48.300177757433445,0.037037037037037035,0.4822480851299377,21335.003904501198,227.52422791366942,52936.0,0
48.25439177814354,0.03669724770642202,0.48258925557228133,27737.26503437543,226.48904148501842,62732.0,0
47.950045185977956,0.03669724770642202,0.484084736294013,21852.00802156485,225.4866157021719,55473.0,0
47.65258718865571,0.03636363636363636,0.48838123577581843,22805.03392459029,224.74753329048386,57059.0,0
47.389453348888445,0.03669724770642202,0.485495905575394,27602.997986688606,220.0919039631346,64214.0,0
46.87815215778244,0.03669724770642202,0.4885753231642274,26906.075466662933,219.29212155424364,64548.0,0
46.66401389182752,0.03669724770642202,0.49209214660742134,16462.489736198444,216.61305347136053,48372.0,0
46.43790286698481,0.03636363636363636,0.49493316133694537,16362.944323619093,215.5859284522841,48344.0,0
46.235535024415604,0.036036036036036036,0.4950604554196043,23040.879673720774,214.42991937034552,58479.0,0
46.005015024438656,0.036036036036036036,0.4990553772681977,22375.386672392975,209.69601502866496,57994.0,0
45.3384724568965,0.036036036036036036,0.5040147702258412,22137.038857182895,208.91256598895987,58423.0,0
45.13866324305845,0.036036036036036036,0.5070614997643536,22768.946931106802,207.35245658018428,60609.0,0
44.85334039141013,0.036036036036036036,0.509658312301474,20084.288666365206,202.78797098848753,57596.0,0
44.050781726859185,0.036036036036036036,0.5127729539438111,19321.12375897094,200.72701023209936,56634.0,0
46.28795376398623,0.045454545454545456,0.4997161891333465,24383.374944574778,205.87893585779594,65743.81959491872,1
47.94561841162672,0.05555555555555555,0.4866476593848309,23859.711108785083,207.86119521925573,65253.49830821682,1
49.59320847234748,0.056074766355140186,0.4782835861639704,20988.25493677674,225.08182288126224,63232.04080967816,1
51.203610447833604,0.06666666666666667,0.4651317380113926,19663.903259985713,234.36466068499766,63485.31689155808,1
51.99901724915173,0.0784313725490196,0.45562326980045487,17164.387019404938,242.38729351455476,61340.587253082565,1
53.478134881444284,0.0891089108910891,0.44376322729200335,15858.465122958609,253.98215814206355,61020.85023649029,1
54.877373563403,0.1,0.4379432940911263,15534.28933313982,264.10776285207163,60879.488635891925,1
57.85258419379878,0.1111111111111111,0.4350336020402205,13684.111630438538,279.82839632990215,59813.04916861403,1
60.799887623001425,0.12244897959183673,0.4243914731630886,11905.254208480836,288.28012503140616,58232.80135824655,1
62.74194378510784,0.13541666666666666,0.41396241329532735,10591.877585099945,309.620517544917,59085.25811094222,1
64.85729188681626,0.14736842105263157,0.40560295099727145,10142.133572743558,324.42912478727396,58351.832116041456,1
66.89338737838858,0.1595744680851064,0.39750046177924026,7780.77055207237,330.4598758422245,56284.519307185394,1
68.17787627556841,0.16129032258064516,0.38733610766239646,6479.737175196823,342.1907108531355,55625.6679704076,1
69.03382963567809,0.17391304347826086,0.3789376030348859,5947.428619579888,346.49552106131176,55763.43666222317,1
70.74926892756812,0.18888888888888888,0.3723060755032661,3421.491229480978,348.744426820699,54886.75257941828,1
71.4210335904792,0.20224719101123595,0.36827344349415586,1767.6730903688801,372.9322116674479,52582.81247792185,1
73.46265288809128,0.21839080459770116,0.36061144933440015,-1731.8682888637327,390.0272597712303,52685.5255343244,1
78.40605121150247,0.2261904761904762,0.340962477246838,-6730.4615598446135,428.5120971247399,52286.4397883341,1
82.16890519290837,0.24096385542168675,0.32842790167564245,34.02676356862587,444.85499326174676,50749.45976557994,1
85.64101893197837,0.25301204819277107,0.3194794604731499,1735.1510287203932,466.8900124220884,50400.928448678394,1
89.90822928000148,0.2682926829268293,0.3103948684509818,-2926.3449472564557,483.6838021412543,49193.819574358626,1
92.98203979970967,0.2875,0.2945186827764016,850.5364761343552,511.75870827631405,49728.66658075605,1
98.51673105333498,0.3076923076923077,0.2807475313978272,-10622.238544058779,535.6968924558205,48656.1328216657,1
103.3633618082919,0.3246753246753247,0.27570483444797367,-6750.7041092569425,557.7103048016972,47580.42581199543,1
106.93262806732612,0.3466666666666667,0.26023867585122956,-9405.79012144468,582.4775308340293,46198.5163572308,1
109.80559517041907,0.36486486486486486,0.2520067370111862,-4557.1127189509125,614.8436803412344,45914.87558196218,1
113.94017656229319,0.3835616438356164,0.2429527893948243,-11197.51418585717,639.8732241349844,45526.21334142257,1
121.06730438692239,0.4084507042253521,0.2283327491545746,-1866.7059478154229,668.1922667080289,44078.38652708553,1
128.8372699480517,0.43283582089552236,0.21094033466585907,-7655.678977643495,724.8098575735019,43826.45164334742,1
135.64317941996808,0.46875,0.19613225695366812,-8388.165507271451,788.4544328824395,42988.26269780217,1
144.43901674753093,0.5,0.1858923421540408,-6265.833582748269,847.8457819821423,42070.59106228873,1
150.0251332794352,0.5245901639344263,0.17216786187310695,-16092.120911555634,880.8450961767996,41201.31696405025,1
157.95240892030023,0.5689655172413793,0.15896623880988994,-4569.87123665705,936.4947727778698,40872.64902717321,1
167.97806467057347,0.6181818181818182,0.14158817111675853,-16125.694137199727,1019.8813083754244,39946.7729006583,1
172.8554120672481,0.6363636363636364,0.13501003660663222,-13125.720354702762,1036.1679885049973,38498.938159788246,1
180.59952858757956,0.6792452830188679,0.12433048853089299,-14626.644892813825,1107.6472051723488,37171.70489415688,1
192.2296843485858,0.74,0.10363738780421883,-17100.079877068885,1199.8262923645902,37245.57281291834,1
206.39701457958697,0.8085106382978723,0.08679651039415637,-19124.991697881527,1312.2551778654324,35951.0217200418,1
212.16895437691275,0.8297872340425532,0.08566299796215185,-9276.497139265906,1349.892721721315,34464.88844712809,1
223.84882074606256,0.8888888888888888,0.07468681491893034,-15585.397135375806,1444.679601478458,34665.61575374239,1
238.6510041156047,0.9534883720930233,0.058664739534573546,-16663.5405307574,1559.4777787632886,32783.93053560088,1
249.97399967877274,1.0,0.0516531117009096,-21970.5487909206,1634.6534551466862,33226.81415885086,1
246.59215078441443,1.0,0.05236142470352648,-22951.04167923499,1654.1627773044977,31229.37330787183,1
244.4239126047448,1.0,0.05284548159343667,-22498.84647161902,1638.0463628905022,31530.86814970328,1
245.00810675694044,1.0,0.0539698635313089,-23080.10611036036,1630.33486766989,29892.70841424964,1
245.9466893177773,1.0,0.05348958921019097,-21950.457299076912,1649.1963446928498,29341.671508432926,1
243.7927248328195,1.0,0.05337679106157985,-21334.180828632274,1641.156163248239,29496.468841808375,1
245.56228617230815,1.0,0.0555334472634288,-21796.604345653835,1621.4649041501932,28924.17328223965,1
246.53032656745518,1.0,0.056726174612177,-23584.129662898948,1631.9951994084029,26272.132039730852,1
246.55513871693393,1.0,0.057153935900978906,-23208.765578566246,1647.546159981667,26181.22035576527,1
248.27342511215863,1.0,0.05736019492893129,-22996.171543831555,1634.278044429656,25565.868516697323,1
247.10000583788133,1.0,0.056080860490212575,-22680.59918007698,1639.5052638575644,24361.253633665496,1
242.47555946722426,1.0,0.05686375922126059,-22877.195022862325,1628.9001900984954,24911.333697685892,1
244.12033941807806,1.0,0.05621210547139053,-23486.622258056886,1612.5930845922062,23187.98061711323,1
241.88155825033044,1.0,0.056083410272135564,-23413.09258710152,1621.4103231742824,21420.837183605992,1
242.77544732900986,1.0,0.055709724513479844,-22142.194250497683,1652.990530723684,22509.589205647822,1
242.6255889131552,1.0,0.055634464006915685,-24131.01283287282,1647.544921455034,19905.104448017297,1
246.96220962867648,1.0,0.05466684910144063,-22110.42808452666,1678.486121489893,20252.081725815147,1
245.83536352566,1.0,0.05458345274862872,-22575.145585353774,1685.373679565463,19194.555395555,1
248.13137019562743,1.0,0.05540979040408889,-22360.25895656955,1689.4544783680572,19082.247974765065,1
249.55200122713404,1.0,0.05446853599080434,-23597.025434572675,1695.7020660769738,17632.58189940682,1
249.94494352481686,1.0,0.056765302645014025,-24144.472447788088,1678.4530629802896,17170.487747083567,1
249.39413784429306,1.0,0.05722851431693451,-24391.94515670424,1672.4146171567588,16316.870068865474,1
249.63981186845055,1.0,0.0573147696645153,-23836.547546562066,1668.7511779960216,15349.039611409165,1
251.17178103616132,1.0,0.05878380775596197,-23812.720590155644,1681.1522527737727,15012.284021420943,1
249.07592499704253,1.0,0.05786570631461435,-24512.23622537204,1674.7909406458427,12807.794467069845,1
249.67678836244286,1.0,0.05930013878898897,-24798.309577346405,1676.2146753878098,13470.528277823747,1
253.38769090255974,1.0,0.05895191510945524,-25487.5883070969,1665.8050856246427,11073.213382226415,1
253.61975543315089,1.0,0.057145895482922635,-25018.80616544424,1685.3754924562468,10300.383831787896,1
252.16444219076348,1.0,0.058704451775850826,-24378.765737071928,1701.986427549969,10344.930215035087,1
248.00155407368155,0.9787234042553191,0.06111654468117642,-24515.951483572564,1671.4792082331123,9624.68182311548,0
246.48197536783954,0.9574468085106383,0.06448256881696533,-23704.854134950037,1660.2226217545328,10691.336174878355,0
244.24485862043613,0.9361702127659575,0.06867051741413727,-22740.36409472496,1620.4057940369316,11690.449039109737,0
240.3088985232639,0.9148936170212766,0.07043184036475676,-22800.752454939815,1600.0720811180447,10819.876000036547,0
237.30262082396428,0.8958333333333334,0.07426754570195897,-21641.350636073104,1571.1719222549975,12036.356681472504,0
233.8880520827552,0.8775510204081632,0.07443631737280125,-20236.831047078053,1544.0287155009082,13735.77529619237,0
228.03783024719365,0.8571428571428571,0.08023031654348296,-20829.64049435176,1534.0380113347103,13251.16280712161,0
224.60054691096047,0.84,0.08296693653624393,-19940.57099767141,1511.3848472199468,14356.482574616404,0
221.84212644646755,0.8235294117647058,0.083968938305622,-19038.66616381726,1488.8406993282238,15285.096410553477,0
218.9115331375665,0.803921568627451,0.08881243928271197,-18682.800016673,1466.6376868733184,15642.83046576454,0
215.625676775326,0.7884615384615384,0.08974331208685293,-17740.273913324992,1441.3665537641484,16863.144893859437,0
212.4920691466191,0.7735849056603774,0.09083956614377355,-17468.928006210233,1421.492555415708,16956.2818470575,0
210.26427615131038,0.7547169811320755,0.09439231932201171,-17163.900636594877,1390.0378288869379,16607.76367117097,0
207.65425838015923,0.7407407407407407,0.09535108354903926,-16855.352683890138,1370.351668243748,16851.663853582337,0
203.5324193580851,0.7222222222222222,0.10210974541842308,-14818.519197576574,1337.4890720171722,19222.6597238603,0
200.64732016337263,0.7037037037037037,0.10773085798272708,-15378.074588739732,1320.6345773237485,18396.543686651083,0
198.6099832464378,0.6909090909090909,0.11265624440309309,-14743.801912816092,1307.2688822225919,19025.024608670134,0
197.06026562024533,0.6727272727272727,0.11823830656415273,-14017.10252011692,1297.237446749989,19408.293891847257,0
195.29150472013265,0.6607142857142857,0.12013641638864625,-13493.16907058438,1279.3429084721724,20054.368646662308,0
192.67544899651475,0.6491228070175439,0.12150148556091958,-12064.416876078381,1264.5044357103445,22058.688495554154,0
190.48124507487927,0.631578947368421,0.12574024501091055,-11291.34710480485,1233.1016096916153,21750.348787876126,0
186.6494647107483,0.6140350877192983,0.12876860900932394,-9953.79859024366,1218.449171374872,22510.081221014683,0
184.71710951191116,0.603448275862069,0.1332246160655005,-9871.824521582703,1207.7779092856724,22462.14379874384,0
182.815690345584,0.5862068965517241,0.13815159019346365,-8685.983420661001,1176.8345453013842,24559.341780521467,0
180.66064838292186,0.576271186440678,0.14024709980488217,-9283.066960998378,1159.587348164181,23491.12571790389,0
179.1458172881036,0.5666666666666667,0.14490774242246857,-8254.021089828546,1146.485708119394,24883.771828009765,0
177.1981854854155,0.55,0.15084008359800125,-6628.431614312757,1123.2830969497518,26187.844803047134,0
175.7103125613927,0.5409836065573771,0.15396672410729256,-6110.068102675843,1107.6742999133182,26805.84452484322,0
172.88458427795325,0.5245901639344263,0.1556262442349107,-4481.070437944521,1077.3575434909544,27752.47856003469,0
168.62007992555706,0.5081967213114754,0.1600084071756054,-4354.130886895906,1055.5589594675475,28204.860410082045,0
167.3381598747875,0.4918032786885246,0.1622460685245835,-2909.150302470526,1029.4092753148884,28527.09053146682,0
166.36004812937358,0.4838709677419355,0.16551469357813592,-3072.439822627238,1020.5187688973549,28250.711351347938,0
165.2050081028022,0.47619047619047616,0.16856925607864165,-2760.2533862133514,1009.8315216175828,28688.971686745303,0
163.19821220420198,0.46875,0.16940321300086883,-1940.7233216712696,1000.8682571208204,29887.702224378976,0
159.9516232388181,0.453125,0.17179579265940334,-1338.0536515109736,966.6200091002638,31258.409589656912,0
158.99439614951302,0.4461538461538462,0.17623560493559562,-1949.0712593952564,956.3470620411935,30337.90531276241,0
157.38788790354442,0.4393939393939394,0.17785452962165782,-1182.1018901515179,950.1016649936681,31455.294984930097,0
153.68983904102245,0.42424242424242425,0.18589487704217966,936.5373419099438,928.6019421785395,32604.62485602074,0
152.22156329225078,0.43283582089552236,0.18857944717933692,853.1710816476301,917.0944636989482,32497.271230290724,0
150.989220439187,0.417910447761194,0.18986325092662162,1566.8112564622147,893.1887178460295,33870.69639052469,0
149.38287451365014,0.40298507462686567,0.19481105686612737,3408.351233314554,885.2821063505314,34912.42795575774,0
148.39201054228772,0.39705882352941174,0.19588680525722757,3544.1078726499495,880.8409840759483,35162.58550947787,0
144.88288178995444,0.38235294117647056,0.20284334364716303,3977.7794876926387,869.0071247609836,35141.55648433033,0
144.29817396591608,0.37681159420289856,0.20679177364177764,4241.60766089561,859.6282428170889,35603.91184080392,0
143.52475697944183,0.37142857142857144,0.2086177011065789,4812.96909453632,853.1018815978166,36488.07039412439,0
140.55863396740145,0.35714285714285715,0.2114195765835245,5482.850597341484,823.2268498950091,37557.84693187887,0
139.6718634557572,0.36619718309859156,0.20980980795955298,4906.562142684796,816.6299803890818,36815.08969471678,0
138.10170104569406,0.352112676056338,0.2121399288054996,6445.808603263342,801.9088201980003,38492.680683465114,0
135.6140715389851,0.3380281690140845,0.21549936294518676,8118.382780886658,794.4782611967772,38223.93371715899,0
134.73671752350262,0.3333333333333333,0.21566556141728008,8151.266112779155,790.6921078548496,38416.39652042713,0
131.36030010756414,0.3333333333333333,0.21977077809226414,9243.24079804227,764.6941070978592,39868.419197667965,0
130.19055543141448,0.3287671232876712,0.21876687291983382,9880.974673508565,757.4193619293414,40953.25603780034,0
128.25089911033544,0.3150684931506849,0.22261434029594382,10773.976564094022,731.0543782188953,41628.80372995817,0
124.4934933815421,0.3013698630136986,0.2303335832264034,11669.054287946467,723.8448539208318,41408.65955977938,0
123.65171306682886,0.2972972972972973,0.2288799067226496,12227.205117194733,718.4522847678977,42484.10733171214,0
122.47226910115045,0.29333333333333333,0.23129797952873993,11932.684721180347,716.1625323125376,42224.22082325079,0
119.81726940548052,0.28,0.2393630735443342,12154.195232934782,693.2769450571608,42787.35801507796,0
119.16515424426997,0.27631578947368424,0.23845098651052288,12650.86062759864,686.9203109190988,43698.93793872572,0
118.89779913538088,0.2727272727272727,0.24168903268059785,13411.69520501173,683.3883556831393,44976.62850557856,0
116.59517143423905,0.2727272727272727,0.24651286401273464,15281.114253414109,664.959101462367,45633.49525566926,0
115.69081142630854,0.2692307692307692,0.25034038260309344,16089.299784101355,658.760748730846,46995.53190249097,0
114.71764192859764,0.27848101265822783,0.248440942054553,15588.02114479222,655.493745595885,46568.166858520875,0
111.34372389186437,0.26582278481012656,0.2534110257436982,16772.600568680176,648.9585197694288,46483.598376018905,0
109.86955874616488,0.25316455696202533,0.26014286091021954,16635.361981211245,628.7303622470297,46939.91056470795,0
109.26117958449927,0.25,0.2587557352920606,16824.608986277024,624.1637792159411,47470.44847794117,0
106.12971162343918,0.2375,0.2636716562615488,20298.853520211298,601.174620623141,49837.006725862055,0
105.63363302164052,0.2345679012345679,0.2660372320373232,20254.50484482663,600.9980866520855,50000.0,0
103.72053257792163,0.2222222222222222,0.2721839466239373,20350.529315242034,592.6253733509445,50000.0,0
103.7599904784351,0.21951219512195122,0.2699648736386818,20031.160824863182,588.3025037711892,50000.0,0
100.3736869420334,0.2073170731707317,0.2709960126560809,20658.835167639314,570.8631508360281,50000.0,0
99.28455910447714,0.20481927710843373,0.2742450161515713,24234.844555249376,564.9479461187427,55520.0,0
97.33048391118707,0.1927710843373494,0.281008658829687,19245.28966000635,541.6834742560854,47863.0,0
93.30956704757321,0.18072289156626506,0.2880573499733184,23897.3780958635,520.0340131038936,52918.0,0
92.44395093646996,0.17857142857142858,0.290864384270631,29245.12108574681,515.3743197896888,61020.0,0
91.62197254829485,0.17647058823529413,0.292169041555656,25353.371451888193,510.71986370111426,55549.0,0
89.2008892314611,0.16470588235294117,0.29831020716633366,25387.932179726344,483.38822109070924,54935.0,0
86.19637039579779,0.15294117647058825,0.3004789293763407,26408.4090086106,473.42390116585517,55448.0,0
85.63191340990413,0.1511627906976744,0.30220851019890316,26924.064288595266,469.0108074998207,56591.0,0
83.3236114233701,0.13953488372093023,0.3080797693248012,20148.044645998216,453.21604844886645,45117.0,0
82.66072588799697,0.13793103448275862,0.30952467816139,31106.161060370403,448.9515247641535,61891.0,0
79.52994899398989,0.12643678160919541,0.3175297909391857,33506.82877092226,423.6537478198871,64832.0,0
76.0726299798811,0.11494252873563218,0.3237208253219369,27805.88899034392,404.4548835807342,53996.0,0
75.50500400126481,0.11363636363636363,0.32451475721336404,34983.94697230297,401.0099718031901,65053.0,0
73.21623391295998,0.10227272727272728,0.331087339127402,30664.002984381088,382.7427918698944,59048.0,0
69.94629387053871,0.09090909090909091,0.3424769312047447,27589.158222783914,369.74735460743284,51238.0,0
69.57379721244709,0.0898876404494382,0.34126687355871016,28439.665069949693,366.6599916224299,53041.0,0
69.08121839550886,0.08888888888888889,0.34369734707667093,35794.02155857469,364.3512264785654,64160.0,0
68.76995334914633,0.08791208791208792,0.3466886247611428,31496.225677624865,361.02372906186224,58199.0,0
65.4738825197059,0.07692307692307693,0.3566607531529871,32657.973889256813,351.02992622886524,58037.0,0
65.01379480162309,0.07608695652173914,0.3590550285544585,25653.7978866188,348.09482667369565,48105.0,0
64.65089153658757,0.07526881720430108,0.36001948403449735,28303.072383880724,345.9259931349739,52481.0,0
61.218838378313094,0.06451612903225806,0.36372806121715306,31534.949150575238,325.6413472183439,57046.0,0
60.819468001336865,0.06382978723404255,0.3668463998378562,31256.315649992215,322.9530356408158,56974.0,0
58.61432976702679,0.05319148936170213,0.3741942301631165,25032.979355093205,300.2863837013566,46810.0,0
58.18521048781189,0.05263157894736842,0.3750262045258444,24588.88210933578,297.95031154520893,46384.0,0
57.7460341789645,0.05263157894736842,0.377785940496412,28738.328191191944,296.17067341625403,53791.0,0
56.8191340864266,0.05263157894736842,0.3787455224813657,23930.17984544323,292.3534831870996,47463.0,0
56.1415767567193,0.05263157894736842,0.37698029451761267,26479.745876875535,291.5120292697667,50457.0,0
55.40655600021038,0.05263157894736842,0.3804220765071881,30082.066073464208,288.53025723522575,56900.0,0
54.784926805190395,0.05263157894736842,0.38160902942217545,22556.31643894196,286.9299749330415,47403.0,0
54.35810942355313,0.05263157894736842,0.3851323650617084,33297.1966444831,285.4134635890936,63001.0,0
54.081573948702605,0.05263157894736842,0.3849926636106938,31282.66765889667,281.35031809189405,61231.0,0
53.6650460749222,0.05263157894736842,0.3905275432230002,25618.575315920607,278.61840273908615,53332.0,0
53.24668760569342,0.052083333333333336,0.394711634298466,28156.017912438598,276.75831465621457,57427.0,0
52.631953615914504,0.052083333333333336,0.3989610581245636,21479.450811631,274.1944645928024,47849.0,0
52.67960880844447,0.05263157894736842,0.39934120930286787,19592.25772104617,273.4660321096218,46056.0,0
52.249332498093,0.052083333333333336,0.40354323968720834,28995.004500464802,271.4891065004862,60398.0,0
51.903692647179305,0.052083333333333336,0.4072252409580172,28126.211052051953,268.45217129827216,58411.0,0
51.58510220708293,0.052083333333333336,0.40424653667292326,22915.02019324354,263.7891186083978,50991.0,0
51.29833304381699,0.052083333333333336,0.40639628254179827,18212.132899523614,261.820497740971,46269.0,0
51.200057819673965,0.05154639175257732,0.4083109708543234,21172.2528614813,259.7743622698267,50961.0,0
50.240495996127095,0.05154639175257732,0.40898708348334806,20244.26790546777,254.60852776147544,48715.0,0
49.39752159426788,0.05154639175257732,0.41356445828855276,30343.350301988725,249.44768949095513,64038.0,0
49.278386295240615,0.05102040816326531,0.4145456567374463,20773.50699452656,247.3138855865253,50113.0,0
48.81960483323316,0.05102040816326531,0.41655093884553773,28936.960982875218,242.2081145811343,62449.0,0
48.46306098253289,0.050505050505050504,0.4186758704636379,30501.730327025827,240.37743305563686,65027.0,0
47.36405564332903,0.05102040816326531,0.41446137479423306,21252.2190533145,236.787066846223,53824.0,0
47.259063819612344,0.05102040816326531,0.42035953210326693,25766.083268593145,232.7781988049493,60235.0,0
46.94886143837279,0.05102040816326531,0.41884794870652226,25425.94357226878,229.87369858215087,60480.0,0
46.385153906489236,0.05102040816326531,0.4248659929039037,16425.814201610607,229.35974101588317,46896.0,0
46.15279411868875,0.050505050505050504,0.4249425264708112,27801.01914507401,228.57165694093987,64056.0,0
45.634598750907685,0.050505050505050504,0.4288498908015721,24336.73963162755,224.03138185088352,60781.0,0
45.30065856398165,0.05,0.4282987658228068,14772.44350431236,223.35116069391123,46710.0,0
44.9917428625956,0.05,0.43131017008791334,27200.9354683518,222.53556041332158,64103.0,0
44.82181696925917,0.04950495049504951,0.43511606183483015,17268.04747725015,221.58888733376844,49362.0,0
44.38241691097579,0.04950495049504951,0.43731863935439674,23916.267687507625,221.4542662912336,60538.0,0
43.85605792752944,0.04950495049504951,0.4403913783762531,26478.99097250948,218.42493197480414,65340.0,0
43.83145885957061,0.049019607843137254,0.4436926735127187,17657.50747100975,217.2717916521832,52546.0,0
43.22766473526418,0.049019607843137254,0.45034440057286407,22783.8753724207,215.1189556855269,60535.0,0
43.21624276948205,0.04854368932038835,0.4490793832838337,18433.73232929338,214.14344340200927,54411.0,0
42.80714552667108,0.04854368932038835,0.4479253254390856,19764.548361752928,214.00794160718408,57352.0,0
42.64166976631551,0.04854368932038835,0.4492618053198303,19927.87105705625,212.4919160560321,57957.0,0
42.38256745731355,0.04807692307692308,0.45461922298459695,15000.792330130394,211.62467108188594,50682.0,0
42.273373112580884,0.04807692307692308,0.4543125809016425,14240.4641897558,207.23668547648498,49761.0,0
41.923779456899496,0.04807692307692308,0.45627625496000096,23030.23934593976,205.48124555138432,62631.0,0
41.12576551434535,0.04807692307692308,0.45769633178112923,17822.432651164025,202.26628474639375,55336.0,0
40.323953941714585,0.04807692307692308,0.46009968844650584,11750.80618754086,200.1928387866173,47430.0,0
40.2453727914351,0.047619047619047616,0.4629759617905164,15393.234035106027,199.35130738872087,52960.0,0
40.27001609888812,0.047619047619047616,0.4679929666483969,21501.164143029237,196.52943995607583,63271.0,0
40.02183099942755,0.047619047619047616,0.4699476028360826,19682.32278526165,196.06756469699334,59797.0,0
40.40102282266248,0.057692307692307696,0.4651666308202041,22792.724958339073,212.4361949323255,66481.00296425138,1
42.96225582716129,0.05825242718446602,0.4580149135130508,21042.210459970796,226.4086389189692,64991.571731834694,1
44.5169890797641,0.06862745098039216,0.44965657989038493,19037.668646362228,229.87120062191713,63478.06238394436,1
45.10332637779121,0.07920792079207921,0.4433684089679239,18524.560624997506,233.91844025810875,63156.918334782946,1
46.83880142664131,0.09,0.43794432483174267,16171.92123971794,252.72247936679304,61494.15145410905,1
48.72790420189258,0.1,0.4348290179177395,16927.783411789198,259.94723657687734,61998.27550904776,1
50.46470060999372,0.10204081632653061,0.42941592465398537,14863.352396217602,271.88444145157234,60456.26235125878,1
51.71619957893624,0.11224489795918367,0.42716603617073995,14151.045679787843,285.1350242226988,60911.69013070438,1
53.455764472146775,0.1134020618556701,0.41993805175948395,11580.345128912128,303.71617183968607,58974.74878325324,1
54.75359774808148,0.125,0.4133231205578281,10103.596613833357,316.16079876869173,57587.66265613809,1
56.82647138950103,0.1368421052631579,0.40658244014762995,9381.43729309486,322.4605546958917,56849.50772776043,1
57.444487611617454,0.14130434782608695,0.39663733269232515,6982.52382354164,343.7889092407987,57402.35088575648,1
59.679872212786556,0.15217391304347827,0.3923773351245538,5999.112110149298,357.33450199902836,55490.175233419934,1
63.01796429636468,0.15217391304347827,0.39287090284089077,5826.965206763234,367.2425142282931,55140.953437068034,1
65.98896795860475,0.16483516483516483,0.38272144761712296,4675.965728870536,373.31238000742917,54459.15326315463,1
68.35899607162067,0.17582417582417584,0.38173084559494747,2208.340913330433,388.19678629546314,53141.57942265373,1
71.39725608523364,0.18888888888888888,0.37477703745872676,2442.500585952361,403.44483819727856,53649.898183282916,1
72.25560823483916,0.20224719101123595,0.3716200203727093,1764.003919809752,423.5080260432531,52633.445716046794,1
75.91712573964371,0.2159090909090909,0.36525404917373394,2180.207828347505,446.5628779253513,51125.139717222155,1
81.53593400330348,0.23529411764705882,0.34757341926787755,-2422.510018173139,473.04179729868474,51312.49903448459,1
84.07667564080735,0.25301204819277107,0.33502357074806555,3367.4449779690717,504.68468597698177,50160.2132558717,1
86.29629508286513,0.26506024096385544,0.33393800902735016,-8870.060009338393,531.1738884893985,48628.276729046935,1
89.94015101676766,0.2804878048780488,0.3211866946105971,-3601.6717841844893,548.5222835959511,48600.086413739875,1
94.05856331096642,0.3,0.30858020560066274,-2308.443799632288,571.4352442694623,47796.26804017741,1
97.44897250185448,0.3125,0.3023270986001985,-4603.855876802498,581.9302725058608,46151.58098991689,1
102.69483701592625,0.3333333333333333,0.29225288226486523,-8647.807933194454,603.3535565360952,45153.44673977771,1
106.96119323080957,0.35526315789473684,0.2791917382817425,-8816.720157013577,628.3359139008599,43858.17111226066,1
112.80968297741605,0.3835616438356164,0.26296080714943554,-6123.411733396252,663.85778760882,44684.89807751707,1
116.21488359810236,0.4027777777777778,0.2531198370223705,-4529.7547293587,702.0033136638799,43694.86210836125,1
121.83076348738142,0.4225352112676056,0.2471703627199544,-4068.948704982714,721.6694984344207,41364.56189539465,1
124.84604931057552,0.44285714285714284,0.23569111506683166,-13004.257514437439,756.9671970129439,41815.57924074568,1
132.1081284069487,0.47058823529411764,0.21724702478826588,-5380.53000216137,798.035473572624,39825.919303180686,1
137.82874796987664,0.5,0.20154918597839322,-12299.614598724726,836.8032563307622,40054.07908140189,1
142.4238743394243,0.5230769230769231,0.19801282427209624,-5176.099321617493,866.5010408853739,38545.71436539716,1
150.0921351887722,0.5555555555555556,0.18436317863323556,-16943.492559975846,918.5805702910858,38719.14587246751,1
157.1962605761768,0.5806451612903226,0.17510893148195197,-16760.843518050955,963.3438855819454,37409.51956222437,1
163.6505002207329,0.6065573770491803,0.16740248245302525,-11632.43869384414,997.9559555485976,36500.95679223685,1
168.41501168929116,0.6229508196721312,0.16562952942210915,-16583.49591193433,1018.6840885304556,35462.71308435868,1
173.8720482388285,0.65,0.15461599673245882,-7935.376114840344,1046.9464050021554,35034.19936862406,1
185.44936301284187,0.7017543859649122,0.13515290028172794,-20108.185063234712,1134.2278529838813,34014.71870354707,1
201.71416234582813,0.7735849056603774,0.11034173900051862,-18543.95409501018,1229.1081877187185,32926.220164529455,1
208.4260720530509,0.8076923076923077,0.0987468193436526,-16151.43937877302,1271.9384353138425,33213.857287102364,1
220.93127696513173,0.86,0.0857706020069591,-12238.408229515888,1337.276348136494,31581.448041397132,1
225.03934537002542,0.88,0.08523415962602808,-20543.67975318345,1352.019390544977,32076.569635718137,1
232.65778957131417,0.9183673469387755,0.07601207578317737,-11206.467325750127,1410.7122789817593,30645.37888609586,1
241.72844102050328,0.9583333333333334,0.06611124085984181,-22167.109235033997,1486.2288409349305,30097.74397343673,1
251.70047896788537,1.0,0.05919751352063523,-25264.002476913258,1547.1537199254672,29122.85074983135,1
253.0764505402525,1.0,0.05957460761831967,-25134.83727637054,1523.9294444446516,28133.932676424265,1
250.94594685076763,1.0,0.059041842689277896,-24942.64910416337,1524.7695498589867,27686.914794119795,1
247.27077414298037,1.0,0.06062290744581384,-25507.08555305158,1509.859960474565,25815.89245147252,1
246.49014542580798,1.0,0.060043877393746115,-25978.62901437157,1540.6289116914595,24826.6371880674,1
248.24861280061134,1.0,0.058990760289965506,-24999.348616919193,1546.3831589285471,24184.19576927018,1
243.95268665844003,1.0,0.05924766191360233,-25183.613275263127,1557.1650610272275,23846.98235410347,1
245.34617000347737,1.0,0.05928527944059979,-25077.29271969815,1551.0114820377541,23351.265324535372,1
247.90573945240686,1.0,0.05924471435575906,-25734.253549054058,1536.6933639047809,21531.870037854686,1
246.2904937828831,1.0,0.05898113141710275,-25240.458005216853,1536.9608436615665,21449.43808838804,1
247.2287313338636,1.0,0.05904450962692784,-25392.89847367583,1523.4782273765256,20151.480353957395,1
247.71478468190148,1.0,0.05860923673513834,-24779.9347653124,1505.019454185837,20184.366488008724,1
248.71720596603504,1.0,0.05916810853868457,-25812.026096905072,1501.275900923258,19508.020810702008,1
249.29362293739638,1.0,0.058759315116498304,-25881.24948287693,1519.4750977012718,18669.878425619765,1
252.08572252879503,1.0,0.058487655141242205,-25141.95878458366,1518.4042010871171,17622.093133655024,1
250.34585897416014,1.0,0.057759411656704736,-25923.560094748507,1515.2917793039685,16065.32338958205,1
247.13458135984322,1.0,0.057346042873363985,-26227.46710614247,1509.0094758428954,15056.501439726604,1
248.56483016007715,1.0,0.05764147577127019,-25248.55973367519,1524.0966890749798,15997.042046860432,1
247.22398853862842,1.0,0.05856914785454959,-26189.027600282152,1506.766450271527,13878.307843653542,1
250.1899009416859,1.0,0.05915770094156439,-26004.243120401683,1496.1145725629547,12709.80614935806,1
247.3919234147809,1.0,0.058066121135948126,-26031.993591921993,1478.2982101305122,12757.289815949342,1
246.99638465543032,1.0,0.0579909359857844,-26034.846777287843,1492.4148508136077,11672.899564807067,1
250.68242492631612,1.0,0.057814479312655785,-25169.88319745123,1476.6009083153174,11260.796466525237,1
252.73228323776706,1.0,0.056748840655883585,-25618.348495869017,1469.2930416637737,10726.590839754168,1
248.7729104142518,0.9795918367346939,0.061229631861346445,-26269.576340948002,1448.4726761346801,9235.385121843872,0
244.7680141941723,0.9795918367346939,0.06488257664813735,-24519.676673191334,1435.0269078994345,11520.076113071624,0
241.42908593705425,0.9591836734693877,0.06426503185531086,-23406.770976675463,1424.2850281701171,11626.20116257209,0
237.50183963786228,0.94,0.06889128585685925,-22568.672938170752,1403.7106611234028,12647.44051664416,0
234.80820584352267,0.9411764705882353,0.0708156180691025,-22359.88914244559,1387.651536199573,12667.13803180825,0
229.67245971903895,0.9215686274509803,0.07277865579264878,-22228.94178353008,1379.8432384176322,12135.008897051548,0
225.08482805409722,0.9019607843137255,0.07704839206165759,-20462.39913059932,1371.4265276710973,14015.642229021078,0
221.91383980455214,0.8846153846153846,0.08116361027416157,-19773.149619514083,1354.0388179695144,14820.51197551067,0
218.70896632201547,0.8679245283018868,0.08174199846904336,-19379.75894078493,1338.4381627742507,15189.916175880715,0
215.31572376957544,0.8518518518518519,0.08488982942028013,-18724.1831123469,1322.5341938027032,15909.255361878753,0
213.00827817760108,0.8333333333333334,0.09226040279304804,-19444.88163417091,1307.732758281856,16201.832710210801,0
210.4681883017327,0.8181818181818182,0.09416794242890217,-18753.031758319445,1292.2436550583363,16822.18692875253,0
208.57090185798532,0.8,0.09896595911417422,-18634.195192837604,1278.0975367659462,16371.87795273386,0
205.527409205205,0.7857142857142857,0.10047268386183598,-16846.914119437464,1260.3365268933117,18791.53924640212,0
202.84217780236077,0.7719298245614035,0.10303326858108125,-17666.530713833625,1243.3078944924703,17410.065657624225,0
200.4204822673387,0.7586206896551724,0.10358496903615237,-17070.340776066223,1226.914056433826,18142.325055905898,0
198.3207672583266,0.7413793103448276,0.10456583909238355,-14897.548169015376,1194.5455115701895,19123.206019059235,0
194.5294200323057,0.7241379310344828,0.10697201025135658,-14380.842109253848,1188.2898448358794,20630.68594370755,0
192.57101854655943,0.711864406779661,0.10789098800343705,-13600.374898011263,1173.1747304632504,21576.934373058095,0
191.2729738433748,0.6949152542372882,0.10960263397231475,-12072.840366366108,1149.6126511048644,22023.754355726207,0
189.6748078843204,0.6833333333333333,0.11211100817518774,-12195.502091103659,1134.6293763996098,21663.041042684785,0
186.13062969570652,0.6666666666666666,0.1148546540191432,-11618.021381814839,1110.8976418434027,23073.94398899273,0
183.7420160092298,0.6557377049180327,0.11456796324214509,-10947.377080296856,1102.4734409951418,23818.382104438053,0
182.35359770978943,0.639344262295082,0.11577535501690786,-10318.59620998361,1086.703730066701,23387.874474791373,0
180.25654337133588,0.6290322580645161,0.11609050352859694,-9982.268535860234,1077.2757740292432,23777.9713087873,0
178.04421255439556,0.6129032258064516,0.12048041624305365,-9236.807663455753,1058.9452621464848,25219.10131284911,0
176.3697876459297,0.6031746031746031,0.1216636683354974,-9410.171255310377,1049.271034094824,24798.14310814741,0
174.48880280951602,0.609375,0.12317913724841673,-7892.450278411062,1039.096068769298,26941.000543743972,0
171.40954579398925,0.59375,0.12761318887823428,-6531.344533713266,1017.2507743085207,27723.246913306444,0
167.57630630328794,0.578125,0.13231617189367,-5551.62285589299,989.1629106549988,28273.97898593913,0
165.85964993605208,0.5692307692307692,0.13283224239461758,-6249.046348874498,979.731617492962,27165.79280835977,0
162.20140308338642,0.5538461538461539,0.13656634564386322,-4391.663660709707,965.5026456895766,28935.722955975005,0
159.130972064281,0.5384615384615384,0.14136348293775025,-4136.383919881353,950.6822470451601,28935.11460965745,0
158.26212677614575,0.5303030303030303,0.14483245899007638,-4052.740666804796,942.2783069303539,29007.49043928415,0
156.1326660961454,0.5151515151515151,0.15015960516099996,-2481.266316528254,932.0167992703789,30387.327826884386,0
155.37531459551886,0.5074626865671642,0.15175592361413978,-2028.5406327895475,921.5542441402316,31002.196131492965,0
153.43060876677885,0.4925373134328358,0.158022800041523,-462.4931602323719,888.7367745937308,32249.532252640107,0
152.67301873418646,0.4852941176470588,0.1586491654906036,-505.0254640561207,883.8112543292742,32181.331540478473,0
151.3173298188232,0.4782608695652174,0.15972415834542084,481.10457171610227,874.6176049584103,33647.2196696481,0
149.19110350704744,0.4782608695652174,0.1652785925704285,485.5061206904921,864.9241650693521,33925.88416109854,0
148.46682115620783,0.4714285714285714,0.16639135383457426,323.6643188562035,857.012975697822,33693.37221820392,0
146.4385789320893,0.45714285714285713,0.1720543718413422,1393.086618734138,845.2538509059297,33643.86017150666,0
145.18633275828248,0.4507042253521127,0.17232723795656976,2055.021026546032,835.5723314765394,34649.34917903724,0
142.53536508638655,0.43661971830985913,0.17502320188796588,2531.225991318279,827.0477523329292,35854.10439568412,0
140.13380607442807,0.4225352112676056,0.1769759662959126,3794.2706967976733,821.1884541582918,36264.92091597882,0
139.66914671697455,0.4166666666666667,0.17838847131959765,3956.2225641328196,813.8610095938443,36546.20892459121,0
137.15389818910435,0.4027777777777778,0.18303755373603336,4454.286337694869,792.6805144207929,36710.92906105496,0
135.27225693490692,0.3888888888888889,0.1842416668260915,6597.523888795173,766.3878123607956,38911.3333505247,0
134.11424969306216,0.3972602739726027,0.18831973229425278,7131.130658869728,760.1227500741761,39793.81228523503,0
131.33437073110008,0.3835616438356164,0.1940390161813656,7120.019077901502,742.4739306458272,38697.91641944421,0
130.94796303132907,0.3783783783783784,0.1989798904073866,8410.784993898467,739.0677305861271,40682.232262461155,0
129.14074446981755,0.36486486486486486,0.2046327069873393,8867.85818949858,728.4715752073809,40743.03057671281,0
128.07972174439874,0.36,0.20455529041481066,8744.131378990676,725.8010941996473,40749.723572611394,0
127.41296318612021,0.3466666666666667,0.20930622073556035,10805.601756191487,711.0220672223761,41976.0078663099,0
125.82915891253342,0.3333333333333333,0.21241138924525524,12275.78455378255,700.822857946624,43009.5437316983,0
125.04545599909974,0.32894736842105265,0.21533245014995472,11534.927588762,697.6365700276948,42105.958162963034,0
123.55844109534617,0.3157894736842105,0.2219642525601943,12941.906393072008,672.0594700401778,43203.69921059672,0
123.17393175185362,0.3116883116883117,0.22667857841807104,13254.97650574711,669.0299278445328,43792.421622537775,0
122.72793714704534,0.3076923076923077,0.23045711115506157,13858.670570691418,663.7604765376204,44913.16853325379,0
120.00180967152446,0.2948717948717949,0.24036712698228238,15268.609509490332,650.655063811838,46252.98338543621,0
119.61078999481147,0.2911392405063291,0.24084951820194536,14368.902086995282,646.5977308538318,45214.5400303582,0
118.41357899218445,0.27848101265822783,0.24302683907095055,15155.749666736661,619.2693113361493,45756.3482984293,0
117.69883263359432,0.275,0.24160244443446213,15738.841488873706,615.5823359593808,46877.989545786404,0
114.31259098205025,0.2625,0.24893285751963437,17966.905077607862,605.5451824005988,47958.572234919135,0
114.01660821168426,0.25925925925925924,0.2488168710302961,18431.74258426395,604.9303479126996,48980.85931202614,0
110.80005526397565,0.24691358024691357,0.25202444520307676,19266.801387502463,596.3019245091317,49979.27430174057,0
109.28626649061144,0.2345679012345679,0.2532377693353699,19675.300343462233,579.3048402413759,49396.48780730468,0
107.03240026852978,0.2222222222222222,0.26183430030280497,19981.009943086287,568.9172572199183,49361.06109511326,0
107.00327629198317,0.21951219512195122,0.2650548693815695,20275.5968834014,563.9271852630843,50000.0,0
106.97726339898024,0.21686746987951808,0.2681391913449879,20146.81536233661,559.9653908684069,50000.0,0
106.06317565052383,0.21428571428571427,0.26916664463760254,26929.940136864516,554.2987661286659,60417.0,0
103.5639823565729,0.20238095238095238,0.2746338811437586,30474.408275933027,546.0256321909217,64791.0,0
102.68935629370999,0.2,0.2782516764298,30737.556589309443,540.6166359511724,65456.0,0
99.63355378458931,0.18823529411764706,0.2845479770673847,25916.942095543374,530.7966448658219,56956.0,0
98.85918193221794,0.18604651162790697,0.2835412677903244,29872.070084658073,525.6407922533003,63301.0,0
95.87910332071988,0.1744186046511628,0.28875854783531757,26341.46885344997,498.87312274901086,56489.0,0
95.2816930102207,0.1724137931034483,0.28978003996749124,20639.54886168969,494.6596349783298,48226.0,0
94.47755641096325,0.17045454545454544,0.29148548735303476,20536.74284989018,490.23922137455065,48410.0,0
90.84964022890449,0.1590909090909091,0.2978776482133586,20657.19904987397,465.1645074610435,46716.0,0
88.20219145757997,0.14772727272727273,0.30607638410103727,25420.277627344145,452.57170263170246,52115.0,0
87.44382836050661,0.14606741573033707,0.307690940016746,20464.636833198438,449.03797367272006,45000.0,0
86.8089513915536,0.14444444444444443,0.30763980441481514,26377.614587056847,444.67376526770806,53984.0,0
86.20951644044804,0.14285714285714285,0.31179992040095045,25734.2632223213,441.39852832427397,53476.0,0
84.12023685618504,0.14285714285714285,0.3170374974983755,31196.122637608605,431.78224496025405,62398.0,0
80.77581229330805,0.13186813186813187,0.3247331821255101,34011.783924654905,408.4538173320342,63901.0,0
80.18328786538126,0.13043478260869565,0.3274758065949079,30046.63088874385,405.21509445063896,58522.0,0
77.7725774510596,0.11956521739130435,0.3347762837784352,26059.489396599856,391.6250378099491,51166.0,0
77.05946410833961,0.11827956989247312,0.33845155220667095,29672.267738514893,388.5084961528301,56940.0,0
76.60623309318451,0.11702127659574468,0.3406607025078106,21728.49968728491,385.8624793210677,45272.0,0
73.51056413058082,0.10638297872340426,0.3521593080755885,30580.534734811183,371.4891783514325,57748.0,0
72.995452743465,0.10526315789473684,0.3530938957867893,32368.72051351026,368.7091723235664,60827.0,0
72.44506636457264,0.10416666666666667,0.35711743439734045,22102.162113954626,366.33647405522646,45786.0,0
70.72799776657236,0.09375,0.3694642651169396,28566.38118391484,354.38538971418325,53684.0,0
70.20248622924878,0.09278350515463918,0.37230672950023497,32173.658257399493,351.858317424201,59409.0,0
69.77502953141418,0.10204081632653061,0.3716456852490163,33436.35576436417,349.2504073285577,61673.0,0
66.8998584463033,0.09183673469387756,0.3780409239410856,36090.50085312022,330.74967562752795,65005.0,0
63.85915791890771,0.08163265306122448,0.3863985774028008,36949.32965148443,318.16857865573286,65473.0,0
63.56817909061364,0.08080808080808081,0.38945669949017786,29161.670125747773,315.81164549618813,54112.0,0
63.122182584804214,0.08,0.38942982592870495,34444.919968051996,313.4714570464398,62263.0,0
60.37884929225272,0.07,0.3965187335120076,35600.44017887661,295.9850098969875,62197.0,0
59.96003271718539,0.06930693069306931,0.3969762812641128,30590.80263875529,294.0071847067684,54981.0,0
59.481470947382256,0.06930693069306931,0.3964359488682875,23645.895874290716,290.4497557322764,46666.0,0
59.02040421888171,0.06862745098039216,0.3992694934773008,31520.37884357912,288.61929261672867,58584.0,0
58.488958523154906,0.058823529411764705,0.4021585322071992,29383.277579365084,286.0469476805034,55191.0,0
58.074144800233924,0.05825242718446602,0.40580460409642155,26353.10307756957,284.4381219411011,51098.0,0
57.6946885301743,0.058823529411764705,0.40422342911865483,23146.22324164073,279.4024820151848,47272.0,0
57.062612943074335,0.049019607843137254,0.4086191313950798,25666.819265172173,274.88231515109527,50396.0,0
56.9258529711208,0.049019607843137254,0.4155911050103112,27542.683916591115,270.52827633419827,54873.0,0
56.733318793652316,0.04854368932038835,0.4208124937680063,30430.096640808606,269.11026041205895,59332.0,0
56.13333939067755,0.04854368932038835,0.418035334790047,28397.676871848158,266.7039665877287,57258.0,0
55.98136011848415,0.04854368932038835,0.4207547819757928,24997.1096743436,263.50533143697766,52461.0,0
55.73282908919184,0.04854368932038835,0.4239333422855074,32702.276950553896,259.5571557746372,64834.0,0
55.6430437911713,0.04854368932038835,0.42546182678965755,30098.354244663566,255.6181981355567,61072.0,0
55.307119829532176,0.04854368932038835,0.42613893078436055,26870.538896200713,253.93951102030258,56791.0,0
54.9236653205692,0.04854368932038835,0.4315408452165593,22969.34821440242,250.2627704185761,50464.0,0
54.6732167025471,0.04807692307692308,0.4329186699849865,28185.282202552757,249.11234959291582,58408.0,0
54.50517185449293,0.047619047619047616,0.4348779106221681,25821.14073427083,248.12565829253708,55090.0,0
53.98963362603157,0.04807692307692308,0.4380878357139813,31990.25695213905,245.92798522864976,65158.0,0
53.742538687228105,0.04854368932038835,0.44326381582801516,30584.343632155327,243.609812851176,64307.0,0
53.5266708676623,0.04807692307692308,0.4457177815666382,25107.475746960226,242.51496333248926,56482.0,0
53.43123764843465,0.047619047619047616,0.4454582376654509,28045.167197598905,240.58976942789437,61157.0,0
53.32461030855937,0.047619047619047616,0.44848252410201705,21017.975113243167,236.96858390714092,52027.0,0
52.659323228600556,0.047619047619047616,0.4500191648171686,28235.760037544973,232.6960879233596,63859.0,0
52.18753482041592,0.047619047619047616,0.4555295707533745,19268.36681130739,230.649071692565,50656.0,0
52.03711006910399,0.04716981132075472,0.45854877230708396,20277.065676610695,229.6972935518586,52271.0,0
51.603879583850485,0.04716981132075472,0.4630554799634693,18326.92600965844,226.2010665314549,48979.0,0
51.44028553144528,0.04672897196261682,0.46791015273459596,21159.515794193096,225.1597342638821,53382.0,0
50.39743276997764,0.04716981132075472,0.4752249614120801,22259.80551654425,224.41824296510174,56814.0,0
50.1362287425917,0.04672897196261682,0.47245547608417604,15631.618640609928,223.17616138360614,47235.0,0
50.154504829044996,0.04672897196261682,0.4802648074013631,20772.853601761246,217.97528040743077,54258.0,0
49.79826707434207,0.046296296296296294,0.48267361546577486,21499.69297407797,216.95680173825943,55519.0,0
48.90613967299059,0.04672897196261682,0.4886161469712359,17717.996977805138,212.68438371614636,51440.0,0
48.53023474372217,0.046296296296296294,0.49256527465292443,14374.496470184013,211.90628347601418,46574.0,0
48.313835468125575,0.045871559633027525,0.4939925460970397,15219.050148937766,210.77545564852966,47910.0,0
47.9389543860035,0.045871559633027525,0.498729049916046,24017.457591847528,209.8021854013789,60465.0,0
47.86257769381871,0.045454545454545456,0.5016538237719406,16487.437754384388,208.55897079831257,49483.0,0
47.46016881454726,0.045454545454545456,0.5022832063468866,12682.570496860222,205.00953073336265,45941.0,0
47.3141463692331,0.03636363636363636,0.5060150206756573,19707.24525419704,202.71673745381977,57091.0,0
46.723281004465875,0.03636363636363636,0.5070001548197416,24729.404734425585,199.49344308483967,65124.0,0
46.07308492044226,0.03636363636363636,0.5034327581190814,13870.54744027532,198.51882487924271,47880.0,0
47.29931806320039,0.045871559633027525,0.4994535800754818,24088.234405962008,203.3237985051571,64842.31457675199,1
48.89371337929229,0.05555555555555555,0.49092622355685583,23208.189102606008,220.409643829652,64896.42560051733,1
50.99705517659291,0.06481481481481481,0.4903318879240749,21886.782524431394,237.71916765554272,63368.423877326844,1
52.63051940347956,0.07339449541284404,0.48567029668467926,21825.03350247209,256.2544747950437,63722.784774791195,1
53.77776270674812,0.08411214953271028,0.479393333649076,19483.772483019715,271.8506643189487,62629.917149296154,1
55.642015227034825,0.08571428571428572,0.47181553516687447,18437.71788704135,287.52404430625523,60992.05882664464,1
56.969455656247725,0.09433962264150944,0.46853989064344653,17717.065851176703,304.91074907945443,60194.58396249798,1
59.65840566711714,0.10476190476190476,0.46431952713382624,16662.647618302217,324.2114438361819,60667.522089959,1
61.45584454221501,0.11650485436893204,0.45600193919084353,15264.519762386793,334.2576908849487,59501.563542361146,1
63.55314225215874,0.12745098039215685,0.4503867923267194,12794.535190567774,351.88905795786144,58895.72717544756,1
64.8303812904966,0.12871287128712872,0.44046921521863225,11822.322748905855,364.5726986845014,58322.746366571926,1
66.54699833573054,0.14,0.4330937607604451,10256.720287869142,374.28711401617335,55997.0517054903,1
68.64140244944807,0.15,0.4271132874382197,8764.318896809262,384.23197372740316,55113.00743366724,1
70.34731213242881,0.16326530612244897,0.41618177081850544,8412.022130683987,399.3408187235758,55782.26458618161,1
71.0682647107401,0.17708333333333334,0.4029839303004613,5092.486502394302,411.5581756562521,53850.619109105675,1
73.68692664243069,0.19148936170212766,0.39388010970458087,4980.665688617552,434.6587176838691,54267.39961096851,1
76.85444839357888,0.20430107526881722,0.39010560068811795,2371.488450461704,445.70486065435745,52496.034380459205,1
77.78485567158572,0.21739130434782608,0.38597863596582144,1910.0901777012773,452.17288610503374,52219.97509265879,1
79.10751555671352,0.22580645161290322,0.38271693035935817,941.8681174526105,458.30408676784117,50807.96252859301,1
80.79503729458143,0.24444444444444444,0.3657938882796688,-6080.8641265161605,470.59264403796163,51319.68908767693,1
84.05880092565032,0.26436781609195403,0.3504535793164623,-9403.19188369077,504.77082702154,49295.391263488294,1
88.92725950989652,0.2823529411764706,0.34357213721839697,161.5427507633297,524.4665880639743,48651.11881698599,1
93.11695038327406,0.3048780487804878,0.3301397574864663,-4332.427733179035,565.2335884559772,47535.98220365734,1
95.73418479624067,0.3170731707317073,0.32778373468069383,-3761.405662109601,584.6905173800683,47855.68994599445,1
101.27433316364792,0.325,0.31232656258135183,-8735.448845992902,623.848881960557,45498.08639428434,1
105.75572691552124,0.34615384615384615,0.2938917039113309,399.09976063097406,666.3315215221913,45867.70885419866,1
110.75961389255762,0.36363636363636365,0.2859820637438988,-10195.427893841332,682.8240732096206,45664.37835996383,1
116.62140411429182,0.38666666666666666,0.2677564533789944,-10897.65666738938,729.8461810423762,43080.53202647601,1
121.87804833448361,0.3918918918918919,0.26100107862878896,-14449.732289414686,755.5063966510007,43440.99514904314,1
123.85307987984544,0.40540540540540543,0.25609154604824824,-15792.528039403545,767.8970443385822,41836.58333349087,1
134.85047291597655,0.4492753623188406,0.23323116331187177,-12003.877799510303,846.9458922373728,40589.23573607388,1
143.33945845054865,0.47761194029850745,0.21996261332079747,-4150.563583291765,899.6565157218673,41085.55243229854,1
152.68402492226613,0.515625,0.19687418222692252,-11230.908545086462,950.1406420433375,40499.67494105388,1
160.37089090061679,0.5483870967741935,0.18142373038296003,-14597.407341068929,1011.1924530796173,39260.82252247732,1
163.03725227157048,0.5645161290322581,0.17816876699275822,-12027.934743164438,1038.762592885934,38815.87410947785,1
167.19572939331414,0.5901639344262295,0.1664311383715595,-14615.305534040284,1088.4520353807472,36563.61127697692,1
177.14359073300648,0.6271186440677966,0.15144278532030797,-19079.59522028436,1135.4960419529523,35748.606575139405,1
189.50434681481713,0.6785714285714286,0.1369658637260899,-18142.04682510559,1230.618692414943,36906.70993628756,1
198.51165140030366,0.7222222222222222,0.12452877513450308,-9829.73752902204,1291.6126009994277,34254.692965475726,1
205.01572452727,0.7547169811320755,0.11183600264626671,-15285.112818620468,1330.4765438833706,33927.060270485694,1
216.36031777534592,0.803921568627451,0.09859043633293674,-15313.888248007537,1403.5684715066693,32611.177265659968,1
235.98222649606933,0.875,0.08169652517026077,-18556.48755609822,1518.0078033043922,32648.618736121596,1
252.7536829634251,0.9555555555555556,0.06199583954918585,-22146.709156198038,1650.5653548879297,32058.887656915187,1
256.61686908309827,0.9777777777777777,0.05604899444780669,-10750.443378181053,1679.3937015002311,31774.568698824696,1
261.0747969014508,1.0,0.052519798744091635,-23421.7280827557,1737.7108280930815,30154.35978549421,1
262.0784421542827,1.0,0.05245075646385746,-24199.4071107881,1752.176012322669,28636.132482312307,1
261.574591296201,1.0,0.05152741629481734,-22589.05118996592,1702.239279823217,29691.12315857184,1
259.7412309151425,1.0,0.051423575965764134,-23089.125819131976,1698.9826654658193,28315.630006447096,1
256.06135681227715,1.0,0.0522586483072891,-22969.878946338245,1680.8091908643364,27477.848516384667,1
256.8399170600293,1.0,0.052912317744325865,-23577.029154140204,1695.5574135306135,25897.64423016417,1
254.44050013779759,1.0,0.05220975443727441,-23412.195923865333,1685.2455402426124,25228.14121562365,1
253.98076883324865,1.0,0.051714826147840585,-24246.892026495134,1667.1250358199482,24355.43456017411,1
252.4786158447653,1.0,0.053855539803706144,-23456.687934532263,1660.824699267899,24737.84172272045,1
250.10976265736758,1.0,0.053369593190235154,-23993.909389774286,1648.6642045360472,23378.895802279345,1
250.71403885869745,1.0,0.054487476898333276,-24445.896616593323,1635.1200827751497,22285.75223320475,1
250.37150809634457,1.0,0.0520926214366415,-22514.039126769774,1634.7001783606938,21941.37038791905,1
248.42399346934988,1.0,0.05301256267103165,-23669.23400184876,1623.425380540668,19880.10226089905,1
249.7204102919232,1.0,0.05519651924090242,-24190.078413369403,1638.1958605883372,20161.004396613913,1
248.67587011168496,1.0,0.05480695823658963,-25089.604452960626,1628.905442209645,18148.973682400007,1
248.8479798498835,1.0,0.05349120845303955,-23948.78860892104,1617.1072240624108,19163.002616520364,1
246.80446079450152,1.0,0.05445793433678309,-24933.464206582532,1623.7082276263372,17009.548978459283,1
246.1071552734309,1.0,0.05317924385424718,-23718.786487304715,1601.5630983170072,16968.19457869318,1
245.20872388606602,1.0,0.052321403042698895,-23711.753421116966,1612.5462123761956,15614.71814698599,1
247.4340163588533,1.0,0.052347411975264005,-24613.7113741006,1621.6535969099282,15407.754782374028,1
248.10848080036712,1.0,0.052139064979270615,-24748.439587491084,1637.1550621251758,14812.475421496187,1
248.44375219070926,1.0,0.05188555349437345,-25614.155931557172,1639.2497260281455,13042.768816900903,1
249.33822011844921,1.0,0.05242695857860863,-24586.697439455063,1650.7454612287777,12584.379834611682,1
249.62139607445306,1.0,0.053133403900317976,-25509.859554876733,1643.6464375827934,11279.384239677607,1
248.643481424219,1.0,0.05333223386555203,-25444.89233296334,1632.1921508682747,10723.452670457204,1
245.1779234697719,1.0,0.05517346069733968,-25520.223164344705,1660.5630010501307,10032.811874795967,1
241.96196727801237,0.9795918367346939,0.060869138570785346,-24628.139780785863,1637.5285213457942,10872.024625542097,0
238.75050842011282,0.96,0.06676501505758141,-24493.454851379276,1612.6532334782576,10800.027109774608,0
236.33756173081179,0.94,0.07169246807589402,-25072.068867168302,1574.625305896704,10338.059150769885,0
233.19052896260874,0.92,0.07629741550629454,-23078.995045066687,1550.2680406084621,11573.536851963612,0
229.55544550029387,0.9215686274509803,0.0773788207720739,-22633.71397111658,1529.6608525208214,11972.300725426714,0
226.35465216162024,0.9230769230769231,0.08319626449740809,-21366.095233112974,1508.1726004861962,13657.066038559024,0
221.95595605849996,0.9038461538461539,0.0852614301203806,-21685.569758042322,1473.031780624106,13899.961094156082,0
218.80880358735826,0.8867924528301887,0.08669642533673372,-20601.551752590578,1452.3383070125274,15067.237882157728,0
216.71153596912654,0.8679245283018868,0.08667015857866815,-20017.087845466343,1419.12637536847,15754.511032487788,0
211.78040848304138,0.8490566037735849,0.09097271263942232,-18586.374469857237,1410.3397466845402,15834.132228279328,0
209.75989315215298,0.8333333333333334,0.09221361144328587,-18620.16583187406,1392.977981915871,15366.830327841097,0
206.0727510538869,0.8333333333333334,0.09378156619965203,-18749.31914051354,1357.3356158036288,15712.138904772884,0
201.59474572045687,0.8148148148148148,0.09507925802962969,-17052.898061929514,1339.38243807817,16627.94184773807,0
198.7601823265716,0.8181818181818182,0.09486862460597394,-16375.374166145548,1323.7555582339846,17280.243025529533,0
196.39779369839442,0.8,0.09996405742905971,-15619.194512220927,1307.404781659027,17633.264192361767,0
194.24532970158265,0.7857142857142857,0.10449739715618472,-14851.552736815127,1289.0598159146737,18618.054604565303,0
190.5651289447492,0.7678571428571429,0.1075296082607204,-14230.637359577677,1258.741225894118,20260.282712412914,0
189.08709076585578,0.7543859649122807,0.1106422728088356,-14702.815810076587,1241.8144819459856,19319.878734281807,0
187.6720429920196,0.7413793103448276,0.11329252886514685,-13541.188308003993,1227.791086608146,20883.109822014587,0
182.7338013642829,0.7241379310344828,0.1210761998192892,-13694.758743068312,1194.6884418430554,20495.741419197264,0
181.33905507322524,0.7288135593220338,0.12198261737763641,-13103.225310648299,1177.3036731178047,21072.34203306962,0
177.6772221203362,0.711864406779661,0.1250015913284548,-11251.49217612073,1169.4659268725086,22788.84767521482,0
175.46672972288707,0.7,0.12783016718256368,-10200.601114855632,1156.3785466411439,24136.214806490585,0
172.1393533708142,0.6833333333333333,0.12911512942929673,-9462.194109073713,1121.4683965893773,24763.927174446133,0
170.3466725427324,0.6666666666666666,0.13463179715622656,-7929.865427335091,1096.775474141828,24773.166706588774,0
168.95781796166486,0.65,0.1359568414981575,-7947.128438012959,1069.9267625349764,24114.993490147826,0
167.02262974470136,0.639344262295082,0.1379838811566878,-6190.669847257136,1061.873632739946,26585.703824133987,0
165.67590557911268,0.6451612903225806,0.14181498634831186,-5920.000038320407,1048.45540065993,26935.83522937835,0
161.74931308669468,0.6290322580645161,0.14978774333939243,-7587.75010014469,1036.6360096171413,25808.033510042897,0
160.12232999395928,0.6190476190476191,0.151166160895124,-6050.469874605047,1025.137810112819,27915.107924688695,0
156.55818421098346,0.6031746031746031,0.1573301815197679,-4480.351359713823,995.3962782208343,27672.31744994521,0
155.16903881175978,0.59375,0.15874449825179027,-3883.2613014293497,986.7570377828545,28476.10203620866,0
153.70427497284578,0.578125,0.16405087494755527,-3799.2526156167837,972.2977208693569,28302.019443382924,0
153.0270628182698,0.5692307692307692,0.16454181249530112,-2292.2909437841045,960.6249408590759,30494.26213662483,0
150.95861224579883,0.5538461538461539,0.17142165102303747,-1844.3255246089568,949.9718964264164,29889.838869322866,0
149.77415085412414,0.5454545454545454,0.17235977555560572,-1649.639951635841,943.7151132284466,30141.805840281493,0
147.04561875262613,0.5303030303030303,0.18110217229601544,-1095.7824583117342,928.8494958417878,31048.3477901686,0
145.741714962406,0.5223880597014925,0.18065522919384946,175.90024576123167,917.3433455764662,32909.5414033948,0
144.66837070677676,0.5147058823529411,0.18534696691273117,-355.20236228981224,907.912546571847,32116.78959639695,0
140.47995122079683,0.5,0.19245371858173538,599.6023532553382,887.2640236883157,32939.197195049936,0
139.34476893024112,0.5072463768115942,0.19218324605339002,1086.3971281602885,877.2453438669261,33665.267533698454,0
138.16778648024277,0.5,0.19568483605008694,2148.917247901831,867.763210394917,35275.6828072163,0
136.94475887296565,0.4857142857142857,0.19905250033765773,2719.1041917008497,850.1383885172611,35841.16640585906,0
134.5190899047415,0.4714285714285714,0.20619442638261806,4056.6483907871316,837.9272050720775,36134.91040492157,0
133.5923449421179,0.4647887323943662,0.20959217130818608,4147.714660226347,831.2896714825447,36303.81391983876,0
132.38216520231677,0.4583333333333333,0.21176713690117302,4223.040766388013,823.9889639197926,36452.33340970204,0
128.78572810807236,0.43661971830985913,0.21906619272704253,5045.985141493717,776.0534432346207,37060.9186431852,0
128.4930945637957,0.4305555555555556,0.21756417242995532,5995.440435628441,773.5138126637927,38560.32479124131,0
127.71224100126393,0.4246575342465753,0.22133588506920812,5985.493577383601,769.6270990248042,38610.19901968256,0
126.57888906567321,0.4189189189189189,0.22303407638656728,6046.015433467884,766.4045241212547,38750.41141835989,0
123.2656686521711,0.4189189189189189,0.23012364193816504,7301.810107053486,755.7211391377249,39154.57863233273,0
121.65200310603726,0.4189189189189189,0.23376741629222147,9093.455809711193,736.7452773707603,40974.76021360677,0
120.91328472905036,0.41333333333333333,0.23277089000879128,9400.430710301376,731.1649933773801,41570.565610617865,0
120.12664440173748,0.4,0.23870058268513397,11223.482216947605,721.136690588028,42511.17850811956,0
117.07861041555795,0.38666666666666666,0.23825484250136747,11219.30899614636,692.1213226037046,41877.86953163333,0
114.33492473309047,0.37333333333333335,0.23974066973596977,13034.459401274058,677.9588628663222,43663.38720481107,0
113.85158067336567,0.3684210526315789,0.24346380351809138,13028.68659181768,672.6132377308212,43771.117245611444,0
112.0484597471065,0.35526315789473684,0.24853870943724402,12514.437827995827,661.0402393050102,43337.089755846755,0
109.64025135567722,0.34210526315789475,0.2507567660983848,14498.239617731513,641.3323194865228,44754.88197785349,0
109.03151250624002,0.33766233766233766,0.24858801343651976,14213.155827175016,636.8684625755662,44648.656961965884,0
106.49878159618643,0.3246753246753247,0.25055457704602263,15821.286535909258,627.7755318303888,45828.76047354073,0
105.98344102593015,0.3333333333333333,0.2523109618788132,16304.408928723511,625.5742953280965,46727.215862085584,0
103.58494895983178,0.32051282051282054,0.2621307288560996,17758.981453231223,618.9819385390549,48025.65296339234,0
103.50464775708745,0.31645569620253167,0.2645872627845817,17819.64524879603,618.1733647622826,48299.55123281044,0
103.28942199527623,0.3125,0.26829759619149796,17739.98416144321,615.0450989550076,48356.79390656552,0
100.24443823142244,0.3,0.27034925422252243,19614.133251608127,594.5262996330215,49165.785310331135,0
99.22755343848826,0.3,0.2747071830627885,20141.20348037507,583.1013463292919,50000.0,0
96.55569490419546,0.2875,0.2757967021137495,21587.130935527468,559.0080798939755,50000.0,0
96.71009239551626,0.2839506172839506,0.27688675055453355,21203.57744462213,558.1456821775596,49852.48078229881,0
95.01014697145295,0.2716049382716049,0.28538193083764657,20956.34061983939,545.2688142017076,50000.0,0
94.0828578928584,0.2682926829268293,0.28875805392784726,29462.434066201942,540.3196117902273,63048.0,0
91.85224790210115,0.25609756097560976,0.2982267196915004,28374.612362898977,524.9415016656413,58781.0,0
91.2023757103897,0.26506024096385544,0.303569699770943,27430.13807897397,519.756016188004,57629.0,0
90.23524133591863,0.2619047619047619,0.30719065573531235,21481.18036505621,514.1894928988038,48980.0,0
89.66902626242687,0.25882352941176473,0.3080795299562587,26079.03608033553,508.6994752405904,56032.0,0
88.26827259953359,0.24705882352941178,0.31755007618404596,24538.981613893062,486.8110849912866,52925.0,0
87.45063480338847,0.2441860465116279,0.3197850446435105,21741.71973237251,482.9175063671861,49080.0,0
86.8671817050506,0.2413793103448276,0.3187778213594483,30397.09596645114,478.7815787093528,62403.0,0
83.8503281535881,0.22988505747126436,0.33342298281628835,24991.082445152144,464.93306381738995,51913.0,0
83.03525417241316,0.22727272727272727,0.3318267772277889,22759.271152513335,460.27629833666685,49051.0,0
82.4554961537791,0.2247191011235955,0.3301644419226799,20612.597415333625,456.2768567126453,46259.0,0
81.79210785111484,0.2222222222222222,0.3304201594719296,33012.40514192375,452.7629519364258,65024.0,0
79.85807363871132,0.2111111111111111,0.33463936536279676,28522.57693927319,437.7071720628536,57936.0,0
76.89375801836077,0.2111111111111111,0.33751603853762485,25141.463769385944,423.47491143184874,52133.0,0
76.23607305353504,0.2087912087912088,0.3421149389401971,33263.08383891445,420.2020352829114,64604.0,0
73.459382734383,0.1978021978021978,0.34521053636695664,31280.498714618105,395.268888655791,59849.0,0
70.86077148968839,0.18681318681318682,0.3581377951985637,35315.03454599982,377.18784052137454,64216.0,0
70.35744423963325,0.18478260869565216,0.3619411205250694,30414.887377337054,373.87627518585555,57277.0,0
70.00853336322392,0.1827956989247312,0.3614781758242695,33087.620915882784,370.43083265671174,61821.0,0
69.39174802348563,0.18085106382978725,0.36660742333264534,25559.859066117824,367.2023486959344,50782.0,0
66.37353806439155,0.1702127659574468,0.3733169081651357,29555.828144099778,352.58354921550176,55420.0,0
64.87037134265383,0.1595744680851064,0.3770240932436862,26997.915536659577,336.3732013247811,50809.0,0
64.46294042736677,0.15789473684210525,0.3764708361481023,36324.450144775736,333.564442349648,65169.0,0
62.4851854841809,0.14736842105263157,0.38422335641662936,35674.71385095013,322.54115039694267,63233.0,0
61.059476707996346,0.1368421052631579,0.38503173447428685,26752.74911256774,299.3931173463702,50778.0,0
60.52727151373156,0.13541666666666666,0.38698856738002135,27114.206060687706,297.0461351078624,51528.0,0
59.6489711464585,0.1368421052631579,0.38068769541251374,28876.630090033286,291.68143051812154,53312.0,0
59.48165347165808,0.1368421052631579,0.3784265854243381,22867.932607609397,290.1616491857979,45582.0,0
59.13401023752973,0.13541666666666666,0.3807248320059971,30785.00770834987,288.4703776315046,57722.0,0
58.620710443163865,0.12631578947368421,0.3816314428016917,32738.863726907293,283.31216597299317,62692.0,0
58.42874604612697,0.11578947368421053,0.3802745126503715,32247.101605713873,279.57175262321573,61887.0,0
57.99840163880781,0.11458333333333333,0.386457714416661,21848.267083085677,278.2919226370136,46525.0,0
57.31310109525788,0.11458333333333333,0.39033300602952387,20648.45383174046,274.4828208656517,45760.0,0
56.863131232266824,0.11458333333333333,0.3975558543671369,32715.21609279783,271.82494735302265,64079.0,0
56.7052747815709,0.1134020618556701,0.39729003357732523,32622.04911845188,269.7427410596103,64329.0,0
56.502165114196224,0.11224489795918367,0.4016096527550685,31171.36347295966,268.5387741196887,62462.0,0
55.809229206913365,0.11224489795918367,0.41007980563506613,30810.324808009387,263.8266007652936,61686.0,0
55.65895502721688,0.1111111111111111,0.41555571572674094,27642.437541653144,261.9266322647937,57125.0,0
55.09770580281527,0.1111111111111111,0.41733215210236974,26987.17082274738,258.9709575229522,55364.0,0
54.21777614644044,0.1111111111111111,0.4174678487294487,19938.515040911683,255.55235522397783,45373.0,0
54.05704601445879,0.11,0.42141506304888515,21776.692968969972,253.64951516004706,48351.0,0
53.6762019506161,0.1,0.4261118781370719,24296.70517624786,248.6954163969384,52787.0,0
53.18034316738333,0.1,0.42868885030712334,29206.77515457523,245.97873470273242,60669.0,0
53.07042013352901,0.09,0.43506646008871847,28494.47569691088,242.07883994092782,59872.0,0
52.737431238889116,0.0891089108910891,0.4400336798666868,31499.032285936653,240.14044916841112,64589.0,0
52.47108022755068,0.0891089108910891,0.4399449226637307,30398.037369377933,239.89246287977863,64207.0,0
51.937679311949196,0.0891089108910891,0.44036834130520414,25892.431452596626,238.00466243556156,58875.0,0
51.38001874660495,0.0891089108910891,0.4399733338133669,24807.048482927643,234.87069912046366,56318.0,0
50.5000734858181,0.0891089108910891,0.4394982855290369,18568.126428555955,233.04771460048104,48615.0,0
49.6151164130082,0.0891089108910891,0.4423557981991382,26370.4692921745,230.26717126430515,59981.0,0
49.457883887470416,0.0891089108910891,0.4392953207852961,17047.074278371307,228.24494597307466,46557.0,0
48.61321596378181,0.07920792079207921,0.44757418724423564,19252.537863054786,227.548763524856,51287.0,0
48.270030562674414,0.0784313725490196,0.4530088762471669,23558.85845639314,226.05570934553208,57783.0,0
47.6543249928991,0.0784313725490196,0.45456475318592904,24057.376993585272,223.37197383988715,59887.0,0
47.270827493821486,0.07766990291262135,0.45806039116227704,16726.51096918636,222.1494691519601,49192.0,0
47.0508770991434,0.07766990291262135,0.4635229214961672,17195.132720366535,219.96563545742484,50360.0,0
46.85900526495346,0.07692307692307693,0.46669406342297476,19638.951447743922,218.74806584755535,54191.0,0
46.60309203843249,0.07692307692307693,0.47563523827991055,17708.54463381779,217.32896769291136,50962.0,0
46.5868600842504,0.0761904761904762,0.4805169387618456,20455.83873581619,216.3310772626682,55161.0,0
46.28111419544963,0.07547169811320754,0.4845478581563951,16544.339406824292,215.2511999656132,49457.0,0
45.90953936764155,0.07547169811320754,0.48416825473429226,14655.855236269286,213.6214857751201,45910.0,0
45.45485351499219,0.08490566037735849,0.4865537411719565,23103.54638811255,209.36174059666376,60971.0,0
45.21734336039358,0.08490566037735849,0.48701823281916334,21072.808608641782,205.34480612450506,58408.0,0
44.74294540261817,0.07547169811320754,0.48581996265793426,24203.246687485407,203.95886092824338,61894.0,0
44.437257764045654,0.07476635514018691,0.49026019814505317,17974.31478371669,202.57584073452242,52720.0,0
43.61225716671829,0.07476635514018691,0.4897098379152628,23602.602052573176,200.79413141666274,63067.0,0
43.43144127029454,0.07407407407407407,0.4906658733232528,17355.89109985717,199.71095851453575,53859.0,0
43.14487428497524,0.07407407407407407,0.4968650814109395,19459.76688941268,198.2115121654307,56636.0,0
42.74358359160237,0.07407407407407407,0.49660846294076927,24037.111277827436,195.03475970175325,64148.0,0
42.63660961032313,0.07339449541284404,0.4976650442844613,22570.686163666574,193.8996723239599,62237.0,0
43.212340598147904,0.08411214953271028,0.48538832672001486,23506.81157062675,201.94262290423714,65116.61656610976,1
44.550645502881785,0.09523809523809523,0.4731489517196138,21811.182179108826,207.59389977601788,65487.12534325996,1
46.17662779882452,0.10576923076923077,0.4668138020595269,20130.757908387473,229.02683183021634,62988.5105204134,1
47.08061303893613,0.10679611650485436,0.46331187910217403,19243.94506709355,245.09131855883126,63952.870093564576,1
49.51188022983588,0.11650485436893204,0.45750726471846065,17800.522431458885,267.27849848084725,62393.91053323231,1
50.366515493993866,0.1262135922330097,0.45609296870894644,17529.05510855532,278.6396464322397,62153.79447069188,1
51.94579534608469,0.13725490196078433,0.44541177104741164,16830.691613348547,289.02433701833905,61617.44445185789,1
54.76815909397672,0.14705882352941177,0.44573633463079526,15602.792223051292,299.2975634487762,60289.08661557954,1
56.08040550927509,0.16,0.435156323271062,14287.37845832499,306.11020443317074,60117.17666194612,1
58.33590113100639,0.17,0.43367379821613766,13472.113667314845,317.8338995982887,59322.777770777575,1
59.714263587151855,0.16161616161616163,0.4256243171583597,10825.165709614721,333.4687654656951,57716.84278992407,1
60.83645573286864,0.17525773195876287,0.4209684235254034,8559.528157944922,346.6832056713388,56381.88882613125,1
64.06779151963393,0.18947368421052632,0.4113707705568884,7796.926453900999,356.89769838858825,56267.405089546395,1
66.47083603648625,0.2,0.4064102320978288,7598.8177181421715,369.44769501422974,55993.19677283027,1
68.74147943456074,0.20430107526881722,0.4007263886890738,3707.6361108211117,385.93554393857886,53564.294844364864,1
69.46777368554292,0.21978021978021978,0.38599702979238915,3295.6670278784163,395.05539471360714,54087.80797266409,1
71.37780929216166,0.2222222222222222,0.3814502428506668,1467.3794624855518,410.959367701679,52180.88340353656,1
72.94963381251884,0.23595505617977527,0.3737176200654606,1263.6276193659137,421.6348714938149,51890.057046440335,1
75.38454034574457,0.25287356321839083,0.3564013976701284,-4415.311643036825,442.3696252243131,51020.23105788744,1
80.17654034799189,0.25882352941176473,0.34355807672633215,-1068.5446885813567,463.7095510383759,51331.21854366914,1
81.72818342191854,0.27058823529411763,0.3394874551879589,465.5974006293071,478.83750305690177,49776.64173809756,1
85.59683788392957,0.2823529411764706,0.3351607949451605,-8598.050626605791,504.60156999126997,49529.65849254004,1
90.02981347782105,0.3048780487804878,0.3244594113681249,-11976.045264901031,544.4431818505523,47167.457483194026,1
94.088594763233,0.3125,0.3168574351083072,-11141.523696600709,582.2548482170304,47950.16002469665,1
99.79605783406082,0.33766233766233766,0.29867529341810894,-10208.229224685352,632.6376565183618,46694.48181484897,1
103.56297110196132,0.35064935064935066,0.29170996174172475,-3725.3111966508513,650.9900936436803,45195.73096193345,1
108.66451123569756,0.37333333333333335,0.27698636527342657,-14223.136185082363,691.5217622133915,43896.30281199972,1
114.27816721276038,0.3918918918918919,0.2691296534282149,-5169.867573647761,731.4578776581604,43064.50845958701,1
119.35399771580994,0.4166666666666667,0.2606157187805959,-1018.937617083196,762.3848627124501,44067.15087573459,1
122.72963405027679,0.43661971830985913,0.25228473135499724,-12979.860580564735,803.6447536656123,43334.322040312465,1
129.85353342151018,0.463768115942029,0.235352832613437,-2683.4133601873323,839.9703829951555,41737.94984479979,1
135.4709154913622,0.4852941176470588,0.22426590377675,-16260.261828640401,873.660455627678,39950.12498962556,1
144.0763256683009,0.53125,0.20055679083285904,-3584.194945783256,957.3805737922204,40033.936665390625,1
148.39281029474324,0.5555555555555556,0.19027576497535467,-8954.353270513748,1000.5911352753599,39450.23208742698,1
151.83690694472898,0.5714285714285714,0.18739453392501423,-15094.91982695751,1030.9290001862994,38090.72325309162,1
156.25768199235156,0.5873015873015873,0.1854230969872015,-15326.353552437058,1043.236648066169,36937.241374997924,1
160.36913211881668,0.6129032258064516,0.17366146551709816,-18979.378098834408,1078.1675767890379,35957.845034163845,1
166.40375086002751,0.639344262295082,0.1648670651458007,-13069.665434157547,1111.0973591767029,36927.58892931223,1
169.9387792925124,0.6557377049180327,0.16186189734924303,-8463.151599217013,1141.5687008825146,35928.6826365589,1
176.28983860658371,0.6833333333333333,0.15272872510104493,-7814.874133001479,1188.408476241496,34931.55493821975,1
183.99587973422692,0.7241379310344828,0.13790611681785997,-17964.625357081055,1256.704633369635,33264.58005451673,1
192.50418605750693,0.7678571428571429,0.11963244372869007,-14368.759809352312,1323.3357504235735,32719.61336324706,1
204.10765951851428,0.8301886792452831,0.09737772825413567,-9345.757404823376,1430.5757925945918,31939.215937808134,1
215.91644778632482,0.8627450980392157,0.08521713799517874,-20153.123282491997,1517.7014607980898,31865.26350262455,1
223.07795836896963,0.9,0.07743171934187143,-21437.922849262366,1573.2118896862514,30919.966212936597,1
236.83127233286882,0.9583333333333334,0.06565765690637503,-23019.45284596132,1669.693014197547,29727.67632278288,1
247.1274461326175,1.0,0.05689526821000299,-24584.122998825034,1736.6087841531853,28616.7440232532,1
249.16505212323722,1.0,0.05790251278583281,-24903.25424407265,1741.3920804138727,28557.93316256696,1
248.456730150222,1.0,0.05899979740724387,-24473.34574484287,1749.9907763149436,26658.32621620176,1
247.32631310169754,1.0,0.05729611329278775,-25610.046489298245,1750.3498474454345,25545.02795099071,1
249.11846103386853,1.0,0.056461553048713364,-24923.781014849334,1721.5147285882565,24713.959153752265,1
248.2430342857148,1.0,0.05659683386235242,-24286.677535502906,1723.6819068320679,25197.405465112926,1
251.13106520618908,1.0,0.05547158136582484,-23662.586298534174,1723.1581993144614,24829.065008256108,1
248.74800199120574,1.0,0.05436162386685459,-25247.78092983971,1729.0358287131605,22326.520449562737,1
246.14740658334705,1.0,0.052460463696429434,-23360.63454753291,1736.7401483784456,22833.836827472194,1
245.81750266825264,1.0,0.05272824748893679,-23855.872075188527,1731.338079696365,20824.463965261453,1
245.77171840445783,1.0,0.05467534106924373,-23806.625621325526,1741.5444078494293,21200.584041079317,1
245.54854857864177,1.0,0.05570704561563295,-24250.397255594304,1749.2622298242295,20042.720763490655,1
244.79071678537986,1.0,0.055089333005133835,-23503.131593843256,1740.8382035509153,19016.960902861323,1
246.01357186012294,1.0,0.05471162697327346,-24642.85127255494,1735.776775774642,17597.113962182895,1
248.3014432739113,1.0,0.05503218204616974,-22945.97580310797,1757.6038747900773,18130.62229608279,1
248.59048135517904,1.0,0.05588466223776069,-24436.95722041523,1765.5848299008717,15914.580700453891,1
248.07325042077585,1.0,0.05644686341296998,-24029.940097067047,1761.1168156005872,15761.305437191679,1
247.4972087522299,1.0,0.0567492920878517,-24531.657383031976,1748.5263920220295,14525.315144241307,1
246.82431914408778,1.0,0.05610903200608607,-23982.503676693726,1754.3680582434986,13889.888096067241,1
245.00908614463268,1.0,0.0567202415268404,-23090.162003568694,1729.1665802620753,13261.86467920025,1
244.4683926814697,1.0,0.05728455786441174,-23543.08796680017,1731.0605895765432,13516.201629150924,1
245.59108451192503,1.0,0.0570421869149946,-24691.043792551012,1729.4129727726117,11164.33922871019,1
248.43905967757948,1.0,0.05655794767027016,-23642.60401256266,1708.8850002214342,11878.06283022932,1
246.57977943721005,1.0,0.05750293921468089,-23037.951988848385,1691.6391099280072,11128.548305370752,1
240.76462206966715,0.9777777777777777,0.06005691378126834,-23253.530869215236,1668.9376571957262,9913.272902030529,0
237.08999606987888,0.9782608695652174,0.0653365784309361,-23056.69015890666,1636.2109471326592,9939.71972897512,0
233.6770756340421,0.9574468085106383,0.06946673520646766,-22563.141438916242,1607.8902785623357,10371.232145624856,0
229.55657394166496,0.9375,0.07231685133526362,-21484.17018220491,1579.7649776871158,11723.307844815257,0
226.23745645681424,0.9166666666666666,0.0752144563281064,-20621.937238052826,1549.8237563209811,12462.171367343975,0
220.22427553309146,0.8958333333333334,0.076314283481459,-21323.21857943872,1511.0702332620629,12857.813464768265,0
217.92822648878868,0.8979591836734694,0.08086133184409038,-20215.923562073338,1484.6670127661823,14108.275637799485,0
214.40432075675307,0.88,0.08305761561576797,-19348.61566373453,1461.630077900271,15093.24638845255,0
212.29939815387536,0.86,0.0885265869855039,-19589.93215001229,1442.8159631392505,14511.913207442713,0
210.18029354077578,0.8431372549019608,0.0910862752954055,-19057.33624193167,1418.9790608444123,14864.941239504498,0
207.5697430130087,0.8235294117647058,0.09241328676447108,-17750.293460608078,1378.8355308774085,15485.121976235694,0
205.0246591534519,0.8076923076923077,0.09633175909133718,-16977.48920905541,1362.5160138656368,16449.65453484722,0
200.5766067056682,0.7884615384615384,0.10210348826658332,-14955.418444150222,1348.70524425237,17861.975606427983,0
197.47945504743697,0.7735849056603774,0.10546411216129836,-14473.228751983399,1333.0086392039061,18424.198088074336,0
193.8060420110743,0.7547169811320755,0.10821861366496963,-15304.602964891239,1307.7015726661998,17603.11460209497,0
191.5086783806225,0.7407407407407407,0.1109186227503881,-13849.341192399721,1292.0059924661487,19515.880427113916,0
189.52658329968318,0.7272727272727273,0.11618902121110448,-13738.266996681297,1277.8470176246888,19516.816679218417,0
187.40431885748282,0.7272727272727273,0.11885890939077347,-13678.686338761827,1240.969761144854,19202.920615097304,0
185.086546726649,0.7090909090909091,0.12299842189479893,-11449.416281238198,1213.6538872128556,21201.96596062551,0
183.42700743618298,0.6964285714285714,0.12582822599486002,-11078.369701321051,1196.512232948657,21654.744445545733,0
180.92615178566774,0.7017543859649122,0.1273155390761449,-11313.58965553605,1179.4583888095242,21136.450324411227,0
177.43605503625054,0.6842105263157895,0.13004050200252615,-9876.105598129312,1150.2523668692127,22133.77265915146,0
173.31026873770097,0.6666666666666666,0.13275666023805033,-8664.607279579337,1141.0470062138718,23017.780900295675,0
171.73773567979524,0.6491228070175439,0.13388817174639725,-8220.902341484532,1126.2221154781857,24728.877955193908,0
168.7980707867406,0.631578947368421,0.13683553937945797,-7478.312029190843,1112.4149118652704,24919.61889484538,0
166.64579803921973,0.6206896551724138,0.13983701940806176,-7354.275452458063,1098.9544707819439,25015.681344435536,0
164.89053655745002,0.6101694915254238,0.14541846002019584,-6267.2843592831005,1085.4297690166545,26572.56494146644,0
161.731288883201,0.5932203389830508,0.15182399478724706,-6322.880474058681,1057.2137786856397,25593.828247796606,0
158.55453771288862,0.576271186440678,0.1533486859202773,-4678.859808588691,1034.3486111903203,26365.620714300345,0
157.5314256387892,0.5666666666666667,0.15548050064209795,-3478.3809773472944,1021.8195400034098,28084.52055063813,0
155.6280937835371,0.55,0.16016380264733698,-3242.497269396562,994.9869451790322,27979.557694494764,0
154.23113774453253,0.5409836065573771,0.16048448982288682,-2721.0435917946647,985.1429245901757,28686.17923712544,0
152.60174082987035,0.532258064516129,0.1626812994051039,-2956.4769491307406,976.5933484333074,28313.211216132502,0
151.86648361130688,0.5161290322580645,0.16834371803560697,-1713.6170592642595,955.6881222976293,29408.3223490799,0
151.09421953270396,0.5238095238095238,0.16989449194402614,-1419.7845243676852,944.9814361708775,29816.640292259803,0
149.49370050380182,0.5079365079365079,0.1718869187482223,-93.08055780339356,920.6075047757631,31727.985495099412,0
148.46108882378292,0.5,0.17201621324291974,9.768610006080955,914.0517315680407,31879.830080354415,0
145.00806169071973,0.484375,0.17828319313995183,766.7423885171476,889.8976377040954,32047.884791465796,0
144.33595085568902,0.49230769230769234,0.17768918397671235,1592.1172647357369,885.2895675148532,33285.08075617589,0
142.2226126790352,0.47692307692307695,0.18148551004516905,2490.676317935299,868.0685935718537,33395.89144090774,0
141.65119369545977,0.4696969696969697,0.18201224306327038,2911.296068184231,860.5511035572202,34082.1704395713,0
138.7050190660748,0.45454545454545453,0.18705419169738938,3704.575640702389,839.9107929164742,34040.572776081295,0
137.24073161032138,0.44776119402985076,0.189266003258723,3828.3471928893186,834.2848988796823,34254.83097381079,0
136.68447879242885,0.4411764705882353,0.19087647699476726,5255.974789753994,828.4482670586009,36413.83796012181,0
135.8052484494736,0.43478260869565216,0.1917040193973436,4961.265942592522,825.0700922525597,36044.46004156077,0
132.33103701422118,0.43478260869565216,0.200521070310559,5294.3693476876615,808.4305302431198,36356.12899882719,0
131.34153537137334,0.42857142857142855,0.2021068511579844,6344.3283576828835,800.677219287609,38051.0621367909,0
127.23990790911155,0.4142857142857143,0.20747489921749362,8252.452293733984,785.3942289182269,38816.95179771936,0
126.02410215479927,0.4084507042253521,0.20814771996085973,7674.497372389879,778.8728524016603,38127.09683312227,0
123.5079240842403,0.39436619718309857,0.21530871543816096,9961.848193496933,759.2631679660386,40151.19903007966,0
122.77065440511211,0.4027777777777778,0.216125574846998,9097.25046965981,753.9962233511637,39034.47293951986,0
121.0307646901464,0.3888888888888889,0.22325264980712986,11255.906084711622,724.8967390851441,41158.226810871456,0
120.08040016075216,0.3972602739726027,0.22197816218982344,11526.952021842624,722.8977649612987,41775.11104058441,0
118.05397943140558,0.3835616438356164,0.2248919704029036,10960.23313247588,706.5802483026168,41444.277206959894,0
117.32879516346942,0.3783783783783784,0.2252462988202201,11840.748004618434,699.724809794973,42863.19812089373,0
115.01928148567,0.36486486486486486,0.2256204412896729,12130.383888606753,678.6999726160961,42986.862531006096,0
110.9551326397646,0.35135135135135137,0.23005179952747445,13800.149786713586,662.9859999831821,42650.64379282945,0
110.54829494584233,0.3466666666666667,0.2314595528048941,15047.402616825266,656.93101261215,44762.055167173516,0
108.11106303857886,0.3466666666666667,0.23859557363584497,15528.089636169145,641.6217907592842,45659.1202734643,0
107.34524676037576,0.34210526315789475,0.23885018196601732,15682.166332729397,640.6258159328864,46031.738386819874,0
105.90062062651907,0.32894736842105265,0.247155714521936,17786.11774535839,621.4002100592224,46694.948883456076,0
105.10404547877488,0.3246753246753247,0.2493437840965334,17084.553549178283,616.1168785383472,46078.03006208353,0
103.18043945511319,0.3116883116883117,0.2552367176184723,17068.158982941786,603.9903163545035,46384.533799374876,0
103.1949307518306,0.3076923076923077,0.2561548914874648,17983.308716285603,601.5177776122262,48060.94916975995,0
101.20874965117208,0.2948717948717949,0.2621153548705586,19559.204399084578,581.2324886536568,48530.47703674377,0
100.7608900837006,0.2911392405063291,0.26404470723571494,19414.94567517343,578.7495703722223,48674.328666156296,0
100.52994525726858,0.2875,0.2645595460668522,20045.4357275324,573.9807435239952,50000.0,0
97.1263697189029,0.275,0.26952959672776744,20795.59634545691,556.1005088148877,50000.0,0
94.84772268985351,0.2625,0.2811892284213877,22233.198287002568,545.438919492384,50000.0,0
94.71366504758385,0.25925925925925924,0.2820057788818027,21885.481009927247,546.0425926574901,50000.0,0
93.76874316318624,0.25609756097560976,0.2848216928704095,29960.060182863628,540.9895916079718,62299.0,0
90.35906990285476,0.24390243902439024,0.2956550404827121,24411.087506834967,521.2665562473293,54070.0,0
89.37624906788625,0.24096385542168675,0.29734534462173684,18903.643632948897,515.5257944853344,46163.0,0
88.65783363333874,0.23809523809523808,0.30001928858312593,19404.8604227665,510.144557752751,47027.0,0
85.16876762033405,0.2261904761904762,0.30942452409471816,27370.835972014855,481.3211784600631,55939.0,0
84.55275742774299,0.2235294117647059,0.315657963253415,21221.160274164708,477.0166893744183,47101.0,0
83.9804940020801,0.22093023255813954,0.31787678743989706,22614.115188272495,473.0837217521486,49471.0,0
83.47897128219688,0.21839080459770116,0.31887769716342235,23053.80288737301,468.93343201222075,50451.0,0
80.966064128472,0.20689655172413793,0.324867589445472,25364.16980156043,446.5835998087574,53240.0,0
80.3246623547937,0.20454545454545456,0.3286765896604739,21992.919233202167,442.97132251762247,48527.0,0
77.69092999721084,0.19318181818181818,0.3304811585023674,34267.16963092533,431.7085987515771,65468.0,0
77.07300748792315,0.19101123595505617,0.3333534676386934,25452.41755566404,428.4726715520181,52519.0,0
76.47450954995976,0.18888888888888888,0.33771060447772266,27453.494328653967,424.79040997697496,55655.0,0
74.45743303072878,0.17777777777777778,0.3498544305474577,31866.387188018874,413.28205175461846,60628.0,0
73.91850001705453,0.17582417582417584,0.3528681959564475,27170.23899760369,410.2360673032819,54022.0,0
73.27724559912929,0.17391304347826086,0.3574424284880184,25092.624942482416,406.26775575091995,51259.0,0
70.80117516055101,0.16304347826086957,0.3642136461478249,25615.557191265983,396.30077058887656,50817.0,0
70.49257426920272,0.16129032258064516,0.3659783389334634,33475.627940689694,392.658036192172,62898.0,0
69.87297579166403,0.1595744680851064,0.36945010885722046,27018.151413779342,389.99278335582636,53623.0,0
68.0243857175459,0.14893617021276595,0.377900082420616,25158.67391666276,382.64065317305545,50338.0,0
67.50282114141058,0.14736842105263157,0.38345670256046727,31764.621577348782,380.15289375389796,60224.0,0
67.20936581403089,0.14583333333333334,0.3864657357487396,28490.93208655647,377.1571830037679,55803.0,0
66.66431824535796,0.14432989690721648,0.3917647347186361,27705.302851206718,374.76166121122725,54797.0,0
65.08017033276052,0.13402061855670103,0.39824040151793927,36607.00036990231,352.17605842699413,65360.0,0
64.72591524064234,0.1326530612244898,0.3999704163600866,33995.11787190786,349.55549163698214,61984.0,0
61.87473791810162,0.12244897959183673,0.40951241529657734,29225.798390445056,333.28912521599017,55053.0,0
61.45033185908032,0.12121212121212122,0.4091493987935244,27146.433137305234,330.85844365552373,52314.0,0
58.21036264002953,0.1111111111111111,0.4146218806582534,30635.169781544097,318.2076159854648,56387.0,0
58.06718753201875,0.11,0.41567789321173504,34161.149914491194,316.00895724110546,61909.0,0
56.519141164660184,0.1,0.4188008805176804,30478.999489709375,300.17873729722834,54986.0,0
56.12922144925613,0.09900990099009901,0.418516865840073,34753.507966081794,298.6239493544427,61740.0,0
55.93354684911293,0.09803921568627451,0.42242965061084137,29007.816920901103,296.7781375596537,53417.0,0
55.51219201742764,0.0891089108910891,0.42221970340163095,30447.60503639181,294.3124334007845,55686.0,0
55.25741093013911,0.08823529411764706,0.4261226308191816,35570.00386852595,292.77487509826017,63582.0,0
54.75008531780404,0.08823529411764706,0.4290083246651959,32858.84159533017,290.7401096694484,60832.0,0
54.82571159265343,0.08823529411764706,0.43002807803344034,31913.961725592562,289.66002920373546,60159.0,0
54.15622963349646,0.08823529411764706,0.4322182678957763,21777.07382160096,285.4335990572722,45228.0,0
54.01991554518987,0.08737864077669903,0.4344172669362946,27141.534267815216,284.0200707997414,53559.0,0
53.67728067159246,0.08737864077669903,0.44072435674011984,21098.578213809124,279.4886880033431,45662.0,0
53.04092558828143,0.07766990291262135,0.4427370672610403,20342.806055531128,277.76920889652587,45521.0,0
52.89145210606426,0.07766990291262135,0.4464749036366841,31141.558353175213,275.65965291101736,61198.0,0
52.24193433334437,0.07766990291262135,0.45042330063894065,31563.65143614914,274.59300081584666,62051.0,0
51.39776199911827,0.07766990291262135,0.4546453998213109,26452.040684814656,273.7204538843154,54694.0,0
51.09464571380794,0.07692307692307693,0.4602645360800613,28611.585067957098,272.36382331151947,58070.0,0
50.846006961478174,0.07692307692307693,0.462700206513754,26903.067082049172,270.7897178995786,56739.0,0
50.465021412380864,0.07692307692307693,0.4638384577342416,25832.94176415694,266.14760246576276,56448.0,0
49.825458990445476,0.07692307692307693,0.4626806011970468,24893.647579167984,261.7644233405466,55637.0,0
49.887208556945936,0.07692307692307693,0.4662891404932696,31921.478708150567,257.42506192020585,65207.0,0
49.30910984314563,0.08653846153846154,0.46976729084427155,23920.95130955223,255.81303883694602,55123.0,0
48.975608110120795,0.08653846153846154,0.46783739461295004,17215.40030699042,251.9406239405613,45207.0,0
48.436555032344344,0.08653846153846154,0.463857863185083,19340.805130605066,247.64012109712095,48197.0,0
48.29871423410676,0.07692307692307693,0.46592464519396287,27427.771637933092,244.6274735834416,62136.0,0
47.922354732416736,0.07692307692307693,0.4640692717786444,22528.064226536746,241.57499108250855,55415.0,0
47.32028531857758,0.06796116504854369,0.4681841062170936,18951.576581366313,239.70452892749367,50310.0,0
47.10353295697211,0.0673076923076923,0.4713140837885914,17969.751298531322,237.85465519787522,48980.0,0
46.88570617112898,0.06666666666666667,0.47572651280764344,19291.29965853997,237.04343351281034,51064.0,0
46.72558269237165,0.06666666666666667,0.47632491525862086,22480.201771412074,235.5944664787172,56703.0,0
46.21709389098115,0.0673076923076923,0.48268977831177007,24331.397390560196,231.20905772213231,61073.0,0
46.10775318029066,0.06666666666666667,0.4867197613723706,15220.474493919413,229.64827323262142,47617.0,0
46.06860917370983,0.0660377358490566,0.4916532799608513,15606.345793882658,228.34180465466963,48304.0,0
45.378670746229915,0.0660377358490566,0.492276589786167,19100.842668418154,226.28718852081175,53554.0,0
45.30284738182537,0.0660377358490566,0.49555308897409484,16295.951975264612,224.31782171369042,50907.0,0
45.05892593527302,0.0660377358490566,0.4931851683125247,19854.792063540513,222.76033304694005,55241.0,0
44.841846438155756,0.0660377358490566,0.49660576589936617,19768.30097897199,220.88263594870367,55566.0,0
44.617565346705895,0.06542056074766354,0.4955310135255272,22690.926616372886,219.5789224360145,60243.0,0
44.44726559977627,0.06542056074766354,0.5017142685944956,18924.000050435392,215.55419900065752,56213.0,0
44.376350820905266,0.06481481481481481,0.5061094398263899,22472.05156438083,214.4740541312625,61645.0,0
43.59429056867688,0.06481481481481481,0.513355710140086,25133.46716480427,213.25404607222973,65279.0,0
43.320282182801414,0.06422018348623854,0.5157728575706155,21788.002292073415,212.67058411244375,60484.0,0
43.20232927463602,0.06422018348623854,0.520897480729637,11495.855465015922,211.88818794947355,45741.0,0
44.3404576272623,0.07407407407407407,0.5149223770780099,24840.10777474502,214.19881209389646,66325.80452518843,1
44.8525270448246,0.07476635514018691,0.5042803541113132,21765.52850505759,230.80987888082163,64242.4544799663,1
45.80161199790857,0.08490566037735849,0.5027726372306421,21427.07118273019,237.07848320904242,63957.03609466931,1
47.57369410668936,0.09433962264150944,0.49622528779899683,20353.670038086588,243.05064189569202,63746.26989365436,1
49.58736425685521,0.09523809523809523,0.49373439637481165,18965.54681304459,253.28456233200976,62397.061388739006,1
49.94855703628526,0.10784313725490197,0.4818483304984194,17114.8342910605,265.2268137672815,61616.24576529211,1
50.819097721423326,0.10891089108910891,0.4730934639845411,14735.08583853797,274.73236632307055,60107.58834523587,1
52.86935944728988,0.12121212121212122,0.46448453355040864,12928.386721263809,281.0260786477336,59419.56225586547,1
54.49510923876544,0.13131313131313133,0.4593575364351643,13608.999614166554,292.36947374669563,59392.147650694824,1
55.466386039962686,0.13131313131313133,0.4586617510902534,11303.10730164141,310.62533261574856,58010.94611545169,1
56.508792642004906,0.1414141414141414,0.45559700321970625,10225.88250196508,321.76341830768035,56988.34359226888,1
57.740895135083896,0.1414141414141414,0.4561935774322177,9826.24754795092,325.3137519643311,56011.452722876515,1
59.08152366987191,0.15306122448979592,0.44892723991322214,8049.8455547877775,339.4398337704112,54973.71624981622,1
60.41937215124868,0.16494845360824742,0.44770888266244446,6876.343117268626,349.45413858072095,54975.02677792767,1
62.2614399731215,0.16666666666666666,0.43695456436689034,5699.591035130086,370.96141615458737,54569.543959130475,1
63.58991415712191,0.17894736842105263,0.4342964399504848,5200.865111749754,379.1711682723288,53800.90503542978,1
65.59555959540587,0.19148936170212766,0.42433145762374186,3099.5909263551544,385.21564083788417,52662.46685465248,1
67.93163972408959,0.20212765957446807,0.4175920843790454,2650.923566006963,403.4527029462684,52505.31264164288,1
70.99869177963947,0.21505376344086022,0.4152184926782093,650.2024280196704,417.03984513627216,50969.748136762486,1
72.44579894682568,0.22580645161290322,0.40984528978875845,-10.574555736791059,423.9077482059035,49984.14538908343,1
74.15777512917192,0.2391304347826087,0.4025489507689814,16.104459617826475,442.6707397285829,50023.873468386446,1
75.61299586519799,0.25,0.3952264922941055,-8508.12555670089,462.49667591043107,49582.96038264274,1
79.6094869047497,0.26373626373626374,0.38363948319585867,1026.888164309157,488.0030171662621,47697.841731135304,1
82.78545642188303,0.2777777777777778,0.37659359614029025,-6252.6811276116405,503.3552656058861,46572.63653734757,1
87.88370977053232,0.2988505747126437,0.3569832677955673,-4482.588817016317,541.0166766528087,46546.6914934772,1
90.61480702730871,0.313953488372093,0.3494026491388275,-13491.303619247232,560.1284284954162,45372.828591089725,1
96.24150622701472,0.3373493975903614,0.3294231817016374,-5999.753575863569,601.0103613884505,45039.54026446343,1
101.79107461791972,0.35802469135802467,0.3165298457940527,-12999.067342409684,642.4512125072736,43507.60216564994,1
103.27019415706695,0.37037037037037035,0.3099412296955682,-6427.538676133687,655.1137229253613,43992.63838754381,1
110.1313428545387,0.4025974025974026,0.2831692768133384,-15064.64016901992,707.111976060737,42911.67637797837,1
116.48791929704124,0.4266666666666667,0.26743601924508176,-7573.625580983557,754.8717474611639,40996.21145104941,1
121.30249950182663,0.4520547945205479,0.25977576795101337,-10077.318969657377,786.4686546197032,39911.59346876594,1
126.32276649632954,0.4788732394366197,0.2483259441156404,-10119.281794433477,824.646700386598,40523.74064171306,1
132.3531235194136,0.5072463768115942,0.2332456767432871,-14647.00510080607,858.9715839110319,38339.98978140163,1
139.35103243564112,0.5373134328358209,0.21854432557905723,-4305.533130078325,913.2637453107184,39207.3349029484,1
143.78161093560422,0.5522388059701493,0.21273482092302698,-5280.702321567347,945.6992372930849,37605.46295253809,1
149.2400724728095,0.5757575757575758,0.19890719406828047,-17300.54678818334,975.8609507339168,36202.534735669076,1
153.8928547857939,0.6,0.18726539767491754,-14684.334464069276,1018.8114357928102,36105.76703548913,1
160.1326723504665,0.6349206349206349,0.16982197553474448,-13166.523192756342,1068.1109558352705,36012.89064742028,1
164.24027659524415,0.6507936507936508,0.16505130253388303,-20304.148194055848,1084.090648094314,34943.78600386761,1
168.04825499345264,0.6666666666666666,0.15828462176224167,-13849.738880831415,1103.3811357952704,34363.348106297286,1
177.34021805695846,0.6885245901639344,0.14768766851928158,-20090.3723635094,1150.5603332957535,32158.716037230763,1
183.67491915318843,0.7166666666666667,0.14070224106631085,-12780.370660933986,1202.4780721883665,31211.87055074039,1
194.03407777577752,0.7586206896551724,0.12422408952414009,-16781.567270078856,1273.925206306621,31726.27912954919,1
198.3063452130091,0.7758620689655172,0.11937674152326748,-20148.47321355261,1308.4126420064679,31020.60871561333,1
214.9740232878604,0.8518518518518519,0.08920129802487833,-17333.839780409202,1420.9584087613855,29307.465702224337,1
223.19541282042235,0.8867924528301887,0.08205770130251526,-21777.85657463698,1466.382654779955,27817.872770884092,1
226.81352230223726,0.9056603773584906,0.07923476135885649,-18327.702727856897,1492.8664812611225,28783.469538780868,1
243.81198494846038,0.98,0.05324096160042506,-12887.867380268894,1591.4673260871207,26414.38942216901,1
247.50133048705686,1.0,0.05025805332161448,-27228.64031143307,1613.819493660999,25779.239224155215,1
249.89160502276525,1.0,0.050918314759902626,-25749.369032880924,1640.6491585564966,25922.565123138804,1
252.63984504028082,1.0,0.05215590210349651,-26670.737489613737,1619.7078303918213,24264.749738717765,1
251.04803289600665,1.0,0.052805936844743426,-25398.68238954792,1623.446679497394,24741.976265277845,1
251.05323275211788,1.0,0.05314224705107157,-26724.234534818566,1612.6318788624826,22705.313576465403,1
250.47544421443257,1.0,0.053008600415553414,-26008.55072959874,1627.2075875657358,23298.61877918566,1
252.0764697474087,1.0,0.05453000950675144,-26156.85910023624,1601.5297206063096,22036.485628657116,1
251.3990821020065,1.0,0.054492927611802376,-26829.652045921444,1602.1579679038266,20467.417772837052,1
251.026351437102,1.0,0.05495946840080325,-27205.215119726723,1599.9322253719474,19114.270003871025,1
249.97226265686004,1.0,0.052975909950608024,-25527.355778741876,1616.809255512879,20012.82264451421,1
255.83841388991672,1.0,0.053457229718141416,-24801.61656805493,1627.133373628418,18703.763858956092,1
256.4425912879157,1.0,0.053380730977420694,-25128.687609324108,1640.3109997498425,17784.897648281854,1
255.94458719156245,1.0,0.05364103594308606,-25888.092700651556,1645.964161966071,16840.537074837903,1
257.1753703067254,1.0,0.05438733806078793,-26400.508165893574,1633.048230950356,15384.461716558946,1
259.2622905254829,1.0,0.05596329658356242,-26087.535626168723,1652.8104324477902,15841.438358955838,1
260.1992795196168,1.0,0.05594564698768697,-26149.74700552948,1631.4918339911376,15106.551271280849,1
260.93939034036447,1.0,0.05527752183299618,-26540.357675651874,1632.4674348573922,13556.895904904159,1
260.625154657054,1.0,0.055640612204264146,-26650.716674889278,1620.0718247577695,12930.153315406571,1
261.5945243597542,1.0,0.05569913519578649,-27527.726313440584,1631.7223233945028,11488.857822827598,1
260.2702713566337,1.0,0.056019478021760105,-27082.0145600658,1629.7497859770453,10647.046994339451,1
259.52158372135966,1.0,0.05516795124948901,-27032.152085487203,1619.2213274755004,9506.441053477705,1
256.59872218716265,0.9803921568627451,0.061114411865217204,-26667.90380801142,1610.849360952321,10440.756877696596,0
253.69097235704453,0.9607843137254902,0.06699926873309346,-26157.73145238205,1574.4137592961272,10931.562199445645,0
250.65102093806456,0.9423076923076923,0.06879890479432037,-25936.25418073281,1550.7661995205185,10744.309408413768,0
247.19190397972721,0.9230769230769231,0.0728964350287585,-24374.28733023354,1514.6769123918275,11262.351562746982,0
242.73494026271234,0.9038461538461539,0.07346858335890939,-22881.604179260474,1479.4646233328692,12612.404753403733,0
239.31661274585807,0.8846153846153846,0.07913510873096936,-22598.184667224028,1468.3088319496635,13503.441965590991,0
235.9217419482205,0.8679245283018868,0.08168652088946252,-21657.613772158227,1447.0949075183908,14391.626377634035,0
233.10368851893307,0.8518518518518519,0.08681492556064611,-22243.125828099084,1423.4302038328858,13294.323610521584,0
228.05965119968283,0.8333333333333334,0.09156893087337166,-20571.22826802604,1388.1409538742769,14688.833321498425,0
225.36990474982824,0.8148148148148148,0.09447359307897904,-20559.28433387377,1365.6991601626678,14851.380485140362,0
222.78623851029113,0.8181818181818182,0.09888388575018195,-20016.679111345577,1343.7166169351308,15195.455838013077,0
217.885663905986,0.8,0.10563582766419843,-17772.22377640325,1313.0069284660806,17336.110998413413,0
214.83040770958937,0.7857142857142857,0.10965282393391575,-17677.508291152448,1294.5079619184528,17294.297801745237,0
210.43835204314084,0.7678571428571429,0.11381218388155406,-17643.444350648973,1258.52582083531,17790.122661919275,0
208.47486728625526,0.75,0.11995139835290389,-16868.147461394008,1248.5632014913122,18192.07765658588,0
205.43599359464176,0.7368421052631579,0.12336690317456382,-16082.265779397982,1235.3591403702026,19181.75425929645,0
203.37177382469264,0.7241379310344828,0.12300753521607183,-15435.694469978265,1222.578194435367,19809.24537886036,0
201.23997234010386,0.7068965517241379,0.12904266369276682,-14304.123340422937,1191.5279359478961,19874.786956381886,0
199.39369861788396,0.6949152542372882,0.1304784808327851,-13201.278870566077,1180.0512797222714,21311.426644664934,0
194.7365837248237,0.6779661016949152,0.13312175866700468,-12037.37348372562,1148.2310288963877,22322.358519493366,0
193.30811409783965,0.6666666666666666,0.1349865675639484,-12144.908836957653,1134.4628326792033,21938.21884101279,0
191.43152989961263,0.6557377049180327,0.13845333697114456,-11985.57003963535,1122.7641849937443,21947.089694158458,0
188.60631681881796,0.639344262295082,0.14216244382714593,-12176.190464982783,1112.3544544753079,22606.479463734515,0
187.31703965497877,0.6290322580645161,0.141249526196246,-11281.56135811264,1098.8073802938243,23678.25638956489,0
185.85288345847647,0.6129032258064516,0.14449496226141978,-9012.463816024341,1078.7084720434475,24968.39528083376,0
184.17651674319936,0.6031746031746031,0.14891161189518043,-9518.402492518328,1068.173848108926,24095.587134374906,0
181.76966820696492,0.5873015873015873,0.1522714928363834,-8903.013739623502,1056.6410429893472,26139.96476237368,0
179.62808259310935,0.578125,0.1556624034420036,-8133.052366412136,1045.8842048514095,27150.581810526102,0
175.88956054713182,0.578125,0.15725713741277728,-7877.368886451932,1013.193751062573,25904.70733504785,0
174.2267384651662,0.5692307692307692,0.15985631641418008,-7288.592516319757,1005.3069160867312,26674.41960417803,0
170.92578433621853,0.5538461538461539,0.16167783494708202,-6148.474449577925,973.7776047798316,27008.297497076066,0
167.49513714288977,0.5384615384615384,0.1639777876780862,-5654.83957886518,963.3505646800064,27639.187541125804,0
165.2265931653262,0.5230769230769231,0.16801015975052522,-5184.59303441535,935.120096475257,28361.387821768476,0
164.13909673235136,0.5151515151515151,0.16854100967773752,-4827.030901908721,927.0174217133251,28834.76580219462,0
162.52977062974617,0.5,0.17078304043268408,-3170.1803053856456,909.6883962770913,30226.20806702617,0
159.0605625421996,0.48484848484848486,0.17448611299661335,-2244.2335756559987,899.6526404718328,31019.135357684503,0
155.31959374288604,0.4696969696969697,0.17858768027985988,-15.602089427328819,885.728082745487,32135.717005898678,0
153.807188178767,0.4626865671641791,0.1794062750266868,130.87221995750232,875.667508265844,32354.016662582748,0
149.9741762256386,0.44776119402985076,0.1841532230204679,972.1651250317011,867.0159773063338,32634.73851645838,0
148.65593796588377,0.4411764705882353,0.18764453980318438,1191.9375577029084,860.063854539167,32982.43050112505,0
145.9225414836505,0.4264705882352941,0.18977969468822484,1380.8921525105638,835.6834991369578,33772.60480455275,0
142.19600840247563,0.4117647058823529,0.19213525831217687,2417.580393132581,813.7769962182432,34606.17502384255,0
141.54026621864267,0.4057971014492754,0.1946572159065648,3207.657990300995,808.5643822092522,35812.29145240638,0
138.72676792412432,0.391304347826087,0.20054393377926394,3817.137729706514,783.0698766520309,34927.49784871952,0
137.8091641165259,0.38571428571428573,0.20460030399147028,5175.212774368964,774.3838328179538,37016.75068104347,0
134.5154718387435,0.37142857142857144,0.2088519445414138,5998.165409076336,758.8594748403019,36784.16343590734,0
131.44189046851292,0.35714285714285715,0.21184645789452788,5586.168712989828,745.1241936727522,37160.56861199673,0
129.46345309727232,0.34285714285714286,0.2183747885578474,8195.056943856389,729.1502323415904,38551.37901724841,0
126.81838061638703,0.32857142857142857,0.2217271705798976,8723.847692436528,718.0461679088904,38720.899762522815,0
124.7923226160056,0.3142857142857143,0.22809838856217093,9484.504478983312,707.3210698963952,39725.71439872058,0
123.72750488816882,0.30985915492957744,0.23006665932311512,9188.759227391047,701.4713048492446,39376.76225662525,0
122.56909855102577,0.3055555555555556,0.2285230353131559,10222.089180364364,697.3248787569812,41081.40175161365,0
122.05503799835519,0.3013698630136986,0.22837459356386652,10374.08613402608,690.3154834040919,41436.72908459901,0
118.50385506289095,0.2876712328767123,0.2319696164736845,12082.51993649504,663.4860746493096,42103.38520639443,0
117.61583959729624,0.28378378378378377,0.23041604159940265,11679.911027124128,662.3792108239321,41743.249644737574,0
114.14900932741907,0.2702702702702703,0.23236746320327523,11973.49494875336,651.8419763275637,42488.31477370863,0
113.10047842643357,0.26666666666666666,0.23634916395339867,13220.72751436547,646.7347255920802,44531.24066921017,0
112.05083854741105,0.25333333333333335,0.2420467496546209,14493.906491440921,637.7431114000494,44253.70958602277,0
109.1474546003231,0.24,0.2465455377137462,14395.895500322416,626.3836642102999,44693.3328242902,0
107.01029533193449,0.22666666666666666,0.25375714647331665,15596.765714879002,598.5174536985916,45051.31618445045,0
106.55119647414209,0.23684210526315788,0.25466526999515676,16029.519121811609,597.0544463307543,46056.72588091293,0
103.800038854518,0.2236842105263158,0.2606885023732262,17749.40870062121,593.4787955363086,46924.25868628172,0
101.76657844154424,0.21052631578947367,0.2718900086224001,18681.067030560484,574.043930110098,46374.926592906624,0
100.9052785373513,0.2077922077922078,0.26956501475524525,19553.970801129883,572.4747844920032,48030.62806863482,0
99.60273704004682,0.19480519480519481,0.27879797560053593,18867.47907977205,557.1707798810671,47453.970094093835,0
99.22619638130969,0.19230769230769232,0.28006752173690075,19794.84311169568,557.06400744987,49204.30786892506,0
98.79526439087054,0.189873417721519,0.2818520852328844,19277.276794266538,556.0924639665376,48673.61569633482,0
98.32578563378966,0.1875,0.28501114432788965,20010.01997857835,556.1905351899526,50000.0,0
96.94699903905004,0.175,0.2900717146943623,21170.275551547234,536.2929227233169,50000.0,0
96.61992845265281,0.1728395061728395,0.2913387006760146,20903.95797426145,534.3970622985789,50000.0,0
93.40997694554845,0.16049382716049382,0.2920834199582551,24954.17634580965,512.3973473596868,55105.0,0
90.19933418696925,0.14814814814814814,0.2994189472228046,20033.62321721073,485.8944013998997,46482.0,0
89.63076864950156,0.14634146341463414,0.3015387273380127,29884.020330132196,481.53158687340425,61219.0,0
88.88376289774085,0.14457831325301204,0.3046417753126889,19616.947669903315,477.5193556541981,46154.0,0
86.62546250908119,0.13253012048192772,0.3128158607436136,32289.456513817742,458.20042847306405,63054.0,0
85.84391491115029,0.13095238095238096,0.3153848483152163,29401.528892355815,454.17883430550233,59267.0,0
82.20853928539925,0.11904761904761904,0.31901483228199146,25790.935929232095,443.2232765126337,54040.0,0
81.74874957621279,0.11764705882352941,0.3196117776338818,21878.959162080886,439.54742488010635,48628.0,0
79.06262007519176,0.10588235294117647,0.3235072522119553,20474.288036563656,412.7108184466374,45603.0,0
76.18981386469612,0.09411764705882353,0.3330849478237815,32735.615327455373,398.57201774755947,61619.0,0
75.82386258677225,0.09302325581395349,0.33153353795348717,25839.36036897347,395.5379298209918,51939.0,0
75.14505685708171,0.09195402298850575,0.33203757395469513,34222.77171974354,392.08662215500726,64783.0,0
72.68322852354676,0.08045977011494253,0.3403728331831456,28810.585553563113,378.81854451713315,55731.0,0
72.13733903583527,0.07954545454545454,0.3439932285618596,29796.76109331533,375.11103238368526,57604.0,0
69.50351303472394,0.06818181818181818,0.35010739271025465,26875.056407190288,364.34779068563876,51385.0,0
69.04219055862336,0.06741573033707865,0.3531056627198654,23875.80309424673,360.9256595621035,47132.0,0
66.21311485427503,0.056179775280898875,0.3589640497433748,28755.96406781091,344.9523548923046,53139.0,0
65.93864577984041,0.05555555555555555,0.36246475277296986,28789.837266777475,342.7822446496927,53392.0,0
65.62194309271001,0.054945054945054944,0.36805945231737586,24364.688319477955,339.68338512308367,47006.0,0
63.181600644824975,0.04395604395604396,0.37539377536467683,31147.56334218834,318.55558342032833,55283.0,0
62.7946714387594,0.043478260869565216,0.37959484191101667,31391.935638970932,315.5953207517966,55985.0,0
62.478690057363806,0.043010752688172046,0.38250173513822466,30317.17062398655,313.0668086081163,54771.0,0
62.16724538052449,0.0425531914893617,0.38800878252245574,23702.1159476026,310.201393008956,45029.0,0
59.41640210979807,0.031914893617021274,0.39190939927339397,33520.09821275087,297.64733179797673,60699.0,0
59.01449628843605,0.031914893617021274,0.38804085872708105,33994.07628014278,294.7995937173511,61911.0,0
58.317538656125095,0.031914893617021274,0.38816702198757636,27798.978752895106,291.96650816906384,52324.0,0
57.584310446496524,0.031914893617021274,0.3942058458015579,28446.170680885825,288.92984916293625,53328.0,0
57.22005295445938,0.031578947368421054,0.39618070318779686,26656.590643637723,286.3326999474707,51011.0,0
57.05779994562787,0.031578947368421054,0.3942972199354029,23376.636038805664,282.2098903157111,47585.0,0
56.457091705461515,0.031578947368421054,0.40072602109352046,30132.39863276454,280.1559374815249,58098.0,0
56.10487435525712,0.03125,0.40026061978064914,33538.79021060789,278.7742116589912,63620.0,0
55.500585193318784,0.03125,0.4008500903234331,27871.703916319715,275.45322493369446,55695.0,0
55.28733056029338,0.030927835051546393,0.3992358330734738,25811.185367338938,273.0322246874705,53077.0,0
54.49335544838883,0.03125,0.39833797172589724,20523.329666205493,270.9903289402716,45153.0,0
54.201981562831584,0.03125,0.39805301919597397,31469.430370650647,268.9397200463115,61542.0,0
53.91244460118331,0.030927835051546393,0.404042192154045,32433.886606614615,267.59903222052304,63142.0,0
53.622757053316064,0.030612244897959183,0.4079875614731835,28418.502148042153,266.06953590642206,57374.0,0
53.32615298859295,0.030612244897959183,0.41414322402213133,28256.936901401783,265.71653899758434,57278.0,0
52.6059838261302,0.02040816326530612,0.41623741661196145,27438.200927710852,264.8701486787501,58182.0,0
52.39387152474778,0.020202020202020204,0.4208947858896007,27058.479018017217,263.25818492749795,57818.0,0
52.40464759404963,0.020202020202020204,0.419303602537961,24675.60100792099,258.81225444297706,54106.0,0
52.31384906204826,0.020202020202020204,0.4192967391252282,25860.457465312888,257.5165430936314,56262.0,0
52.02129052078921,0.02,0.4229917945692392,23356.038522738258,256.52462379476293,52784.0,0
51.69358788569196,0.02,0.42727160346938464,24932.498473108695,253.83094019896495,55311.0,0
51.48756147620445,0.019801980198019802,0.42683458147759307,25842.90646816694,252.73210536070744,56947.0,0
51.49884445532117,0.02,0.42615209535511495,20649.570178537455,245.75946049738258,50388.0,0
51.37939766728181,0.019801980198019802,0.4253370848854275,21653.63225298989,244.19655552398532,52289.0,0
50.35398485085991,0.02,0.430165308845122,27595.18271145485,240.27258047580887,62327.0,0
50.19950853835368,0.019801980198019802,0.4307082816189761,16958.733226336564,238.3765935974765,46691.0,0
49.38651477457527,0.019801980198019802,0.43508446200178547,23209.322035520087,233.95787738498743,57082.0,0
49.16878903628478,0.019801980198019802,0.4412515753963019,17287.714724833124,230.34925604179537,47695.0,0
48.452317108697194,0.019801980198019802,0.4440359539490976,22391.421102180455,227.73903708195294,55118.0,0
48.076471444507696,0.0196078431372549,0.44726164906937643,22555.948694075087,225.92657517785472,55525.0,0
47.737812932954974,0.019417475728155338,0.44686426533317,27315.74079706278,224.53817689556857,62884.0,0
47.504943853885976,0.0196078431372549,0.44706361894005225,26425.646972358154,218.35329742724485,62977.0,0
47.20798590250627,0.019417475728155338,0.4470646289319947,14329.20000375976,216.73602358067114,45136.0,0
46.50067852126933,0.019417475728155338,0.45417662371964723,19099.458883722207,214.7912482893048,53522.0,0
45.96463325521073,0.019417475728155338,0.4565533880958509,18254.74536877551,213.33027459226432,51433.0,0
45.42496484395468,0.019417475728155338,0.45776155971752636,14625.741082236726,209.83633926007877,47896.0,0
45.335553158950546,0.019230769230769232,0.45953341849802054,18920.308976541502,209.1581736831601,54514.0,0
44.70749347657693,0.019230769230769232,0.4637787758898613,17858.23396594029,207.0098277772269,53935.0,0
44.446828694577334,0.019230769230769232,0.46392733956619164,20488.89990068513,204.8480989483799,56598.0,0
43.941246568167905,0.009615384615384616,0.46841182774845286,15988.096290376245,203.2110671925617,50541.0,0
43.63192165661043,0.009615384615384616,0.4741140921878448,21995.67430013707,199.1987932183833,59560.0,0
43.616739612403904,0.009523809523809525,0.47741260697075705,20016.600932949706,198.55292542648084,56833.0,0
43.49604051521149,0.009433962264150943,0.48147765346088417,15800.434756943014,197.45283613322042,50637.0,0
42.617032779854824,0.009433962264150943,0.4867445769424121,16294.510130340683,197.1336262556116,51787.0,0
42.414200675921414,0.009345794392523364,0.4850642496269192,23745.57120962279,196.31132097814296,63226.0,0
41.98526167198482,0.009345794392523364,0.49079406287682364,17783.55181590678,192.15963153756766,54895.0,0
41.510845553387206,0.009345794392523364,0.49075271495624395,20597.495420244704,191.27869725176024,59690.0,0
43.11441712980812,0.018867924528301886,0.48910277267875146,23641.255517661713,202.10284461440068,66229.3739032772,1
45.66323789256268,0.02857142857142857,0.48481033120248174,21586.02612511961,217.4576086985826,64341.61724536824,1
47.6732369199731,0.038834951456310676,0.473710904663813,20038.0478414695,235.99628482873717,63548.534591470976,1
48.800846644028255,0.04854368932038835,0.4753924722642723,18943.574614649024,243.50359019016702,62606.13019694031,1
50.90360980862603,0.058823529411764705,0.46604550418122587,19054.992471441612,257.33157478174434,63239.6342139996,1
52.72898933356556,0.06930693069306931,0.45693745196008084,17177.70039236829,278.108927664167,62328.23130371093,1
55.19611719361409,0.08,0.44889958156338744,14604.914363476593,296.05225353519387,60272.21572136987,1
57.39245397824603,0.09,0.44359746450610077,14857.596494559908,310.90993383606946,60863.802100000896,1
58.69793518336899,0.1,0.43828259216575927,13447.290708193761,322.96643575595147,59876.28118685619,1
61.47887602133832,0.1111111111111111,0.43419856984707417,10969.490952531538,335.74514872375124,57461.41690571302,1
64.32992273993243,0.12121212121212122,0.4340199933070267,11227.778895009908,352.78505219875666,58235.609919953175,1
66.30549745254712,0.1326530612244898,0.4298503421031839,10442.270381824188,369.5137971480659,57400.64242876097,1
68.32427499836218,0.14583333333333334,0.42397954249915426,7404.375764665475,375.3835252066236,55282.430736889975,1
68.97437715354344,0.15625,0.4186952843558804,6812.641466462751,391.87704169710634,54846.38190981024,1
71.61899388414442,0.16842105263157894,0.40824221642639535,5411.827446936989,406.85740416911744,54117.36737673926,1
74.4760770128889,0.16842105263157894,0.4020515639646807,3883.16089533995,423.9952995795252,52746.0895200378,1
75.95722997002476,0.18085106382978725,0.39047986958085623,2626.648661535392,432.8297064764276,51969.04177788901,1
77.40638783938172,0.1935483870967742,0.38645406508355734,1332.1476367819448,445.7304878548631,51188.90258256423,1
78.93381426378212,0.2087912087912088,0.3767328077187372,634.5127441724171,465.43323471620636,50937.494729622566,1
80.54577689807746,0.2222222222222222,0.36896935003645076,-3701.5966290563247,483.8516521119907,49595.5233181081,1
85.14298001052923,0.2413793103448276,0.35247299672502336,-9610.758708818432,520.3861366841496,48650.00909650386,1
88.69223597887309,0.25882352941176473,0.34045206403682865,-580.4368380359429,540.9078691654516,47761.187752065845,1
92.15166894013122,0.27380952380952384,0.3313559976493141,-9609.476895715881,554.5337931694279,47209.48262895378,1
98.27755370601355,0.2962962962962963,0.3168070474256294,-7028.156943321305,585.9401488894088,47157.48052110759,1
102.00428537745339,0.3125,0.3041969702278105,11.203660694900103,604.235639535474,47148.79254684243,1
108.08284554995068,0.33766233766233766,0.2846144702732485,-6492.298979211277,641.3101900888047,45611.74558567797,1
113.50793270111836,0.36,0.2680467219519218,244.07162407000254,666.1721723434719,45394.69396804666,1
118.12856984514804,0.3783783783783784,0.2581704905424567,-12118.492644507802,693.8303198478675,43782.06611078182,1
120.80553953965952,0.3918918918918919,0.25777195971906475,-6444.522304551701,712.788394802544,42684.46597686779,1
126.18853293849952,0.4166666666666667,0.24512127594386754,-3003.3899747713617,763.5882815987911,43109.54093786577,1
132.81189173722808,0.44285714285714284,0.2329733166507462,-9591.26912331332,813.9193978233479,41311.55347745172,1
138.39833988416862,0.463768115942029,0.2284458656433806,-2588.7940039584837,836.351405380146,41287.088313661705,1
140.76101883439307,0.4782608695652174,0.22589597785465704,-15133.788275739125,859.6447606741476,38951.990276337165,1
147.1231509721604,0.5,0.21401759729309144,-12267.389218200407,900.1679751695754,39023.494697890776,1
152.49819173295947,0.5223880597014925,0.20320658076850437,-12986.62605419434,924.3148601515761,38727.74389788702,1
160.53260247145272,0.5625,0.18436899280396069,-10439.51123160349,1000.0479560585032,37194.57691657939,1
164.9715343152026,0.5873015873015873,0.172260691908887,-13770.654723439704,1041.4443094905562,36342.742628762,1
169.48683863698818,0.6129032258064516,0.16898782397293657,-10647.73187424565,1076.3476633030818,36516.619599456906,1
176.46392496589795,0.639344262295082,0.15640740712042264,-7951.015987119561,1111.9903076575806,34778.054668383076,1
184.58783918057665,0.6779661016949152,0.1420939176674704,-13435.729554129295,1175.7342484320789,35076.06377189358,1
196.02656255370306,0.7321428571428571,0.12552910499556297,-7192.702104209582,1254.9290469337723,34385.775993933166,1
203.01813681637515,0.7636363636363637,0.11555596582077873,-12058.990159696012,1317.3042454373267,33410.25386355042,1
215.08965548686785,0.8113207547169812,0.10001616413922973,-15116.33697575733,1394.7332016475243,31346.378665714677,1
221.90737298910284,0.8461538461538461,0.09060064350909629,-13448.411120460567,1436.2596237138796,30447.494633542756,1
233.38751403869182,0.9,0.07483481392913,-13662.391204270878,1516.116797726082,30202.605332301402,1
253.50379446422338,0.9787234042553191,0.05627888827972426,-19842.72272759553,1632.1434957913068,30084.693411330034,1
257.9361042431486,1.0,0.05343754869640615,-25083.08440853143,1652.029230271384,28648.082862138515,1
257.5424694049345,1.0,0.05528892121561259,-24675.898353276207,1656.1343215989461,27805.043581453578,1
256.6874286357688,1.0,0.055866143339178505,-24674.370275106096,1639.9350817036322,27024.23557405149,1
254.89840265173532,1.0,0.053832442774074715,-25167.05631245515,1644.4515282022385,26216.801498413155,1
251.9168560152579,1.0,0.053840137199443264,-24605.807132185328,1626.6885141674868,25993.62682470356,1
250.56757971948923,1.0,0.054726910635749235,-23949.63196618516,1599.6096150560727,24943.967389675483,1
248.2912681514508,1.0,0.054723131550381075,-24218.114656552967,1582.0811888195242,24878.59286283103,1
245.17942563927915,1.0,0.055386337636756704,-24338.117297916746,1562.8364787195992,23773.158963627484,1
243.89498653086886,1.0,0.05505361563959134,-24110.05909612916,1585.645848385916,21473.44057998196,1
239.04351034073048,1.0,0.05344606742108405,-24266.396414583607,1565.4008391432658,21477.376658893547,1
238.85497298744312,1.0,0.05420706095943474,-23618.60921864503,1565.8189494995208,20662.582679069194,1
239.2497542184953,1.0,0.05469939774484683,-23867.187910650984,1573.4353512701703,19740.43688316166,1
243.9879371249894,1.0,0.055563719845052546,-24137.456225420126,1575.924778760545,18547.846091108877,1
241.57367499645144,1.0,0.05593986220473747,-23049.462461237825,1580.6785317907927,18457.76644276131,1
241.20497411385222,1.0,0.0570099051417039,-23037.959425154313,1586.5283116886408,17875.553006942304,1
240.72040635870306,1.0,0.05758764040327846,-22646.85889837629,1588.7900702478173,17459.863149905726,1
240.9016964539191,1.0,0.05862273506439201,-24043.237574990446,1585.4838463753927,15488.70327014945,1
241.3985808840268,1.0,0.05829439659833378,-24139.325088762303,1574.9355467709088,14470.46446489236,1
243.67142460377406,1.0,0.05783289018868343,-23858.621575771813,1579.6528475384987,13879.099414600538,1
245.2005563448949,1.0,0.05671854899699792,-24071.591506636414,1555.4850385761852,12579.77558935785,1
243.41932846598115,1.0,0.05757823901182033,-23943.098608054916,1560.504479429361,12262.10898460265,1
242.53411580368945,1.0,0.0576742924677711,-23900.503030845633,1577.2391221453797,11753.008837586927,1
240.74480443828358,1.0,0.05763654335475056,-24089.936127673114,1599.2914275225737,11456.762460753464,1
237.38665659909262,1.0,0.05822826128855473,-24780.04132088693,1607.6236412313876,10740.66274576902,1
234.13271231426637,0.9787234042553191,0.06187503022967794,-24502.51567128583,1581.7917754148536,10865.683067421362,0
230.6317096081955,0.9583333333333334,0.06280302536213529,-23869.686138728848,1560.6433436713662,11522.341639449161,0
227.2938087314667,0.9375,0.06858237298121177,-23191.788582587054,1549.8857917949572,11306.129348531535,0
224.24976992640197,0.9183673469387755,0.071515328653264,-22340.06233485112,1524.2415908673856,12106.960375165876,0
220.33744390809358,0.8979591836734694,0.07602138899170675,-22881.430323457796,1500.895830202657,11640.83658359687,0
216.73413817332337,0.9,0.07814326998861452,-21311.2038284187,1479.4348394681028,13532.313931421857,0
213.15410683740802,0.88,0.08309563576379635,-19859.649847822413,1470.638712276508,14394.932564688113,0
209.7544284033941,0.8627450980392157,0.08703795759346744,-19786.963636877066,1446.5204075069341,14242.782581980067,0
205.22242137783792,0.8431372549019608,0.0910347422238218,-19297.445476009932,1421.6108013177761,13938.429879168236,0
201.59725608538375,0.8235294117647058,0.0951729132906232,-18496.371495945983,1396.9342570914655,15784.646254976782,0
199.35753273303953,0.8076923076923077,0.09663682316718067,-17613.252418131447,1374.2324316375464,16691.70998250527,0
197.06166984715594,0.8076923076923077,0.10066216264083067,-17341.71134157676,1336.9894881854464,15765.036057641655,0
194.38000438605872,0.7924528301886793,0.10595826490522518,-15975.087169704786,1319.3266145591417,17526.436250901654,0
189.8468977238906,0.7735849056603774,0.11113493465335932,-15778.96382974959,1283.0306451656172,17905.783671803827,0
185.18929418645948,0.7735849056603774,0.11497984035619328,-13971.127168413766,1272.7769728258118,18200.13521253898,0
183.29743787642843,0.7592592592592593,0.11794957013773635,-13893.404444541971,1252.076294862988,18120.87756995632,0
182.0944821821979,0.7407407407407407,0.12257814073895348,-13156.82397175236,1224.5385426098935,19355.579928991294,0
176.64822287176958,0.7222222222222222,0.12638482399019668,-12310.029376972605,1196.1322048877655,20519.95930032927,0
173.4950668965438,0.7037037037037037,0.12947715351126,-11861.087575656336,1181.2891774873547,19808.192739055772,0
171.0087436300715,0.6909090909090909,0.1311165529649802,-10568.704765187862,1164.9499145502107,21519.724604023384,0
168.93719423097576,0.6727272727272727,0.13288663493598254,-9709.461274060068,1125.536295775353,22034.13122372693,0
167.0334922203305,0.6607142857142857,0.13341831367765103,-8643.535464955801,1114.5241159138445,23524.07887792118,0
165.75965152223057,0.6491228070175439,0.13356511171976215,-9390.08185702781,1099.6598624950286,22259.56496821805,0
163.68948934142023,0.6428571428571429,0.1393160195964376,-7607.899312559299,1065.2493867283072,23711.226549461986,0
161.74981141972535,0.631578947368421,0.14401909682232897,-7232.401103180528,1050.5265243779843,24145.424311984458,0
160.3397213677543,0.6206896551724138,0.14449177356403373,-6549.50750826247,1038.269478309208,25092.0280808185,0
158.35415785281305,0.6101694915254238,0.14628917584531168,-5820.250491369361,1027.1558649143112,26123.81979716217,0
153.57101251192057,0.5932203389830508,0.15200788144329397,-6317.657489006516,1011.2511254532021,25764.319461944997,0
152.1828346399714,0.5833333333333334,0.15350965664107338,-5806.74750014426,996.9849236185627,26422.246838415005,0
150.47083903506407,0.5666666666666667,0.1609857727494708,-4498.321754010764,969.7564143754031,27833.85238685832,0
148.91630243234047,0.5573770491803278,0.16376765713692884,-3673.2027260942473,961.6605927541838,28967.20298083331,0
147.59716746003923,0.5483870967741935,0.16652737637324275,-3845.045483283945,955.7813245093117,28644.785354526604,0
145.23353122788487,0.5483870967741935,0.17065126198349326,-2370.7228271658287,944.2049930781357,29876.29842333758,0
142.3400610929153,0.532258064516129,0.1772122607320077,-1141.4767639089132,912.8207325924328,29671.38385180753,0
141.14874348553877,0.5238095238095238,0.17590325518468852,-1102.5517849858688,902.0348207602786,29706.28331919232,0
136.62321646836827,0.5079365079365079,0.17818122211029944,386.14928055334707,882.4973962921547,31019.090471972126,0
135.92449171962676,0.515625,0.17885427697536344,368.2775944944594,877.3006653519675,30995.987597591746,0
133.82080588303165,0.515625,0.1823802340198364,1179.7758963891406,871.3623564274731,31955.021163726655,0
132.872930630418,0.5076923076923077,0.18513005205948577,2393.160979236044,863.2994311522368,33785.74013666811,0
130.58837504879028,0.49230769230769234,0.19135296534196705,2695.8921424064183,846.63886656035,34018.11308777786,0
129.74076564720852,0.48484848484848486,0.19347429212567652,3188.832284685961,839.1213219779773,34805.12193079872,0
128.67142016546703,0.47761194029850745,0.19234378247054995,3244.7923538403397,832.1004650284364,34949.12080688584,0
124.5967092615402,0.4626865671641791,0.1966732500880426,4229.877211884246,820.2982719390953,34908.20628648023,0
123.9519452573386,0.45588235294117646,0.19658135172977967,4249.781608042855,815.3981540953964,35012.20488029313,0
121.54866377255067,0.4411764705882353,0.19991415597688617,5251.902735464919,809.2399965428135,35631.847393948476,0
118.87675816834911,0.4264705882352941,0.20722841325394387,6946.059071701533,786.5570589104153,37137.54441141432,0
118.27715217075637,0.42028985507246375,0.20867012380862193,7599.577761290529,781.8474687514165,38233.15998722765,0
117.68850093483954,0.4142857142857143,0.20965855174018716,7128.687272109528,775.0411120605768,37672.662488193164,0
115.00199546626028,0.4,0.21548443274115228,8035.156055291897,757.3735052442235,38027.20875014066,0
114.22907346439811,0.39436619718309857,0.21798225270317098,9045.108081729513,754.7403546582988,39623.572942114115,0
113.30249909152651,0.38028169014084506,0.22279931869087308,9229.549253693302,729.2177531442022,39451.57697807034,0
113.03058106086203,0.375,0.22390861015395364,9943.470388663933,722.0781232010727,40712.416885312494,0
112.14129762231322,0.3698630136986301,0.22398637034961447,10105.41399302219,717.5613877291979,41085.898214562265,0
111.01125500876664,0.3561643835616438,0.2312403242000327,11215.680159137886,706.991212772153,41406.02514115883,0
110.98865036251932,0.35135135135135137,0.23349410404639356,11472.037872927629,700.6270120531457,42063.922812411256,0
108.81002291952902,0.35135135135135137,0.23966997745371244,11900.919705654875,688.6466179592834,42459.40157350533,0
108.2513608736787,0.3466666666666667,0.24327580404306032,12368.419569418465,683.5349327184038,43322.538800509035,0
106.38003034471001,0.3333333333333333,0.24621075521485536,13796.38637299571,672.4850510377668,44211.9879576393,0
105.79611445349599,0.32894736842105265,0.24565349223419106,13454.86452812093,670.6756007773034,43861.67351462482,0
105.23599186064398,0.3157894736842105,0.25002510934730876,16465.596277199005,665.7158488846445,45768.42467046456,0
104.44024251654133,0.3246753246753247,0.2545914102763305,16274.055592505822,660.5355836548414,45635.028052242465,0
103.71701963097064,0.3116883116883117,0.25976460882979907,16795.965336457433,630.4823043521634,46085.33114663754,0
103.55514110799038,0.3076923076923077,0.26228326449543393,17763.667143127386,625.5860851871769,47650.35286205805,0
103.08850599979223,0.3037974683544304,0.2634001637177374,17256.079294312734,623.7656917903814,47204.51087000055,0
101.20572627992932,0.2911392405063291,0.2706209774744222,19150.116360824028,612.7269495548151,48923.86878887685,0
100.44126575679343,0.2875,0.27163135005882516,19020.076610339274,612.012045003759,49040.398738799006,0
97.64470672469106,0.275,0.2750782987114683,20314.658371434056,596.1910531080617,49856.653693707995,0
97.72186235766728,0.2716049382716049,0.2779309130415043,20248.43986021204,593.5716807633132,50000.0,0
95.28530638428698,0.25925925925925924,0.2854007843355192,21338.81053439085,576.8424255924198,50000.0,0
94.87608368494878,0.25609756097560976,0.2843148570225477,21091.558582697002,574.5835986958828,50000.0,0
90.89520472619931,0.24390243902439024,0.2928141575906252,18822.00009887202,556.5362227075863,46097.0,0
90.06580409459565,0.24096385542168675,0.29848129689407515,31230.753749523676,551.4501376388197,64511.0,0
89.45403828402998,0.23809523809523808,0.2974495273672912,20306.64198291416,545.4820413434397,48754.0,0
86.86282169847672,0.2261904761904762,0.3067733629885799,27534.580428200265,524.6563288710745,58524.0,0
86.12034906376923,0.2235294117647059,0.3097193496432316,18422.720511112166,520.1970156038061,45410.0,0
82.69544781144229,0.21176470588235294,0.3228202575315884,32695.40372284261,493.811269388844,65069.0,0
81.96287752738084,0.20930232558139536,0.3246306277744213,30234.501115151037,488.87061937750434,62082.0,0
81.13619603187614,0.20689655172413793,0.32786733498994636,24221.991714923493,484.03897610027536,53528.0,0
79.12600547701587,0.19540229885057472,0.33036015155287185,31477.151192951416,470.49092505006547,62329.0,0
77.33600536211269,0.1839080459770115,0.338481983653647,22158.35629095894,454.68893461325644,47171.0,0
76.63382726514517,0.18181818181818182,0.338495209277649,28808.964688745647,450.18901057366054,57268.0,0
75.90762217657687,0.1797752808988764,0.3417873562755607,31311.201219069113,446.10793074800046,61391.0,0
73.98510531533765,0.16853932584269662,0.35350058694136094,23342.996706898975,424.09634909067574,48073.0,0
73.27956048429711,0.16666666666666666,0.3566333758552295,32998.34101767654,420.5979550193435,62869.0,0
72.87457251503706,0.16483516483516483,0.3573126451602035,33919.98256428058,417.27294698531176,64459.0,0
72.43908644516742,0.16304347826086957,0.3581627794033562,26885.080457831795,413.62000736716755,54198.0,0
68.99191247924918,0.15217391304347827,0.36827302936998013,34237.67435644474,394.58889311041474,62883.0,0
68.52460686175921,0.15053763440860216,0.37265388082352435,22098.25984671417,390.8603130016193,45317.0,0
67.9943180400104,0.14893617021276595,0.37350074956604784,24653.821005775924,387.4304015260602,49517.0,0
64.62216147280695,0.13829787234042554,0.3828557224865179,31351.800312627605,372.78839108242994,58884.0,0
64.35282720508131,0.1368421052631579,0.38915678892540734,30720.468070535066,369.34972714870514,58101.0,0
62.75237457555768,0.12631578947368421,0.40089115072823395,32130.336836815215,351.676139303727,58895.0,0
62.314311913125216,0.125,0.4012900418852774,22762.737357687118,348.9463092083183,45506.0,0
61.85142285108374,0.12371134020618557,0.4039935305832558,25024.42474132534,346.48794644774773,49151.0,0
60.55942494131167,0.1134020618556701,0.4121017367495775,23454.573433156947,328.7369095348185,46130.0,0
60.2256308996986,0.11224489795918367,0.4132022212057864,22960.30867547942,326.7839968278975,45697.0,0
58.44281797628,0.10204081632653061,0.4207691659185923,29941.29626135308,309.02520605481675,55328.0,0
56.92042334113669,0.09183673469387756,0.423823755182065,27582.191154228858,292.4168771935269,52113.0,0
56.36348350885516,0.09183673469387756,0.4235074118246837,28769.886967006245,290.00359868021025,54629.0,0
55.82687377244222,0.09183673469387756,0.4291126327418224,23463.862812283398,285.3094022870995,46251.0,0
55.49118098502252,0.09183673469387756,0.4293948958575311,29215.40818276535,281.82535586132974,55349.0,0
55.08117960872842,0.09090909090909091,0.43295370571717384,28966.86648827401,279.6358756065858,55233.0,0
54.66167222422264,0.09,0.435242074757578,27624.57066626437,277.6205699953955,53454.0,0
54.17458124131599,0.09,0.4385096452219549,34785.11338954896,275.1934513932117,63709.0,0
53.51462826502602,0.09,0.43960736212642887,29976.86176839313,274.1350440040645,58205.0,0
53.16794988222474,0.0891089108910891,0.4441330125582642,23609.24188760931,272.226414245671,48862.0,0
53.215604252683455,0.07920792079207921,0.44639976921594704,32854.265028363574,269.4482789394336,63485.0,0
52.52737247546035,0.07920792079207921,0.4477993184639776,26150.052925771644,266.7911229302853,53264.0,0
52.343409328598305,0.0784313725490196,0.45364129916039814,30301.770204724937,264.8640752900933,59640.0,0
52.34016135724774,0.0784313725490196,0.45576406574757233,31303.955511221277,263.26737145369555,60678.0,0
51.80367364952937,0.0784313725490196,0.45537448708863065,27682.642322631258,261.3727890448389,57033.0,0
51.766745050225985,0.0784313725490196,0.45969225831801475,27706.284415185433,259.8970982547885,57764.0,0
51.39784323164132,0.07766990291262135,0.46079963621734343,31623.213163812972,257.81786650115436,63969.0,0
50.76898296644846,0.07766990291262135,0.46625387626961345,25325.618481854613,256.82808453252994,53572.0,0
49.89174970637862,0.06796116504854369,0.4649082179072839,24023.81232251004,253.44784115389945,53419.0,0
49.666528454966524,0.06796116504854369,0.466988089411367,26244.79413191217,250.60163629847463,57053.0,0
49.283797935550794,0.06796116504854369,0.46752912085168435,28886.27999906107,246.9968481636639,61158.0,0
48.97443553564649,0.05825242718446602,0.46512514426647483,18278.229515808987,245.2556845628188,45332.0,0
48.838626856165966,0.057692307692307696,0.4673867238796552,19643.26255794022,244.26049694476296,47574.0,0
48.3149259917982,0.057692307692307696,0.46759119855226516,25405.57534207514,243.62874666422917,57336.0,0
47.34978617459864,0.057692307692307696,0.46668069658599864,25657.875432897534,242.68621867195083,58725.0,0
47.32296106472593,0.05714285714285714,0.47045672106254943,18589.96989191075,241.0799329680066,48326.0,0
47.27273155058795,0.05714285714285714,0.4734900348140861,24332.236376915924,236.18409467658228,55959.0,0
46.66698144953687,0.05714285714285714,0.47526876831618575,23807.306284937054,235.15453920683805,56945.0,0
46.52450923881974,0.05660377358490566,0.4776363171045761,19853.50338642112,233.41276082808784,51180.0,0
46.431644001859524,0.05660377358490566,0.48400234619894406,24569.72652165158,231.9941286917097,58560.0,0
46.237114964305675,0.05660377358490566,0.483659897439235,18328.35518352672,230.21915984227147,50955.0,0
45.78887431954438,0.05660377358490566,0.4914175437095688,27695.385973031138,226.58771554009815,63548.0,0
45.112672213740964,0.05660377358490566,0.4976879995532489,27077.932000598863,225.3617446628966,63897.0,0
44.796734925533336,0.056074766355140186,0.4983024728041708,22989.35490041378,223.70624533500296,57992.0,0
44.28623169383033,0.04672897196261682,0.497437381223297,15004.209056316546,222.93281072792254,46523.0,0
44.14359480656792,0.04672897196261682,0.4921106617247102,26528.55570594637,221.74044190001078,64844.0,0
43.72743398664261,0.04716981132075472,0.49456381155795964,25685.744268448103,218.33910531658515,64077.0,0
43.71850169542789,0.04716981132075472,0.49121705963084167,20702.54891450849,216.37639865017985,57329.0,0
43.319792563078416,0.04716981132075472,0.4916451313543997,12146.584709843686,215.8101526877101,45956.0,0
43.040807789134995,0.04672897196261682,0.49242476548803693,22631.97518411647,215.19123954040327,61729.0,0
42.382715415356365,0.04672897196261682,0.4955612193981938,17270.693477951543,214.67268862519046,54817.0,0
42.059818881315415,0.04672897196261682,0.4965931076346702,18299.30527616426,211.50320515803762,56002.0,0
41.701246124581786,0.04672897196261682,0.4986312615049633,14526.558693165853,206.69830662826587,51395.0,0
41.52606238460984,0.037383177570093455,0.49799131288397297,19467.119619996043,203.15529298755007,58689.0,0
43.1340106624149,0.04672897196261682,0.4911905605141499,24145.51883239441,211.10836211297817,65896.54983022393,1
45.62606766132923,0.05660377358490566,0.491607941721193,22805.238627405077,226.47176576977242,65088.248014242425,1
47.226996711104604,0.04807692307692308,0.4826610755304438,19565.60234217276,232.0432427798172,63233.246823010784,1
48.308348104308074,0.05825242718446602,0.4748930790913554,18589.684444823502,246.29074704567552,62776.823878274416,1
49.89002449498939,0.06930693069306931,0.47077088462847494,18433.772906852024,253.51611625105934,63178.96398226452,1
51.04123341829956,0.08,0.46560962479954304,16163.67457434667,262.1693814890893,62306.26159258465,1
52.50563263466031,0.09090909090909091,0.4611872224505285,15291.252504276055,277.79443919784643,60666.316473988496,1
53.596500390912645,0.10101010101010101,0.45334268673228106,13509.443634842653,295.4706874752944,59868.725334491566,1
56.19934368616284,0.11224489795918367,0.44908280445227233,12853.626816728663,297.1192553755745,59950.49070477324,1
57.586076489063,0.125,0.4417603410275092,10412.565828271572,317.1455591519618,57576.408852895314,1
59.24961146344097,0.13541666666666666,0.4370328940683306,10243.970954915072,334.65290558228054,57736.34902626143,1
61.85905704424868,0.13829787234042554,0.4237527533963783,8247.004972890545,350.3136367473891,56136.796002562296,1
62.94953769674163,0.15053763440860216,0.41831997160192624,6528.213490105728,357.42605589541756,55399.75791603228,1
65.54430433021501,0.15384615384615385,0.40889613599677505,5525.591916441931,379.86873907232564,55426.84231100274,1
67.88062390648108,0.16666666666666666,0.40116361716139165,2970.476029248141,388.7999540538466,53451.91127656077,1
69.88576743402858,0.18181818181818182,0.3919800538475998,2784.5076023811557,403.2023882302829,54128.72562947799,1
71.52213191061607,0.19318181818181818,0.38678566317788127,1297.0980696137892,415.04530846889315,51934.23672959537,1
75.57089217495842,0.20930232558139536,0.372182212621407,1800.5634743355658,430.1295385712417,51446.20809787947,1
78.04776895286882,0.2235294117647059,0.3669405786529392,3565.866889047724,452.7681708819744,50705.05228785838,1
80.36075320642473,0.23809523809523808,0.3542399711539277,-8033.512098277105,469.0663295148651,50136.41327552469,1
84.80404027057315,0.25301204819277107,0.3419115580967085,-8658.526588125136,483.2526485664966,49433.676134254456,1
88.11354812201193,0.2682926829268293,0.3310855472503601,-6273.398410406945,505.5958607689238,47892.848517632134,1
93.25577211628222,0.2875,0.3189649640866915,-10291.130773147623,532.5948983309537,47436.932006532945,1
98.64587261233305,0.3116883116883117,0.3062318644916257,1864.9081633939961,576.7187552990767,48092.41563948214,1
103.68807359997705,0.33783783783783783,0.28008967817879504,-8264.511571672616,625.6458976162809,46611.96658218254,1
106.66969222456436,0.35135135135135137,0.2731526024473229,281.1703790685376,636.012836465367,45926.88998210715,1
110.10398371942435,0.3698630136986301,0.2630510919396887,-926.7360647304832,670.357474453206,44741.053703089616,1
114.932584296823,0.3888888888888889,0.25605659641188244,-7363.254820812201,710.0135653534702,44378.03947182811,1
116.99556850275758,0.4027777777777778,0.24713314116065632,-5934.348015851669,725.4555750564731,43212.52761562805,1
121.8261361790249,0.4225352112676056,0.24062083977240398,-2428.770879894884,767.7391585128779,42629.03311966334,1
125.65201403334363,0.44285714285714284,0.23439528268903648,-9373.163393450539,806.9884059767405,41216.79956982106,1
133.22984563830252,0.47058823529411764,0.21785054352704383,-11683.062658595249,860.3890608114096,40778.644063168016,1
141.82171857616999,0.5076923076923077,0.1984005618136265,-13029.088966626041,917.5542861090303,40118.487222161115,1
145.83729799431106,0.53125,0.18571919883108012,-12277.395148263795,952.3138465885196,38621.32312946092,1
155.87566552167812,0.5737704918032787,0.16320353492182968,-10009.651711670289,1030.1780828832261,38516.71779477867,1
159.86854297654216,0.5901639344262295,0.16071039088794714,-12998.619382132909,1041.6841433089203,37616.6697493819,1
163.75098668817387,0.6065573770491803,0.15362739267133427,-15895.626041935264,1058.9154511754741,37370.1328364705,1
171.10370998566518,0.6440677966101694,0.1415027908694376,-14922.06932262911,1104.8685246892978,35014.29003052014,1
184.24030255271495,0.6964285714285714,0.1278052384227729,-15025.701876937315,1193.7565818492785,34536.694886005935,1
192.91359274825362,0.7272727272727273,0.11906093987548168,-15785.541665163695,1232.9523303739666,35033.285022531534,1
198.13702822101365,0.7592592592592593,0.10744971310684687,-20684.404282600764,1270.5865909752047,32653.560373110933,1
213.5309460257438,0.8235294117647058,0.08923995984534014,-22051.15534467339,1384.6995873798787,32041.038418782544,1
216.29402258770276,0.8431372549019608,0.08768251244043912,-21554.258425690514,1419.2094372794827,31923.530355806033,1
224.67139681910885,0.88,0.08200019372368114,-9622.853663896125,1484.7288217149526,31651.309767597162,1
231.4839576995425,0.9183673469387755,0.07774651724382127,-17044.320904428096,1538.9452273770448,29505.652506835704,1
246.70911759771556,0.9787234042553191,0.06334459053827532,-19480.997376487438,1623.6245449178111,29713.808381796927,1
251.42565517027435,1.0,0.05803437279599016,-24480.302718980052,1668.4894888523202,29616.294271064784,1
252.84238420139576,1.0,0.059512757068099054,-25216.81970576491,1685.951493125051,27604.17151786776,1
249.6217549351197,1.0,0.059450537970911925,-24078.608682239545,1662.9358765260192,27986.856908280937,1
246.78339598444325,1.0,0.06008533673314435,-25096.910204616557,1674.9224485760474,25946.78722506278,1
247.36715293225154,1.0,0.06001988779506521,-26428.4767167934,1671.3458440031525,24549.811369928615,1
245.62718586440155,1.0,0.06031901126058799,-25829.443878731738,1680.5232154172909,24800.714242948638,1
245.98434095745884,1.0,0.05931755915263365,-25386.292012848877,1685.5223487355574,23306.017445985384,1
246.64516869505488,1.0,0.05870017791966134,-24230.618479515455,1672.6293450689082,23804.42791079953,1
246.08060634465255,1.0,0.059551403943286764,-25133.26381172825,1661.8792811852825,22993.013639053723,1
248.19473490100242,1.0,0.059840978497712485,-26024.180794524975,1667.9485711639634,21078.376068032456,1
245.69101363014934,1.0,0.05920221013235524,-25180.531977451774,1697.5254238062441,19909.10037002511,1
245.87770529047864,1.0,0.05738453477429217,-24044.89656465015,1689.3232418431976,20487.124749378057,1
244.47850949564855,1.0,0.057627011637600284,-24621.099869127054,1673.0995430326932,18587.95899672387,1
243.5593658004293,1.0,0.058614408454172325,-24668.99025349735,1686.6256258787557,19205.168610466273,1
243.86551254936535,1.0,0.05835046090481065,-25084.048286558,1697.3376575779841,18164.320785665645,1
242.22297875195548,1.0,0.058908154535909044,-25335.37167328676,1685.262214282114,15835.167627231676,1
240.24026495611068,1.0,0.06046169999405303,-25997.89909183056,1677.08085364135,16062.610865454579,1
240.73840320702064,1.0,0.061677294472480555,-26963.71776118255,1662.1061211172987,14237.460305410135,1
242.32489321724822,1.0,0.06317362041212617,-27144.303569818654,1660.4027873010252,13553.38962715681,1
244.87280888546215,1.0,0.0626754532843419,-25660.86232188109,1665.675932120338,13631.766879613253,1
242.04395459971755,1.0,0.061266817152185536,-25810.469689380378,1672.5204189908766,12254.006534372722,1
244.340546648417,1.0,0.06071085826919625,-24988.62599029021,1665.5072974885015,12822.348833692175,1
244.5821020289971,1.0,0.060116955163559804,-25527.33131005949,1669.6115274829488,11342.86262569518,1
244.83055955418723,1.0,0.060880988776442005,-24943.842182759916,1693.6118019975797,10684.189177557713,1
241.80369873568043,1.0,0.06422879955217928,-25820.43214538542,1667.690194202598,9542.136638681044,0
238.1743865113826,0.98,0.06893560502122169,-24568.968459570056,1642.970541888398,10801.387789307944,0
233.9436928642379,0.96,0.07175824554781947,-24859.40965899547,1627.8571162342994,11453.683108273353,0
230.62119198776875,0.9411764705882353,0.07325212592789382,-24756.597915957493,1607.4647303559948,11073.166368933506,0
226.76319887437222,0.9215686274509803,0.07879231025642934,-23910.78654167076,1571.7611813186359,11732.799401915468,0
223.864977806701,0.9038461538461539,0.08170013129675277,-22132.860693860257,1551.6297142581766,13908.482505052227,0
220.61327704856015,0.8867924528301887,0.08610620399053216,-22554.980653945655,1530.9217181706106,12911.333450879898,0
218.70408211316186,0.8679245283018868,0.0916245242890205,-20954.677661737867,1493.6434305016192,14946.052954069099,0
216.40216157336127,0.8518518518518519,0.09239353744939598,-21305.42193786169,1476.50768808271,14213.718810637969,0
213.1512234030715,0.8333333333333334,0.09759903645934549,-19673.324531436407,1470.1170022258327,15806.467881468023,0
210.01479112159768,0.8181818181818182,0.1032557392592754,-18987.290733187347,1451.6706470141455,16615.313545148772,0
207.5173455318211,0.8,0.10702843055656266,-18745.943673683687,1418.445939011881,16565.74817359738,0
204.91228624960104,0.8035714285714286,0.10878031874118499,-17960.883599535602,1396.7453170828721,17504.48873683079,0
200.24512677488357,0.7857142857142857,0.1131263497421286,-16866.370823162724,1364.455096168214,18105.230747170295,0
197.53940144893988,0.7719298245614035,0.11444867788079782,-15988.786142588368,1349.5599056164247,19282.01865917348,0
194.13252874917654,0.75,0.1181758951412768,-14367.015674620954,1311.5511562153442,19988.182633681063,0
191.76743805736172,0.7368421052631579,0.1221363835414999,-14893.086671297644,1292.5330806433215,18988.9350759043,0
188.95558090019853,0.7192982456140351,0.12578092195364074,-13929.436881018431,1261.1577089934253,20272.46611246837,0
187.31303338034064,0.7068965517241379,0.12857420066401887,-13350.897821187134,1242.1267853646345,20819.304146264563,0
182.719268794389,0.6896551724137931,0.13175905326022372,-12297.372864117388,1214.13055109426,21975.438629665117,0
181.17879820149474,0.6779661016949152,0.13474977126257784,-12806.43993678449,1197.5872599544552,21010.39105394737,0
177.44656187948996,0.6610169491525424,0.1386605435918021,-10857.907679156575,1179.2517945243665,22443.370350640474,0
176.31352786086924,0.65,0.14066023179300713,-10657.096055834261,1167.338994269839,22636.76609571183,0
174.60350435970048,0.6333333333333333,0.14901978978131608,-10074.814431970895,1147.9976761609494,23706.408694463546,0
172.57086631590377,0.6229508196721312,0.1535765492616583,-9822.574056336884,1135.8986679577083,23959.1798987707,0
170.5180570485216,0.6129032258064516,0.15858063425398206,-8641.415830275215,1126.563606790302,25618.619795706876,0
167.95941349943604,0.5967741935483871,0.16413869444035842,-8139.4405677706145,1098.2078595321195,25598.328658447495,0
166.74064447612034,0.5873015873015873,0.167155206806143,-7558.640859137563,1086.895856187471,26355.617901826954,0
163.91010637184752,0.5714285714285714,0.17060717558865254,-6665.749115861872,1078.9456562865425,27422.096530093877,0
160.52654986676768,0.5714285714285714,0.1747662288780599,-5270.301212504944,1066.1966228011936,27223.83450158814,0
158.8550168407583,0.5625,0.1760758917484426,-4737.914440951566,1056.7123893034939,27962.360882019653,0
157.9478205857764,0.5538461538461539,0.1795472844235382,-4895.871757765652,1049.0344317308475,27682.941809319545,0
156.24626365153225,0.5384615384615384,0.18601106565867914,-3107.5027926819316,1042.338292820407,29996.268562359102,0
155.07982309872767,0.5454545454545454,0.18833633916312967,-3732.603010434845,1032.1868978118903,29036.260324586743,0
153.54891837261655,0.5373134328358209,0.19136102305680183,-3415.466398275487,1021.8604865065168,29445.79238062091,0
152.51838299102405,0.5294117647058824,0.19599718463402507,-2634.211567167771,1014.3851270627148,30587.686225719608,0
146.01786379817602,0.5074626865671642,0.20175010588333925,-1160.0529230643165,986.8628404907358,30944.215381897033,0
144.53949887845803,0.5,0.20275202685206373,-249.21105246980423,979.8950220798557,32280.90415405802,0
142.87296535324703,0.4852941176470588,0.21195139521050796,1000.4618635623925,970.8804512687966,33502.65189304482,0
142.37319483988043,0.4782608695652174,0.21269279923593373,1346.810433926956,962.3299090078727,34028.23045882828,0
141.4954681478476,0.4714285714285714,0.2160253296733028,1071.6384402135798,950.8063864427263,33637.98932817486,0
138.4108469434839,0.45714285714285713,0.21858028734866936,1352.8670081492046,921.3912005694355,33923.97351229432,0
136.38567055824842,0.44285714285714284,0.22205594922337613,3064.3670448308944,901.4725397221646,36167.655918211,0
135.7840147486154,0.43661971830985913,0.222320199141712,2769.7110195383107,894.3101517520126,35798.297985739584,0
133.11223403033677,0.4225352112676056,0.22744912811613865,4068.709204336654,872.411914616532,35591.58469803666,0
132.44529308401246,0.4084507042253521,0.23256899214446441,4781.015631247883,859.7802291480649,36694.4462600534,0
131.548592353522,0.4027777777777778,0.23538476807527195,6000.480993496307,854.137231619587,38529.42696329898,0
130.57180478584735,0.3972602739726027,0.23708922406378202,5258.033335782337,844.7504039087178,37508.73691200967,0
130.06846036390465,0.3918918918918919,0.237173299302566,5572.349679944054,841.0700754354373,38024.40461917231,0
126.85784933928123,0.3918918918918919,0.24248229528660542,6832.5779164803225,830.2358375163036,39816.59859778857,0
124.93198674573563,0.3783783783783784,0.24442268054176736,7909.769996169294,808.1345378899929,39310.839284181195,0
121.78176482762801,0.36486486486486486,0.24487377920091724,8553.042041869589,784.064688497267,40655.2371102814,0
121.22480330940787,0.36,0.24332167801696203,9054.466561679077,775.7710325203761,41559.978769931666,0
119.43364730970825,0.3466666666666667,0.2512517582529268,10536.819530902776,767.3819636203611,41495.7948459408,0
119.02621393245128,0.34210526315789475,0.25527274669167216,10559.581950273641,763.04567394217,41622.801322678344,0
118.66103262482062,0.33766233766233766,0.2581207350392794,10933.548029501271,759.6493933171405,42272.681443058194,0
117.5381824827424,0.3246753246753247,0.262686549871211,13479.536924084625,735.1269159556592,44488.437347506064,0
117.23718409412987,0.32051282051282054,0.2658263400555814,12675.893384203906,733.0283425736571,43494.05490359642,0
114.8148599403866,0.3076923076923077,0.26787357226315506,13641.647256213197,717.3107471217118,45176.69504935657,0
114.07843958978229,0.2948717948717949,0.2732778356919654,14583.864819763292,697.3682901510655,44673.08556993636,0
113.41106934107844,0.3037974683544304,0.2758028922447351,15810.938982872703,690.9432900409821,46715.13406356291,0
111.0993235340341,0.2911392405063291,0.2865878796094031,15289.484669983558,673.2559188595925,46049.27488997085,0
110.23107107713129,0.2875,0.2904249610499539,16577.459230256278,671.3451603538684,48100.87598676317,0
109.74039037767905,0.2839506172839506,0.2895848643534289,15934.646011124414,670.4206282686973,47497.66765719774,0
107.11967354827257,0.2716049382716049,0.29247553887041433,16594.081434968575,656.9334796445771,47578.13756145621,0
107.12703870189948,0.2682926829268293,0.29234846210803483,17556.174486110318,654.9498947097395,49281.473949816645,0
105.78894664786799,0.25609756097560976,0.2974156574510909,18439.05903881127,640.2151712116009,48655.903612145245,0
102.0440772064144,0.25609756097560976,0.30566760740937643,20564.985812800984,619.389128369127,50000.0,0
101.85202532227947,0.25301204819277107,0.307893900575079,20434.063649947442,617.1182215996436,50000.0,0
101.44285778213374,0.25,0.3071836924430927,20124.520276566207,612.2788907902435,50000.0,0
99.02537184593365,0.23809523809523808,0.31866256545757315,22287.91314184862,585.7317725202008,53032.0,0
98.12230124226207,0.23529411764705882,0.3200315073980227,18601.020029495616,579.8385738044805,47993.0,0
97.46748822893305,0.23255813953488372,0.3210762899927268,29120.602852535387,574.6225220141204,64047.0,0
94.41051857360117,0.22093023255813954,0.33030904727387533,29622.246139786716,549.4639645288008,62159.0,0
93.63211339851291,0.21839080459770116,0.32972920956972646,23574.7336069055,544.5243226677651,53577.0,0
92.81452602245635,0.2159090909090909,0.3337951962102221,27004.190495206018,538.991857071366,58945.0,0
92.15461353731041,0.21348314606741572,0.33956927429662864,22122.457813261262,533.8791724287387,51771.0,0
88.31672233421911,0.19318181818181818,0.34428473904704143,19608.985112376857,505.62334371265473,47245.0,0
87.64060097750155,0.19101123595505617,0.347554321330297,18147.992437549034,500.66850570421155,45336.0,0
85.05275131672155,0.1797752808988764,0.35356901296433557,24134.36435093434,477.52097380197887,51739.0,0
84.47590638029949,0.17777777777777778,0.35994682438581854,20100.850851277544,473.26261262863676,45860.0,0
81.671819485751,0.16666666666666666,0.3623390690459048,21193.90291798306,458.08084296613345,47535.0,0
80.29558108071811,0.15555555555555556,0.36488823625244615,22945.880006443138,449.1877848560942,48328.0,0
77.64424768145793,0.14444444444444443,0.36696506171389776,24222.92713465369,439.43336832237156,49534.0,0
76.93810093727686,0.14285714285714285,0.36993567990382786,24623.664742125973,436.28765761636186,50310.0,0
76.24716734489492,0.14130434782608695,0.37220625080640773,24641.589949091653,432.6610853273884,50499.0,0
72.97763213838869,0.13043478260869565,0.3857599446569298,21863.585235961033,416.1880090334018,45504.0,0
72.3886060800146,0.12903225806451613,0.3844842332758163,22726.428840252578,413.10259418586315,47068.0,0
72.01826597017559,0.1276595744680851,0.39095249576290203,21779.65253518331,409.25790962272,45784.0,0
71.51332405376044,0.12631578947368421,0.39115332836360356,31085.82156712608,406.4374279023407,60137.0,0
68.59851526070543,0.11578947368421053,0.4004028707784138,29947.31312508395,385.6340989362316,56255.0,0
68.08809744486587,0.11458333333333333,0.4016302762085417,23668.63204842623,382.8894621476267,47313.0,0
67.756171941113,0.1134020618556701,0.39996522092808257,35394.85282731837,379.6810142868632,65324.0,0
66.51066438327554,0.10309278350515463,0.4067237553982097,29608.08478814787,366.2493560651954,56668.0,0
65.93240495395827,0.10204081632653061,0.4106205484993114,24542.119443560536,363.1743152439523,49501.0,0
63.05568684422832,0.09183673469387756,0.41650665247093177,33383.40226172168,350.99345624129154,60628.0,0
62.569438103276426,0.09090909090909091,0.41786518515610843,34543.83819852292,348.1479863577895,62762.0,0
62.0728320407259,0.09,0.41979696270723194,25843.653417175818,345.8875483197009,49969.0,0
60.41575364817415,0.08,0.4273837381041417,23364.017394852937,332.5793468010647,45266.0,0
59.924323444414064,0.07920792079207921,0.42600072880016454,30088.46464594933,330.5469808691285,55623.0,0
56.922796045937844,0.06930693069306931,0.43409283943734317,27258.224307242854,311.287954549508,49944.0,0
56.729228538835855,0.06862745098039216,0.4370087742170044,29353.190506208637,308.9788597375901,53200.0,0
56.52598059825877,0.06796116504854369,0.4376395244319194,25772.269476929523,307.35983314534593,48100.0,0
56.03328823598141,0.05825242718446602,0.4404250529010144,32207.794456910164,306.04690590116735,58709.0,0
55.88308880546036,0.057692307692307696,0.4422852881007711,24429.933049393127,304.1226836682204,47439.0,0
55.53928153101326,0.057692307692307696,0.43988885965219354,27803.46076172545,300.530783321051,53043.0,0
55.06276227998805,0.057692307692307696,0.446477953454242,24853.316362276535,295.28003862629964,48026.0,0
54.79421686599893,0.057692307692307696,0.44830308070231956,34840.25762071717,290.98703055305737,63859.0,0
54.69969414787085,0.0673076923076923,0.44935444294438803,26559.307439675897,289.0740789203622,53416.0,0
54.60634359379547,0.06666666666666667,0.4505733903792389,22559.024400289556,287.6916124335839,47736.0,0
54.19916569723946,0.06666666666666667,0.4529307477385665,34964.41955303447,283.8647234987738,65110.0,0
53.931364028828035,0.06666666666666667,0.4504588249931651,23913.851777741456,280.18529028837776,50593.0,0
53.30878947712446,0.06666666666666667,0.44620811473890754,20930.38253541568,279.53481104028083,45559.0,0
52.622101078767315,0.0673076923076923,0.44812732551533585,20965.595292361286,272.88707057616244,47871.0,0
52.38740309381441,0.06666666666666667,0.45346007025092006,26294.091088989822,271.26564289541125,55961.0,0
52.25409371725639,0.06666666666666667,0.45243626574084517,32082.001267105894,267.98897292747364,64319.0,0
52.07337542678413,0.0660377358490566,0.4546614671709168,29447.25437974414,266.73974529432127,60719.0,0
51.90208109492593,0.05714285714285714,0.45685927874531174,28637.640806716634,265.41544172476415,60504.0,0
51.65425523027435,0.05660377358490566,0.4603143485895906,28820.577970055347,264.03764316164535,60981.0,0
51.43137526999891,0.05660377358490566,0.46102598037459913,21679.306439242093,259.6842399708492,51694.0,0
51.404542179833115,0.05660377358490566,0.46288992513682026,17543.88292052621,256.28853908507807,46167.0,0
50.786618140683714,0.05660377358490566,0.4631291165723261,28634.37780668387,255.20203647572515,61724.0,0
50.598584603576874,0.05660377358490566,0.46270078421679367,22434.670599919882,253.6868977495367,53832.0,0
50.396898734484374,0.05660377358490566,0.46972849047231147,24558.903961890508,251.17805801318994,57277.0,0
49.855125766540105,0.05660377358490566,0.46821166701479855,19225.64726634322,250.3222862493345,50498.0,0
49.55003216409607,0.056074766355140186,0.4694677762039297,22310.575985605843,249.1225348221953,55434.0,0
49.40262100868832,0.056074766355140186,0.4765853888613306,29648.400173431615,244.03914522997076,65185.0,0
48.84236905873434,0.056074766355140186,0.47563800105917925,27319.590234037343,242.32089245333646,63181.0,0
48.55855066016432,0.05555555555555555,0.476654749123099,19548.961901594637,241.10796713639064,51760.0,0
47.41498989616245,0.056074766355140186,0.4772066525877212,23590.734428527237,235.27905648424206,58901.0,0
46.96254750229149,0.056074766355140186,0.4780767040339469,21328.96329927979,233.77164172393444,55713.0,0
46.7881660213608,0.05555555555555555,0.4797265925954392,14781.425742317004,232.06905457075808,46088.0,0
46.43528731230221,0.05555555555555555,0.47727837072661994,23116.214585233614,228.6547302746114,60264.0,0
45.86089596820541,0.056074766355140186,0.4729490044385252,24027.23969622943,221.78969632916136,62099.0,0
45.655040595043886,0.05555555555555555,0.47370079116665587,19370.924782489183,220.16056708812377,55326.0,0
44.899410577730045,0.05555555555555555,0.476796684868808,20494.866645490958,217.89348965152405,57949.0,0
44.52041888698369,0.05555555555555555,0.47499331917421583,20705.27476873706,215.40826458793774,58093.0,0
44.27715941978347,0.05504587155963303,0.47592890229210943,12062.013042682716,214.70860621203343,45308.0,0
43.984381923922854,0.046296296296296294,0.47898381092313447,22569.942702996657,209.76285899803008,61431.0,0
43.233791303673755,0.04672897196261682,0.47867399612606704,21950.76843428139,202.5568745601181,61755.0,0
45.31056125989786,0.04672897196261682,0.4768216997509129,23684.485590518445,218.21450594402015,64709.43279584115,1
47.58611928330244,0.05660377358490566,0.46603200158977304,23075.726340151996,227.54227552875224,65431.44166288985,1
50.01699412785584,0.0673076923076923,0.4528866806102419,19874.222125987206,234.07965715459144,63647.79212948997,1
51.77027422001476,0.0784313725490196,0.4466155992950897,18740.836368960852,246.80134378090378,63893.38981247236,1
54.08651546142353,0.08823529411764706,0.4412109473922188,17913.583183319384,250.25370504513737,62463.70207346643,1
55.477756618390195,0.09900990099009901,0.42922622899771234,16508.198488254722,257.8569635696706,61449.07716830785,1
55.668805293408184,0.11224489795918367,0.42433123889820024,13989.713368227522,271.74291876506913,60566.66588345655,1
56.764659803114824,0.11224489795918367,0.41844439514493464,14190.017443468267,287.5236719011942,60387.426146838705,1
57.8495675300651,0.12371134020618557,0.4159282499947287,12071.139329683672,300.05665845256067,59486.623354347714,1
59.1997323976475,0.13402061855670103,0.41166435989133865,11571.010905229787,312.0286389009766,58830.03459208349,1
61.24509806166582,0.14736842105263157,0.3974024529100221,9327.292634236948,313.90852676015004,58473.75086912475,1
62.28338731317354,0.16129032258064516,0.3893177799008637,8126.910683773397,323.4266489139234,56743.533058094436,1
63.576324937066445,0.16304347826086957,0.38437506333548876,6159.550852336948,339.00971349114064,55204.20479931649,1
65.55689336876036,0.17777777777777778,0.37173740223809326,5169.002778821286,348.10689403475476,55241.341323818546,1
67.3866825807488,0.19101123595505617,0.36486610948581577,3700.971730390407,370.53415167062616,54179.00882442268,1
69.1670107966712,0.19540229885057472,0.3540168381146534,2759.026324799334,378.4803986245088,54108.47799595556,1
72.81678481351,0.20930232558139536,0.3455000003653508,2663.8928011364505,406.63136892775424,51963.28741532692,1
75.80910083994232,0.2235294117647059,0.33485946764851543,-6520.140694161061,424.77805883683067,52390.65088800731,1
79.40615227907315,0.24390243902439024,0.31835387880081817,2108.3697648307216,455.1354556722518,50380.621234131,1
82.6884080567166,0.25609756097560976,0.31339103671178703,2916.58239313208,479.0300279267371,49696.368853644344,1
86.28325980448795,0.2716049382716049,0.30282402480319576,1900.6349357778877,497.8064068237208,48708.21567382755,1
90.25187068832693,0.2875,0.29550677311074,597.1709321086846,520.8746984307865,49220.80565392235,1
92.67297247435724,0.3,0.29197078119315467,-1593.8414509099478,531.1613210872098,47144.003008451895,1
98.93508414955804,0.3246753246753247,0.2754659435486094,597.3250133455919,566.127802413245,47962.428611866904,1
104.2189766377904,0.35135135135135137,0.2588003623533254,-920.0412417262428,609.188801728459,45941.41524451486,1
107.76888109616483,0.3698630136986301,0.250933397242694,-7901.799689309674,636.2258401346685,44856.61787856307,1
114.13681890156968,0.4,0.23464295150450543,-3292.270739166355,671.7946792540739,45041.76854677064,1
121.17160010208201,0.43283582089552236,0.21932733365043122,-5637.315313031148,726.0538047209686,44756.33865924742,1
128.98893626136913,0.46875,0.2039909385645183,-6915.571797582815,770.5925412991242,42688.1662769049,1
137.44640612078936,0.4918032786885246,0.184321202916115,-3610.886046135635,840.575550504681,42344.93843417251,1
142.05292877176774,0.5166666666666667,0.17513290859028494,-5482.850881132779,889.1877275576452,42385.35894969567,1
150.68912478705434,0.5517241379310345,0.16472923493525568,-9977.780220233295,954.0580728258353,41003.89091470669,1
157.66459478197558,0.5789473684210527,0.15673090423751632,-13941.467975588948,988.2909804964187,39897.20458190974,1
167.17280693998936,0.6181818181818182,0.1438858441038734,-8828.886912659047,1039.6136428804891,38525.08539656386,1
170.9697814819247,0.6363636363636364,0.13684801694446658,-4775.112032782626,1066.5343408614842,39013.544732804156,1
180.17839903153745,0.6792452830188679,0.1258147719664696,-13664.361678214264,1120.909393916529,36929.26619161169,1
182.6791043358377,0.6981132075471698,0.11912416727338238,-9161.309507419348,1137.433075296571,36859.877526671014,1
191.05160172382026,0.7450980392156863,0.1058356219849266,-18668.0034361827,1214.1708258240815,35520.73238929555,1
194.4266482403422,0.7647058823529411,0.10231299015133749,-11321.384040730696,1260.5753457805424,34784.727550710624,1
211.10213491892628,0.8333333333333334,0.08427163494030669,-16756.16661667757,1366.4772783732933,35185.31504835123,1
224.04157305386917,0.8913043478260869,0.07592409061874578,-16332.401244412082,1456.1865912327798,33493.02011874378,1
228.66117016974357,0.9130434782608695,0.07225223597866383,-16610.12481355056,1503.905108230596,33279.505890214685,1
244.13983201174324,0.9772727272727273,0.059239524220652796,-20284.81588248035,1592.3149998610245,31611.05581308917,1
249.26203162852934,1.0,0.05446582776258535,-22037.33789896289,1634.5885634589247,31777.536229595942,1
244.1443568875992,1.0,0.05384908178760046,-23018.306459294698,1618.5149331529192,30066.566685854214,1
242.59252092587852,1.0,0.05370894953370883,-22816.53573006851,1609.468691086982,29828.870103109664,1
241.68632422724903,1.0,0.05446292895951155,-24263.278649426025,1600.010990668662,28328.169613225284,1
237.87726146543216,1.0,0.05483697826369944,-23031.02316039278,1602.8618676667172,28625.8880155234,1
235.88969068582227,1.0,0.05457472694156441,-23589.752903870678,1611.446532446143,26724.09556071264,1
234.76404670852386,1.0,0.055405351659967066,-23707.915136768108,1621.7299734062844,25745.92665216642,1
238.39808443635073,1.0,0.05422614410099493,-23621.649380306004,1605.8239811978608,25085.294720811766,1
237.29416248446032,1.0,0.05475125569438822,-23090.714606893234,1599.6574562245974,25187.47142198587,1
236.8813615520476,1.0,0.054833152326916226,-24044.316849011026,1610.5413077379887,23279.992822441352,1
235.51622170637793,1.0,0.05594718584195412,-24581.584431487976,1629.992382409348,22543.728327008823,1
234.09482308576756,1.0,0.05650005701031531,-24453.347944170266,1626.7826715076435,22256.864298646073,1
234.20688004548884,1.0,0.0560406923777371,-23149.22516511158,1631.259707810066,22533.9944187131,1
233.6580807585069,1.0,0.056258083917209926,-23312.640143975892,1647.7128283840668,20876.354025568693,1
235.7952060333987,1.0,0.05648411337894261,-24301.016883660956,1657.9802021411492,19911.061938921597,1
237.54369499311377,1.0,0.05667159299170614,-24343.765679951022,1674.5386892909125,18856.016343517636,1
239.43358885104982,1.0,0.057336384409898834,-24113.155840720534,1678.3377891722273,18583.155835718553,1
238.99975430019595,1.0,0.05730691147519914,-24744.59505378153,1682.0731947868258,17065.729128952236,1
240.0947283610176,1.0,0.05755462497232024,-24021.096095173532,1680.974950634758,16641.132059359687,1
238.956696824966,1.0,0.057950324145118394,-23430.802334377036,1691.9680499489068,16867.821209979582,1
237.81604146775834,1.0,0.059625362085799015,-25489.091324409885,1667.1391395759138,14361.371318071479,1
238.32558859442426,1.0,0.0605666844889014,-23826.933792537828,1660.1132780011533,14892.793863439812,1
239.63589338792156,1.0,0.05987735987632814,-24372.953744528717,1676.4290246222815,13381.183184753125,1
237.09434281947668,1.0,0.06105054576274624,-23917.101564632172,1683.821721836565,13130.229129126605,1
235.39826381029633,1.0,0.059571622380491775,-24145.64612766725,1698.3589063144293,11339.542577438082,1
236.40233670828246,1.0,0.05824893474287126,-24883.673453274867,1716.4140589396768,11250.969916180878,1
234.23429048755355,1.0,0.058439085494198,-24119.58027224776,1713.1998808726335,10307.933563978835,1
230.35394109475203,0.9787234042553191,0.06031249188959578,-24589.74532170967,1685.062877057234,9260.950919591029,0
227.590860591905,0.9574468085106383,0.06522323853650837,-23831.253100763297,1651.4957171698609,9631.083230320153,0
224.36356753204464,0.9375,0.06625077158581164,-22647.932079690516,1629.3817408703865,11016.04457250264,0
222.14417625082896,0.9166666666666666,0.06957427127719781,-23140.241867341236,1604.2618047319556,11098.178759041662,0
218.4910812893714,0.8979591836734694,0.07134910988382526,-21374.912370244154,1578.038085072735,13214.171903837012,0
215.16728764843765,0.8775510204081632,0.07276651355770905,-22288.82100746603,1569.325062088847,12057.5586317833,0
211.95464843859736,0.86,0.07385790297983125,-21282.63093804353,1542.6740632450653,13199.749787187508,0
208.83849751927735,0.8627450980392157,0.07834945867856263,-20789.624964210194,1521.6799652076272,13719.482836284513,0
205.81116908638157,0.8431372549019608,0.08306268394337722,-19201.77603522606,1485.1660287361626,14790.315859372826,0
203.05417371468118,0.8269230769230769,0.08819399533995613,-18458.38901706564,1462.8052953664287,15547.045404601948,0
200.99383207351815,0.8113207547169812,0.08875332237594402,-18288.607240581485,1441.9619422698158,15619.980176257744,0
198.5161006301669,0.7962962962962963,0.09321161419527019,-18013.959471640643,1426.234329285597,15811.286252150107,0
195.26347216113797,0.7777777777777778,0.09624709539510125,-16904.261650528268,1408.4504062339568,17778.660606498615,0
192.8517772275373,0.7818181818181819,0.09632879297785628,-16067.280669800839,1389.7815469509935,18737.265519557113,0
191.26322911729156,0.7678571428571429,0.09991310797483742,-16058.099880912201,1371.8261525250516,18411.704668002214,0
187.48225200047924,0.75,0.10311591221057174,-15592.331114742256,1339.8561151683164,19283.84214866756,0
185.9532977041604,0.7368421052631579,0.10375023181124585,-15862.060435255959,1321.3594957326734,18702.55297647031,0
183.83990932330457,0.7192982456140351,0.10972627977792201,-14376.32927754059,1285.2617800296546,19936.934649782608,0
181.72582431176167,0.7068965517241379,0.11337229428053677,-13685.747184835594,1268.9714716684646,20755.623872362114,0
179.24231542235677,0.6949152542372882,0.11590704856960668,-13114.468155808632,1251.2540235957697,21392.44739542053,0
175.77050166573358,0.6779661016949152,0.11574151473809374,-11404.794139756925,1217.3178645362864,22810.92997846384,0
172.425447103484,0.6610169491525424,0.11735566117046826,-10112.037788068305,1201.2317412730213,23554.99379956873,0
171.32240455932396,0.65,0.12218421757890323,-9736.384802725968,1190.9519398455416,23928.502810335696,0
167.55467043327883,0.6333333333333333,0.12218849110615654,-9710.479677136429,1178.353339376037,24486.18893267102,0
165.55333933471715,0.6166666666666667,0.12608917114482818,-8077.611890478778,1157.3028128764288,24927.504991423746,0
162.89658863893686,0.6,0.1265788007379796,-8036.984254694837,1147.616564005259,24909.305869629196,0
162.0696785026008,0.5833333333333334,0.13316672097334742,-6488.9671741455195,1135.0892602490824,25976.643165598187,0
160.04298511200724,0.5737704918032787,0.13758798037228714,-5717.336704368659,1120.1737161618353,27026.7537880806,0
158.72557119844552,0.5645161290322581,0.13903814173192044,-5241.2247216874,1106.4591298757214,27682.01115819649,0
157.91520183501635,0.5483870967741935,0.14379348834786576,-5166.0047620333,1082.6960566587923,27096.44464042587,0
155.92029738576196,0.532258064516129,0.1471969578909998,-4411.864676222834,1048.5298909565643,28749.374443535908,0
154.1040707099049,0.5238095238095238,0.150495685427365,-5045.762349112485,1039.0971576630152,27706.777950443276,0
153.25363869422466,0.515625,0.15138415367908928,-4349.212188626781,1030.0036235248426,28677.477067791035,0
149.17103099775883,0.5,0.15375158117504725,-1942.5030017669442,1005.6945507672642,30622.668226394857,0
147.99470132323543,0.49230769230769234,0.15353394327784445,-2018.2985748382437,997.8855307924769,30465.84719599361,0
145.2463505652041,0.47692307692307695,0.1580705617780244,-862.4165199083096,982.1972215693485,31990.43046908776,0
142.79219028133048,0.46153846153846156,0.16329644411675898,219.26841388461213,955.2264553878958,31933.340403617665,0
142.1908907323976,0.45454545454545453,0.16778441057708596,399.52625217912396,948.3677428611329,32205.22893269464,0
137.99909138660087,0.4393939393939394,0.1739624595515855,737.2405777262094,935.405733100475,32868.345288465534,0
135.1109552543387,0.42424242424242425,0.17794230475562786,2547.1578500924993,909.2798768931027,33775.17131873364,0
134.72585776040776,0.417910447761194,0.17970283939531337,3080.712882131664,903.1650540222616,34586.79424481066,0
133.29515210988376,0.4117647058823529,0.18225901965141925,3137.445064022197,895.8204686647526,34734.647334529305,0
132.2942385498465,0.39705882352941174,0.18610931719579019,4156.576660553335,880.9017224240035,35995.03606594308,0
131.1745311210903,0.39705882352941174,0.1885210334596185,5028.163336886608,867.7856697243152,35782.356891983654,0
130.62040500308342,0.391304347826087,0.19093230575003228,6047.374498152155,862.1662209616196,37361.77949966889,0
127.4491923087397,0.37681159420289856,0.19443532106733324,5037.907652860149,852.610048693299,36078.14946437425,0
126.92626425006453,0.37142857142857144,0.1978975926692561,6407.075856732619,844.7773458437047,38187.083866816974,0
126.09802265361863,0.35714285714285715,0.2083096236092308,8446.673248295403,824.4426102998431,39012.93050250821,0
125.13810196227844,0.352112676056338,0.20903151761437938,8174.131911909975,817.3553765591217,38803.09344018056,0
124.87363421093525,0.3472222222222222,0.2074538623093377,8252.176293758128,810.9846208842225,39084.34861583958,0
123.67490100072902,0.3333333333333333,0.21135174264538667,9203.558818882735,799.5884963543098,39340.69241478199,0
123.14946464043305,0.3287671232876712,0.21052138388958194,10550.769899513758,792.1645169801575,41542.909414121896,0
121.08637878907857,0.3150684931506849,0.21475869293857683,10428.54701999142,769.5319587686843,40376.83484823577,0
120.3645730951277,0.3108108108108108,0.21685450753873886,10687.980798544026,763.2144771785021,40871.53562815798,0
119.33033208532788,0.30666666666666664,0.21919776531538268,11876.9498767958,760.5493374559,42871.42521875751,0
115.43744443880301,0.29333333333333333,0.226036353017843,11636.530509151029,744.6348057737628,42373.81907495974,0
114.34794235058905,0.28,0.22773452443937175,13852.444969159098,729.3173972509948,43640.06071944275,0
113.9364166503088,0.27631578947368424,0.22814485904131956,14313.446524474384,727.6153206248267,44545.30358486782,0
111.94804075801252,0.2631578947368421,0.23139620911925055,15718.796020301215,701.1109810853125,45792.16774813823,0
111.11525637940643,0.2597402597402597,0.23217394315098958,15255.50031856299,695.3056827176669,45406.6808823374,0
110.19750484271422,0.2597402597402597,0.23789985281618542,15857.350934546803,672.7019223881151,45883.86521993788,0
108.54445637836608,0.24675324675324675,0.24646575823999017,17096.551310970346,660.152707659285,47575.9793165136,0
107.81947256729985,0.24358974358974358,0.24864138762986376,16387.026888034867,658.7378017678269,46717.37818883229,0
107.81884369388234,0.24050632911392406,0.24955455278922883,17468.106143733556,653.9738149333707,48716.28640186005,0
104.78878683653102,0.22784810126582278,0.2550873811049008,18454.618443298616,645.2500944361383,48285.169368257615,0
103.18455312268071,0.21518987341772153,0.2576610312425528,19940.35858094543,621.1528113481012,49410.84934823243,0
102.8297169145917,0.2125,0.2591181875981472,19633.530054092203,616.2968339396431,49228.812989848244,0
99.51401376117298,0.2,0.26649829897036026,21108.389286910606,593.997152086459,50000.0,0
99.43144410607242,0.19753086419753085,0.2698811084492858,20917.964517933335,590.9317537858575,50000.0,0
99.248153449642,0.1951219512195122,0.2700315877616701,20779.861620074113,588.4695212150966,50000.0,0
95.86569553936673,0.18292682926829268,0.2769094493334207,21956.169124751083,559.6426952319789,51231.0,0
92.56778884649401,0.17073170731707318,0.2787822773682217,24757.894546109274,540.1066088634285,53768.0,0
91.69817926782477,0.1686746987951807,0.2832987089247458,27588.77810745967,535.5097604769516,58281.0,0
89.57567692019866,0.1566265060240964,0.2959702170433758,31343.109732040855,514.5690279944507,62294.0,0
88.68197514403683,0.15476190476190477,0.29858064327227185,26969.5730873083,509.3348878421688,56102.0,0
87.93294504603054,0.15294117647058825,0.29774901572205764,27768.92336785667,504.31397102585254,57732.0,0
87.22543128075188,0.1511627906976744,0.2993640495905552,32414.84974156691,499.9564506495401,65028.0,0
83.8102201457577,0.13953488372093023,0.30667310637641154,21241.165295635878,482.21467693964894,48351.0,0
81.80615759810506,0.12790697674418605,0.31539794263256743,32425.334686122802,458.47939997003186,61810.0,0
81.36845703837415,0.12643678160919541,0.31781167911387215,28903.437733522478,454.16555593795783,56963.0,0
80.8327059611596,0.125,0.32215310073510167,26456.565614118168,450.41456753000983,53599.0,0
80.03736599356057,0.12359550561797752,0.32501108470707923,28227.383967427366,446.7133833003012,56668.0,0
77.04747147269815,0.11235955056179775,0.3318473941143413,31634.48940178147,433.672872084884,61696.0,0
76.61659479467707,0.1111111111111111,0.3352942604644445,21951.660846289542,430.3513306531258,47612.0,0
73.80985072074199,0.1,0.3405954693194198,29454.38709366617,419.9985819577782,57123.0,0
71.62692295120804,0.08888888888888889,0.34730129143380867,30744.576428487995,395.09254005302955,58694.0,0
70.1740389519052,0.07777777777777778,0.3550191912687925,31775.98547563816,368.412045739689,57595.0,0
69.59457936711433,0.07692307692307693,0.3588820321628249,35769.716585018214,365.9903267616394,63730.0,0
69.03404287269983,0.07608695652173914,0.3591078356574373,29261.953975703116,362.7480642921685,54468.0,0
68.666158943694,0.07526881720430108,0.3607178291699387,33850.52970264227,359.7388093985058,61461.0,0
68.20266548856763,0.07446808510638298,0.36342196290342893,32078.37666037035,356.3796392140158,59230.0,0
65.92650074472651,0.06382978723404255,0.3671428796807136,35854.111959663474,339.39960635783,64453.0,0
63.346957571639265,0.05319148936170213,0.37705465154882134,26471.75022458157,320.6737762723532,49071.0,0
62.77298460068383,0.05263157894736842,0.38245407263103437,28603.5101762633,317.7241775879584,52473.0,0
62.41795142312272,0.052083333333333336,0.384583505173606,29207.87926391604,315.2834156351508,53710.0,0
62.008780601628516,0.05154639175257732,0.38951140889099956,26571.601482143345,312.4731733948651,49931.0,0
61.59634825760389,0.05102040816326531,0.39470296338965555,26306.45337987492,310.2871454933825,49708.0,0
60.31532086566794,0.041237113402061855,0.40243110388247805,35915.54562535737,296.86470225815924,62742.0,0
59.79211000858509,0.04081632653061224,0.407013309465603,33064.625840327535,295.01603650848165,58751.0,0
59.4014234671335,0.04040404040404041,0.4067651818405091,29355.222253559,292.53736916064497,53517.0,0
58.793216324028464,0.04040404040404041,0.40986168304538373,26497.981371306458,289.58756973955497,50493.0,0
58.26793333283917,0.04040404040404041,0.41816297887045606,27935.48620809604,284.2682061207082,52402.0,0
57.85423354429696,0.04,0.42155959966191214,23861.09833979164,282.2197692116936,46651.0,0
57.697580682507365,0.039603960396039604,0.42178604717750395,31368.993191209865,280.10084420314945,58097.0,0
57.00534822439779,0.039603960396039604,0.4245764090546568,29863.28874429247,277.67114107365796,57829.0,0
56.859449444603364,0.039603960396039604,0.4302779168870372,27008.119498385233,275.43919481886894,52177.0,0
56.499989762921565,0.0392156862745098,0.4291786072422589,29315.200608513285,273.73193062716416,55979.0,0
56.404954899507885,0.0392156862745098,0.43543935841895476,27127.374053955085,269.56727472370005,53696.0,0
56.11807511753406,0.0392156862745098,0.4383656193249954,24254.40992309086,268.6613483645536,50092.0,0
56.014287710634726,0.0297029702970297,0.43948828648674737,28987.106218322075,265.9635276627591,58719.0,0
55.78129244128691,0.0297029702970297,0.43365668299673454,28216.3671108179,264.0810180206391,57901.0,0
54.95192202814534,0.0297029702970297,0.4391903565231048,27624.140894843462,261.51823960514633,57184.0,0
54.23774738051336,0.03,0.44175790940391085,28681.351357393123,256.8438232904603,61425.0,0
53.85543985186105,0.02,0.44800173474827143,26578.225564695906,254.4861530037337,57931.0,0
53.51141435618369,0.0297029702970297,0.449254079394926,20543.24805480126,253.17543211612778,49108.0,0
52.56239541811991,0.0297029702970297,0.4484336751374121,23139.58408371791,249.9035435583323,53958.0,0
51.71526124491612,0.03,0.4497219461901672,30208.900506372767,245.01432138950324,65008.0,0
51.49198015126057,0.0297029702970297,0.45477622346991325,17971.022320761294,243.80345858752116,46862.0,0
50.78889023743491,0.03,0.45427779244828176,18049.985375571086,240.63997667520772,48181.0,0
50.69293969407684,0.03,0.4558111354407935,21623.511978855287,239.2851122472295,54849.0,0
50.178651167897776,0.03,0.4606227355109796,18211.19174356668,237.7169642339791,50529.0,0
49.987255475567125,0.0297029702970297,0.45959138890265006,16918.62134484078,236.46295691934196,48896.0,0
49.180571532631944,0.0297029702970297,0.46417497172836336,19163.243541265194,234.99286736511215,52468.0,0
49.054899520552375,0.029411764705882353,0.4661739058525755,23725.47840053477,233.08151084912456,59444.0,0
48.32425241201309,0.029411764705882353,0.46347266326133674,22934.91795536968,228.01901969912862,58746.0,0
47.70842983542728,0.029411764705882353,0.47164447528155207,13955.623044234,225.34970164560676,45649.0,0
47.63468208679031,0.02912621359223301,0.4719686706782736,25675.2148071191,223.7691602420264,63338.0,0
47.03293067475113,0.02912621359223301,0.47600502581546433,26133.069785558844,221.2680522519758,63852.0,0
46.98433281876525,0.028846153846153848,0.48006064152937333,25779.317150873994,220.28361722192864,63527.0,0
46.36452321078033,0.028846153846153848,0.48247585160459916,13766.315297166817,216.27544616035817,46506.0,0
46.20902633244774,0.02857142857142857,0.48698735238006663,16336.48207517693,215.16418862618946,50429.0,0
45.396939829086165,0.02857142857142857,0.4900435488643109,14651.871542135608,213.35537508033164,48839.0,0
45.43620509802633,0.02857142857142857,0.48590016107935374,22468.58839939079,212.5645811829347,61333.0,0
45.02908030146159,0.02857142857142857,0.48812619320427986,18101.009309081423,211.32217814230813,54200.0,0
44.29455170945238,0.02857142857142857,0.4880917814629152,18320.162658385078,208.62242404978522,56059.0,0
43.73346789768098,0.02857142857142857,0.4920732282321301,12454.609848035023,206.6387388888932,46230.0,0
43.55884208156095,0.02830188679245283,0.4964644068118245,20186.160834740273,206.1470915470979,57905.0,0
43.58669096283448,0.02830188679245283,0.4947677063789175,14524.876209862707,202.68714974377397,50423.0,0
42.84570994085379,0.02830188679245283,0.49750757753780794,17718.868837391743,199.65146606268803,57019.0,0
42.753439092211,0.028037383177570093,0.502065156904629,15421.279366499057,198.1873245933777,53699.0,0
44.60434047443674,0.0380952380952381,0.49387026124542566,22772.965623323085,213.30565859933483,66040.89563438049,1
46.85238738667763,0.04854368932038835,0.4816812028209756,20797.95916457443,217.5022431785059,64711.92878883852,1
47.69126016693039,0.058823529411764705,0.4782991113081862,19942.816623256265,226.02621678521373,64424.35705860276,1
48.82741504494488,0.06862745098039216,0.4752282965656558,17995.380381354615,244.94406732673252,62754.14863080839,1
49.81138721422054,0.06930693069306931,0.46814690076162874,17023.759105795365,265.12885176615,62734.34858880898,1
49.92275160404176,0.08080808080808081,0.4563689460744818,15224.070538179545,284.1021314954191,61769.994552003125,1
50.770158886942006,0.09090909090909091,0.4522821382525416,15136.26896657095,292.01752454070777,61378.74458980052,1
52.123768411254176,0.10309278350515463,0.44826879048695034,12314.156845209223,308.746920349109,59772.75651124711,1
54.20020957045244,0.11458333333333333,0.4398549827479044,11934.529814329531,329.15693403453065,58757.52615271004,1
57.155910920083414,0.1276595744680851,0.43098112322888815,9662.324881903793,338.9214077033583,58001.54986258159,1
60.070747792061276,0.13829787234042554,0.42826415234997256,9146.989928397647,354.9162242537726,58214.267401274,1
62.44105999819093,0.14893617021276595,0.42747257009022244,6866.2065508988,366.44200358599426,56033.25394607669,1
64.41073931207721,0.16129032258064516,0.4211754105866837,7331.69977039182,392.52678216413835,56817.85730595627,1
67.378147590528,0.16483516483516483,0.40908500452304736,4303.013520258723,402.3123592122034,55108.92025531821,1
68.05397186500032,0.17582417582417584,0.4019314723811484,3484.7742091900914,409.236485520142,53500.73698942784,1
71.07744163560898,0.18888888888888888,0.3990943049376445,3387.064716856973,420.8459256976121,54268.93226151654,1
73.55524239107953,0.2,0.3969962493894878,1196.0989189706982,428.25354630759415,51777.763252971585,1
76.32846848972206,0.21348314606741572,0.38431235622147186,635.863531274618,445.67184588980155,50948.797675587186,1
79.1307592760953,0.22727272727272727,0.37678974948732763,-1675.0095445166166,463.61622007770836,51262.24558076475,1
84.80468686143656,0.24705882352941178,0.3595483620445116,-5370.6944679003545,502.4338309320747,49718.05982121065,1
89.11501270176015,0.2619047619047619,0.3558988946461158,968.7855805679127,521.8785582673017,49789.26043669645,1
91.80529871925579,0.27380952380952384,0.34962144936760503,-9267.684473436062,546.2290147032567,48049.71129460023,1
95.40618245629639,0.2891566265060241,0.33759862121228085,-3483.5766700693616,566.1418346571854,48389.050419315165,1
97.03696226590249,0.30120481927710846,0.33243687592952526,-6166.397060574753,586.8105635672213,47446.7346714831,1
100.39989151966391,0.3170731707317073,0.32294843063120515,-1235.0260102377035,606.8289597029769,45767.41018509432,1
104.93740919885849,0.3375,0.3069556367870923,-8081.578998845848,642.8378234330332,45557.76244689019,1
108.32315717222323,0.35443037974683544,0.29803856141182083,-6406.966091604419,668.8441763467318,44877.3677989057,1
115.45471788748664,0.3815789473684211,0.2875598138177696,-3829.70912123577,703.0638216420961,43390.30551866477,1
119.32540662052871,0.4,0.27382687600115835,-6410.718947213965,738.785061338067,44123.42751726799,1
128.15375757761583,0.43661971830985913,0.2455652178116191,-6887.71857627294,793.2086672161884,43246.11407563929,1
132.42979066207965,0.45714285714285713,0.23617200253744502,-7615.109464497032,836.4378049035759,40991.266173730095,1
137.905421375561,0.4852941176470588,0.22388351603673187,-11538.282542587667,888.1053586770471,40723.25455223317,1
140.1912184055264,0.5,0.21969525419383282,-8481.458829418518,903.5346411907803,39530.12662514097,1
144.9719950662,0.5223880597014925,0.21223076890900866,-9726.192510249399,939.082299449764,39189.66763240511,1
148.74049350628604,0.5454545454545454,0.2000975609231521,-14030.375868132109,977.2036569640967,37836.83431908806,1
152.4607861061912,0.5692307692307692,0.19113053625031248,-12845.812438537792,1018.4067020237484,38050.2251294423,1
158.35290234271258,0.59375,0.18015669499940876,-14169.542430638316,1049.9341410730428,36804.02600904822,1
161.86288161046372,0.609375,0.17294322549001817,-8329.76836574103,1086.0683313090367,36619.84190216234,1
174.33562816803914,0.639344262295082,0.1561243886224396,-8524.525328066127,1169.3664812653637,35509.670047066415,1
180.11959350534897,0.6666666666666666,0.1478932968383111,-10791.124919693388,1217.1762705360882,34344.64352572259,1
192.08870448061867,0.7192982456140351,0.1317957036375725,-16980.244901217604,1313.2462345494987,33603.080606550706,1
200.60388534592227,0.75,0.12311769552110291,-20495.643208481917,1369.3599099490618,32756.43636664234,1
216.33392910229648,0.8269230769230769,0.09889125690983352,-10884.466968479406,1497.3698945685278,32560.825598414875,1
222.8107102054037,0.8627450980392157,0.08921982268869831,-15167.476585202625,1564.4899152017335,31606.16101521217,1
236.7094187096653,0.9183673469387755,0.07814228624054691,-18711.03048806465,1667.7111814624727,29975.76090134388,1
255.16352734688763,1.0,0.06004148491737003,-24863.7521061221,1803.9812999179485,29648.948664829764,1
252.80833281117168,1.0,0.05914529798067186,-23941.985492532498,1785.780902229755,29704.870306001365,1
252.77383979512413,1.0,0.05870407393361368,-24530.72032818197,1804.270880364846,28263.486575914587,1
251.4553459846337,1.0,0.05705535441961225,-23291.85210235881,1821.4154218097099,28100.105002864664,1
254.05915051654284,1.0,0.05704076616125034,-24627.06340810017,1805.7872651364605,25942.07064087403,1
255.7846442330964,1.0,0.055874138698319746,-24166.997161731495,1796.6580563778077,25496.418146036714,1
256.1581066162367,1.0,0.05648033437503156,-24481.201302550682,1822.182773030065,23834.843167476334,1
253.58541211246717,1.0,0.05756253142372344,-23768.25459412305,1826.7220643458584,23699.653641777863,1
253.17929315625588,1.0,0.05825242091362779,-24158.90590271271,1818.1540378080722,22599.886363882717,1
252.550072197002,1.0,0.05893955186174109,-24475.110926771144,1813.8549827702193,21877.439948475774,1
250.6363100926811,1.0,0.05858158628647895,-24199.17558514843,1824.598969000271,22325.441097453855,1
250.7428879870934,1.0,0.05776974581728226,-24063.366425709904,1818.5094320313456,19944.293580600977,1
250.39512029354185,1.0,0.05893157248555883,-24258.36070285286,1807.535858185556,20725.60697702854,1
252.54678018195108,1.0,0.059623970086025116,-23973.29249091764,1777.5262663669405,19481.881365247486,1
252.06028465697497,1.0,0.05892610488561699,-23513.50636269189,1763.8307528461755,18388.956635335613,1
250.66498407099962,1.0,0.05947003272841616,-22922.18498059308,1766.9527633984974,17550.608282800174,1
249.34833759331121,1.0,0.05966303067393274,-22804.570097371317,1781.2982189372813,17193.938566176366,1
247.77327290274488,1.0,0.06058647224486052,-23560.296563751042,1785.3227462256793,15630.016175024663,1
248.0850509439102,1.0,0.06142697727948183,-23802.446598507402,1782.0107711416342,15926.098396844629,1
245.87779928649402,1.0,0.06061476193638982,-24125.632397236644,1780.9220713920774,13813.8513781618,1
241.7891025079769,1.0,0.059796562256667164,-22990.12606514062,1774.9952654618323,13890.110080939054,1
240.69201077019713,1.0,0.06066233803595349,-23674.841296412378,1771.9021116133538,12917.964974619337,1
242.37644334911542,1.0,0.059698812510271766,-22840.631710939677,1794.9758268639036,12253.392969996792,1
240.42822135412868,1.0,0.05969342751220695,-22463.503359406233,1792.188667986378,11996.528537250724,1
242.29292367169725,1.0,0.05969178930590397,-22451.101064247687,1784.6260569346916,11297.635538847959,1
238.8339086937059,0.9772727272727273,0.06360873823253119,-23273.319306395573,1752.0595290954248,9026.628294538014,0
234.74780417283873,0.9555555555555556,0.06431148790371252,-21862.39985789812,1717.1034364099446,10856.162954074873,0
228.91766331644286,0.9333333333333333,0.0668932380803926,-22204.081063114263,1709.869144354306,11418.72130529922,0
225.83436136395105,0.9130434782608695,0.06831239815527801,-21579.29452428935,1678.8950347196612,12006.12389272774,0
222.2496164908613,0.8913043478260869,0.07104970884717389,-21243.659510622318,1640.2056244336795,12207.819306238569,0
219.27459746029447,0.8723404255319149,0.07471764867354833,-20795.68455076477,1613.8686442769667,12597.119850250432,0
215.86591224169763,0.8541666666666666,0.07914559318821413,-20512.508032866506,1585.6615890904475,12626.219127453307,0
211.3250696591152,0.8333333333333334,0.08390801053691205,-18087.242651435914,1568.030951721045,14275.57489581295,0
207.93027437701494,0.8163265306122449,0.084387562652794,-17209.402766293213,1544.7697990093577,15256.562082093784,0
204.57117061207262,0.7959183673469388,0.08716461104150489,-16652.187742115286,1503.622930755382,15769.983630293907,0
202.14350893513668,0.7959183673469388,0.09094072797194211,-15523.980239133327,1473.9052084068583,16300.675112579593,0
199.91006484164905,0.7755102040816326,0.0944171355447092,-15223.59742676599,1455.207558250732,16412.59168652105,0
196.13635370591138,0.7551020408163265,0.09846852223201216,-13644.756332364837,1426.2394307626587,17635.58510697396,0
194.1530263352344,0.74,0.10002343190881383,-13653.254399161722,1401.9104446933595,17505.895013959598,0
191.59392731101687,0.7254901960784313,0.10142627013517501,-12669.025014387043,1377.7216988205666,18849.71045245705,0
189.28106939604953,0.7058823529411765,0.10637344383738115,-12556.513175702847,1347.8041900839416,19405.2861523736,0
187.58587862224758,0.6862745098039216,0.11141687359601736,-11590.428617076304,1315.9490982978255,19774.293751351102,0
185.41900660352368,0.6730769230769231,0.11567215809622802,-11357.489385338515,1295.3023095523818,19836.546038035394,0
180.87586033828705,0.6470588235294118,0.11744440598941164,-10117.850716718858,1257.0240249672786,20769.727589664046,0
178.5568121515961,0.6346153846153846,0.1184159148027393,-9399.88894758033,1244.0147457812,21630.821191887648,0
176.44373973733227,0.6226415094339622,0.11941139261285737,-8796.06682000871,1229.164972444257,22320.06974125861,0
172.0244173393972,0.6037735849056604,0.12236834440068219,-7553.28675235136,1197.1498701464354,23310.041621467193,0
169.82925424838518,0.6111111111111112,0.12634805213693157,-7754.186248437019,1183.2170799027217,22907.426055265612,0
167.92295227309637,0.6,0.13005232679862574,-6596.881436949534,1170.2320571830169,24517.82474841438,0
164.47102616531936,0.5818181818181818,0.13090133202635176,-5635.543402596241,1140.6758230741739,25282.020675437652,0
162.64407988990985,0.5714285714285714,0.13305591673867578,-5799.35311988161,1129.2181660144656,24911.367903344384,0
159.88555231284576,0.5535714285714286,0.13846766861239992,-4861.464521609145,1099.4140484346467,25526.22466628844,0
155.7331946881427,0.5357142857142857,0.14174059418452908,-3797.546640772508,1069.3013596052756,27030.694928805136,0
154.29944689090144,0.5263157894736842,0.14293410378590815,-4191.791196491445,1056.2490434270414,26360.918299907495,0
153.3407316241943,0.5344827586206896,0.14538274141135418,-3417.6483181837593,1046.8890889736701,27437.03566159122,0
150.8715953711404,0.5172413793103449,0.14795251645595223,-2741.009537860523,1028.6741439228979,27521.042481142915,0
149.46760876510476,0.5,0.15097662019806163,-557.4472593249662,994.2463548193035,29156.90283430099,0
148.59656632447533,0.4915254237288136,0.15204550367138828,94.39073091485868,986.204360994507,30115.953750875204,0
144.53597930603618,0.4745762711864407,0.15755509083758204,-85.34029375093328,957.1025945708533,29524.151658425926,0
142.8334192201187,0.4666666666666667,0.15828243121448807,1065.9517363788518,946.7771539899339,31224.17323670971,0
141.27892716555053,0.45901639344262296,0.16219840723028559,1356.7144039839438,935.9995642567111,31683.404550244748,0
138.42146975522894,0.4426229508196721,0.16590623906509155,1628.9277712411972,911.6377611435871,32118.0669740885,0
136.87904444297342,0.43548387096774194,0.1663590302804801,1467.5160141870895,903.571653006883,31895.74793175458,0
134.6035807552962,0.41935483870967744,0.17267739522085274,3645.4989389333127,886.2593829814805,33591.214105349274,0
133.29903205510942,0.4126984126984127,0.17437259733477978,2864.68430693931,878.2746208272544,32501.51991709211,0
132.03390023943817,0.40625,0.17806234479094188,3642.655885363822,873.5568704293128,33691.025561724964,0
127.54692182982633,0.390625,0.18128217171056982,3945.5152518764417,841.8385847816755,33945.35238801704,0
126.77719053282894,0.375,0.18883499521067354,6400.718023458967,813.4379971793534,35238.74645973681,0
126.32762010180933,0.36923076923076925,0.19003018286940662,6237.473643183604,804.7558073001583,35102.47936150326,0
125.46965078900567,0.36363636363636365,0.19287585115215602,7191.445838137992,796.5511589786796,36576.750594244346,0
124.92827795124214,0.3582089552238806,0.19336034260582846,7465.26860840295,791.6684420760126,37102.581105873636,0
121.82938595804586,0.34328358208955223,0.199619297612877,8502.779664229049,763.771731860148,37925.63283465701,0
121.2514757808688,0.3382352941176471,0.20414975628432572,8650.804210735161,757.3254360102198,38220.38279455737,0
120.30791894069613,0.3333333333333333,0.20188441009540262,9373.710013896416,754.7253816905196,39516.00239773022,0
118.02881656105791,0.3188405797101449,0.20418244001442337,9932.234665777007,734.1149727341306,38542.04109094887,0
116.10057259111173,0.30434782608695654,0.21055406322125012,11136.839190956902,708.5369737161047,39881.10788629137,0
115.95134828586924,0.3142857142857143,0.2106957116283185,11959.302572582363,704.0486474055919,41197.93952801118,0
115.72728147415272,0.30985915492957744,0.21066935606180162,12128.746515972327,701.5130061667255,41672.84477467112,0
115.03474145944749,0.3055555555555556,0.21220483221384054,11467.32492363364,696.9762135996799,40889.65770272043,0
113.6194071421968,0.2916666666666667,0.21552950158910636,12890.047036780048,668.6290541801408,41760.42670294214,0
112.58984433831614,0.3013698630136986,0.21992441197266602,13323.280226388362,666.9503531258997,42561.14260686715,0
110.16421514260759,0.2876712328767123,0.22382878205255577,14399.220375079836,652.1049400780479,43435.15160790736,0
107.09210328386473,0.273972602739726,0.2269933022472784,14582.278138982107,632.4234953718837,44042.49869231441,0
106.2841791232868,0.2702702702702703,0.22983654368823447,15269.599291933773,629.1553091272419,45228.58999201996,0
104.20118455025404,0.25675675675675674,0.23812134735882895,17116.502967592176,606.8396374408388,45296.01137319863,0
103.99141694964712,0.25333333333333335,0.23882857899510399,17453.10560610642,604.3762612217337,46115.55763452232,0
100.68641525733962,0.24,0.24137280076500076,17393.336430543393,584.9224385486538,46762.92123056837,0
98.13127291154471,0.22666666666666666,0.24880634077160033,18731.619823042023,573.7288097074141,47013.04704456874,0
97.8850346231895,0.2236842105263158,0.24960330175551926,19023.117913665414,573.1732488394623,47826.56182318814,0
97.55364254054884,0.22077922077922077,0.24940818937413395,19038.792075967303,572.3018871524888,48016.23100250382,0
94.50431514374095,0.2077922077922078,0.2550382624895754,20303.188158985577,562.2253537970804,48253.570455882684,0
93.90173874670539,0.20512820512820512,0.25884413097169723,20644.589353457053,561.2958194331567,48977.93709948386,0
93.32215287363222,0.20253164556962025,0.2591641267508615,20912.148926628674,560.7832939971076,49695.03280288034,0
90.55916665051899,0.189873417721519,0.2669805003022733,22135.20827303213,554.206824270802,49868.7145679372,0
90.13081502728491,0.1875,0.26825120336230585,22039.164412886606,553.792295529375,50000.0,0
89.22017747600597,0.18518518518518517,0.2690516114377814,19732.461007967708,547.7492838561777,46928.0,0
87.11481968865711,0.1728395061728395,0.2704996101324776,20990.733689114943,537.4228892868304,48494.0,0
86.44218600054562,0.17073170731707318,0.27543838594554476,20386.483057667403,531.8610637735484,47762.0,0
83.89458090100834,0.15853658536585366,0.2775725167440196,29253.981589411,513.5268177805145,59501.0,0
82.12954502711526,0.14634146341463414,0.28012578769345386,26527.709110878193,491.3902769732828,55446.0,0
78.44778803302513,0.13414634146341464,0.28899493336368237,30359.012092453275,470.03362138564006,58293.0,0
78.01483142714939,0.13253012048192772,0.29292925896666383,31204.683827322486,465.60809860528707,60071.0,0
77.2930387071253,0.13095238095238096,0.2918720545927191,24679.279971002525,461.4522800625847,50826.0,0
75.5294249367873,0.11904761904761904,0.29907571971822644,30546.714044031534,444.98661514952084,58801.0,0
74.91255898674186,0.11764705882352941,0.2998356839268363,32755.480050792263,441.18971625510767,62636.0,0
74.50203625166797,0.11627906976744186,0.3053153540147272,29299.100432462605,437.4988157664167,57707.0,0
72.1403042719897,0.10465116279069768,0.317095846187584,32561.72482005382,419.12578177430106,60661.0,0
71.6097743660994,0.10344827586206896,0.3185150462351251,22021.518305119647,414.967778142478,45482.0,0
70.94990430253065,0.10227272727272728,0.32285035772007453,25938.065855694334,411.3908821243377,51443.0,0
70.38394895719574,0.10112359550561797,0.3260009818450765,34134.80578442435,407.37423460957774,64084.0,0
68.6656897047004,0.0898876404494382,0.3358597298528786,35634.47022209358,386.10972839838206,64652.0,0
68.14585482082424,0.08888888888888889,0.33613070969039466,25636.148641332107,383.1303455600621,50268.0,0
65.96826775139552,0.07777777777777778,0.3416981489657009,31425.88262127607,363.53213400325654,58066.0,0
65.39500370015998,0.07692307692307693,0.34207551704814754,23871.813061927685,360.2659118852456,47362.0,0
65.14070085873935,0.07608695652173914,0.3453995633085974,23484.903853220345,357.5178500584209,47067.0,0
63.9134772224894,0.06521739130434782,0.35093801750670117,27168.579845363878,340.9071588997972,51622.0,0
63.4707199513808,0.06451612903225806,0.3552875566340451,28549.802493037612,338.27526183375323,54079.0,0
60.136183937750246,0.053763440860215055,0.35854693823531514,25320.49018418213,321.5883450460493,46837.0,0
59.710848782066975,0.053763440860215055,0.3560270247239282,29185.945530524055,320.71868463829276,54597.0,0
59.353261982931606,0.053763440860215055,0.3619799012310111,29216.952125359363,319.5510504195881,55018.0,0
59.02898832748241,0.053763440860215055,0.36588006681087304,27352.49039401618,314.0221438241496,52711.0,0
58.25496670025227,0.053763440860215055,0.36600618538283064,34753.68579111991,312.0616700045238,64064.0,0
57.94097513898327,0.05319148936170213,0.37148394467033424,25478.93971066,309.26009185121563,50425.0,0
57.491343076414275,0.05319148936170213,0.3760463226380736,24221.97845071181,307.1864055863035,48905.0,0
56.95891505582053,0.05319148936170213,0.38011137565867786,24582.791734031067,303.4155041672168,49174.0,0
56.773559776114695,0.05319148936170213,0.3778336467365546,27500.67408172702,301.2456778188029,55267.0,0
56.48525599708453,0.05319148936170213,0.3753644996103704,28762.04543106702,296.70644300767407,58073.0,0
56.082306856733126,0.05263157894736842,0.37868190444691,30306.07641404923,294.4261332984072,60589.0,0
55.816136200817056,0.05263157894736842,0.38815269801020535,24678.510065834336,290.842051951475,52291.0,0
55.53296067851727,0.052083333333333336,0.3868987949608797,20014.62439871386,288.29898910355564,45687.0,0
55.45398007989643,0.052083333333333336,0.3904578081730434,29065.544872637758,285.6631479070691,59406.0,0
55.1270644123485,0.05154639175257732,0.39267115304299555,24999.923398948395,284.19134636583357,53520.0,0
55.00073250665558,0.05102040816326531,0.398180222968207,32093.75914811277,281.8135974285712,64317.0,0
54.41580684083279,0.04081632653061224,0.4004994431661497,20865.956074498266,276.70544160673774,47427.0,0
53.951868882727084,0.04040404040404041,0.4010720223878871,30787.379833110514,274.765211020432,62504.0,0
53.472617228936016,0.04040404040404041,0.4064002947283426,27868.549048100223,273.5441090088539,59118.0,0
53.10549674497078,0.04,0.41146300978193395,19071.50283551886,271.5538034162482,46163.0,0
52.53139773392687,0.04040404040404041,0.41018059239627375,20376.783767632463,270.9768162613271,49221.0,0
52.06449922792508,0.04040404040404041,0.4153436555722335,25432.79498937689,270.07059398379556,57265.0,0
51.913075286191976,0.04040404040404041,0.4180735580795273,30227.76459560389,268.69111084891824,64721.0,0
51.83227201868737,0.04,0.4193460215398771,30295.970539128066,266.7814154915228,64988.0,0
51.22899884191412,0.04,0.42358108547040596,27947.20653038986,264.6152462653035,61404.0,0
50.69977209013184,0.04,0.42482864339510384,21264.627068099842,263.03735545846206,52190.0,0
50.31512285167897,0.039603960396039604,0.4229480350929459,24328.63696904522,261.13237779729235,57116.0,0
49.54536626535399,0.039603960396039604,0.42895902647093886,27492.28386777458,259.0293940261051,62493.0,0
49.23216050237946,0.0392156862745098,0.43049597558206526,28940.307788145332,257.24658144360654,65023.0,0
48.774601626397384,0.0392156862745098,0.4367378538473923,18852.43849341918,253.1096513133121,50466.0,0
48.66172006147276,0.038834951456310676,0.4417270153679288,18775.752051605323,251.7411843714326,50479.0,0
48.385832957759995,0.038834951456310676,0.4460732361599442,17877.41732098382,248.747577908027,50057.0,0
47.461297442261596,0.038834951456310676,0.45204019519965766,17863.01275917514,245.21516026276944,49520.0,0
47.140929604928004,0.038461538461538464,0.45610908548237056,14833.149940011957,243.51328492416584,45137.0,0
46.608806069438245,0.02912621359223301,0.4581708915937735,14050.05300358713,238.02736282592554,46047.0,0
46.49500802588999,0.028846153846153848,0.4548758089007005,13926.241998076966,236.8603652994743,46127.0,0
46.49808629770162,0.028846153846153848,0.4587262002935521,19846.985545688764,235.84358530251953,54480.0,0
46.08421994203669,0.028846153846153848,0.46565960171130427,22982.18535494677,231.4674636700616,59513.0,0
45.738805107421605,0.02857142857142857,0.46883547414214005,22296.47409849772,230.24475139809894,58731.0,0
45.680638248185865,0.02830188679245283,0.4748540993251422,19758.8945720471,229.2033919785633,55055.0,0
44.7456779857147,0.02830188679245283,0.480696985186132,20053.964483419197,225.4009495977711,56779.0,0
44.73105568821007,0.028037383177570093,0.4828331921568935,19234.95932961131,223.71465845061314,55761.0,0
43.98326586740118,0.028037383177570093,0.4906244291898275,12589.213846107756,221.9846403056818,45061.0,0
43.55322198359893,0.028037383177570093,0.49473948432043374,22171.166356624268,220.3582808974087,60287.0,0
43.487542978614876,0.027777777777777776,0.4956628034552079,16485.448560775087,219.43958655727207,52016.0,0
42.978172101665535,0.018518518518518517,0.4963520155277899,23692.822668823577,215.33479854917493,62649.0,0
42.90878230664055,0.01834862385321101,0.49621859763394044,14918.469067833204,213.91759398722317,49829.0,0
42.81838450214054,0.01834862385321101,0.5016507470067538,19306.56255741476,209.4574211978248,57918.0,0
43.24686170265406,0.027777777777777776,0.49811288005090576,24516.245462728526,224.21198030800988,66042.51996809655,1
44.80471569824409,0.037037037037037035,0.4927581621535762,22212.868850951563,232.32529954696886,64414.67586806205,1
46.914034645088144,0.04672897196261682,0.48776106291157484,20878.072535282263,236.11627647277695,63219.03347806284,1
49.146910573351846,0.05714285714285714,0.4794793455877851,20267.772270191548,241.28155442767994,62746.819424185,1
51.42635929456095,0.0673076923076923,0.4712122704681706,19272.520013519064,251.68532527672505,62744.749566100574,1
53.089308962849294,0.07766990291262135,0.462210809661168,17523.42978125544,264.84990454987286,61362.89714554727,1
54.01444631788163,0.08823529411764706,0.4562275982541606,15567.797115626947,280.5102933991473,60389.94160093859,1
56.10499053746059,0.1,0.44999851446608613,13249.463475981736,293.9624557543434,59142.70353886751,1
58.89295894284383,0.11,0.44576797988341466,13976.643572847464,308.63162774023317,59477.28373131368,1
60.52305829906796,0.11224489795918367,0.4443085678448662,11168.174263163639,312.0215313158512,58279.144697703065,1
61.24861190045412,0.12244897959183673,0.4408452811354416,11527.374575994476,331.85191089901014,58115.55993789086,1
63.45542820986308,0.125,0.42986728373034244,9011.739455745688,347.0750112251619,56861.50604192829,1
64.75153761520963,0.13541666666666666,0.4234565108420472,8438.300623437748,354.8059930840384,56685.10852463974,1
67.0898493837431,0.14893617021276595,0.4142853774604277,6593.82120189296,360.4838767756378,55946.6347170686,1
69.46920625916736,0.16129032258064516,0.4063976575556289,5520.800147030955,374.9923719022893,55292.99086377087,1
71.53902527143488,0.17582417582417584,0.39866535424113714,3829.852967418442,392.60884313588167,53969.77932089181,1
72.86476521488258,0.18681318681318682,0.3965426843505403,2210.8686269613,409.1799019684064,52288.72028462038,1
76.2957068046174,0.2,0.3911090534378869,1036.5368745597234,416.32028207392887,51414.42533353886,1
78.11542393881524,0.21348314606741572,0.3881953873299027,2820.168551468501,419.2495097143709,51118.92778294285,1
80.91156628882352,0.2247191011235955,0.3826248069384936,1601.0750616056878,429.1661741041538,50890.519234128515,1
86.11260636527514,0.2441860465116279,0.37154947914429726,-6377.594089461988,458.92942118411463,48821.29397736526,1
88.6641039576772,0.25882352941176473,0.3594599330245326,-1662.2373997787754,482.8706856782338,48347.87575929067,1
91.61082353870127,0.27380952380952384,0.3550458304846037,-10100.365261564426,508.39111380890216,47581.05880537646,1
95.23047338658336,0.2891566265060241,0.34561467030383236,-8701.177246608167,527.3653115745104,47723.78483451444,1
97.926548549243,0.30120481927710846,0.33841241009379636,915.2351482066458,551.7565112867372,46849.47992879386,1
101.71205247093226,0.3170731707317073,0.32906533964804785,-12393.433922118444,568.1952926793494,45526.615876503776,1
106.62579618454534,0.3333333333333333,0.31868784499432506,-3747.657786930194,603.3172973818741,44647.4513574537,1
110.51064326130074,0.35,0.3172164386307209,-2923.5273863630205,623.5415203771292,43003.33134472723,1
114.9908184650436,0.3670886075949367,0.31038969733345423,-6106.105764095077,650.4548150681638,42548.46631643997,1
119.18799201862694,0.38961038961038963,0.2959070715129834,-8335.956126302464,694.7508632329631,42219.17567876347,1
123.06484987956091,0.4025974025974026,0.2929730966905183,-9544.833243965999,724.6572732782936,40782.70787228275,1
128.08752451572144,0.42105263157894735,0.2820813153239364,-15357.39078171201,746.5377915451742,41068.96247955591,1
136.40872009953665,0.4520547945205479,0.2599360069044401,-10686.988685363644,800.2124924042841,39306.90443204035,1
142.3998121076964,0.4788732394366197,0.24861580172550302,-8588.060093364307,833.0669339553308,39468.72892933105,1
151.91371038949234,0.5223880597014925,0.22525156549831676,-5587.53565606245,909.7343349795592,39105.561446715714,1
161.81422209018012,0.5625,0.20205280120068853,-7984.09317458842,974.0719794319384,37251.467198033155,1
172.59073379195004,0.6065573770491803,0.1844581227110271,-16723.81690215148,1040.359643790834,36562.6323588863,1
177.16339364490804,0.6229508196721312,0.17793863675420898,-10769.733204850558,1066.9991446183299,36100.522360208466,1
182.1384112742911,0.65,0.17262390005595254,-18156.475501497483,1106.6069357948136,35388.69341604876,1
192.64769091700546,0.6896551724137931,0.15584820622715684,-10669.032366154204,1159.562725433549,34503.67725976364,1
205.11028272437377,0.7454545454545455,0.13274524189892814,-7940.112591599226,1247.4721176343912,34224.2719537467,1
217.368852293834,0.7924528301886793,0.12311425277315208,-17476.642856798135,1304.9958558608887,33462.614998303936,1
225.5351687151642,0.8269230769230769,0.10979514492328278,-15534.591528453133,1360.222512346127,31758.30774192031,1
242.9189438127105,0.8979591836734694,0.08310526430742439,-19787.728725896155,1457.5164330377572,30640.14549984925,1
259.1126158524964,0.9782608695652174,0.06830469811530629,-17986.613916423277,1570.112308744539,31096.352329754758,1
263.0097438449053,1.0,0.06209585847427489,-24877.558823152158,1621.2875686442892,28908.78466181043,1
262.32414909047594,1.0,0.06148300422999756,-23639.859421241275,1605.4638583297437,28596.09844384193,1
260.3981016426171,1.0,0.060866731236793745,-24496.287961894282,1625.4593118417122,26966.715240641046,1
258.26623066724244,1.0,0.06068984855719125,-24163.213171051873,1638.6329847794698,27319.614947721955,1
258.50889284107467,1.0,0.06059952992468125,-24632.837986827933,1652.1021057403202,26154.53926284852,1
258.3374639010211,1.0,0.06075698439172749,-23899.211804883915,1633.2428940766442,26237.651238518873,1
256.51205689701675,1.0,0.06042847861403091,-24786.20412403,1616.5705431358099,24493.1567946212,1
254.19083038166934,1.0,0.061989944426378285,-23958.224108181952,1612.6439549419144,24873.456096418206,1
256.25313243840327,1.0,0.06357890074738194,-24156.34577522134,1613.6551309495028,23662.124803536663,1
253.0454562651038,1.0,0.06332013665804129,-25175.156898944297,1611.4911191940673,22161.515784258107,1
251.83613036431655,1.0,0.062030268028844565,-24798.010543669912,1595.5780821779224,21560.81758430304,1
250.82733864097762,1.0,0.0601160011179583,-25108.84266193318,1590.6100683174095,20561.72702425527,1
252.30009222551317,1.0,0.061391333117238,-25242.769188936392,1575.6479158056763,19585.747927634176,1
253.724156187231,1.0,0.061357354289128856,-25413.522865079914,1568.6349262321837,18882.05892210278,1
254.23708264836546,1.0,0.06151526749189609,-25806.288532897317,1547.4809356887574,18435.8370964465,1
253.48861445072237,1.0,0.06161453450927615,-25530.348509105104,1561.322310444008,18425.138231724133,1
255.18300886168444,1.0,0.06130094531581854,-26504.991794006804,1592.3588146972306,16493.3943588008,1
253.46320795347387,1.0,0.06079863392271886,-26097.565458321274,1601.3009755579112,16149.1970689907,1
253.20762560884367,1.0,0.0606008807948573,-26587.85156083735,1596.7960948616537,14451.855911584356,1
251.14641487665503,1.0,0.05885217088643361,-24732.270709578097,1571.823631259402,14412.783106286519,1
249.30257696454885,1.0,0.05793707066777914,-25241.643319704162,1602.2794872688157,13412.146580714118,1
250.30801278380792,1.0,0.05916782674776508,-25353.728311970073,1612.7340348483208,11853.283334437558,1
249.13259246516344,1.0,0.05950134334556702,-24935.607878208844,1612.5680945921663,11915.051143718863,1
247.60296156519607,1.0,0.060389393219819794,-25089.268728833253,1608.2313109808667,11039.729216930871,1
248.03551835338607,1.0,0.0599990451255826,-25759.95986807095,1582.9857146125678,9364.876794632808,1
243.91216429078017,0.9787234042553191,0.0654602215474176,-25386.202390092505,1559.7363589581835,9269.03033273575,0
240.14512294790794,0.9583333333333334,0.0695667234456609,-24036.60236236893,1539.5559915981837,10959.763740935734,0
236.8683200008836,0.9375,0.06992174376881387,-22380.787572441084,1505.227985772318,12084.305094037556,0
232.52300109940597,0.9166666666666666,0.07421231013895377,-22624.722399643848,1496.3764736972962,11226.950584810284,0
227.15647257243074,0.8958333333333334,0.07404902597156703,-21025.109477498234,1449.436720324193,12002.173354173477,0
224.66645099688745,0.8775510204081632,0.07480602653068313,-20010.88808620545,1425.0694945984822,13004.397600813389,0
221.57197441596315,0.8571428571428571,0.0761895951184064,-18838.632674626042,1407.4027177359867,14495.34560605027,0
218.37589908292583,0.84,0.0781407348639033,-18457.380527571182,1384.9664437952579,14912.259343380078,0
214.47239688255235,0.82,0.08042648889660307,-18526.438306492604,1359.186776036038,14945.446269678561,0
211.0234071944555,0.803921568627451,0.08073711354562794,-17778.431613323617,1338.7871759500292,15634.691820539607,0
208.74002987670727,0.7843137254901961,0.08337986975322856,-16689.668639957046,1296.9451493664733,15766.981245215105,0
204.2772234122806,0.7647058823529411,0.08888401129635776,-16570.940658988457,1258.327129437946,16503.01775105707,0
201.16782961004427,0.75,0.0894335001469194,-15503.571872811264,1242.7818958995938,17877.095270681748,0
196.35565687690666,0.7307692307692307,0.0929685602761823,-14739.590598974977,1229.3135302422045,17566.107611568812,0
194.2585680158391,0.7169811320754716,0.09396746302803423,-14028.755675105642,1208.9694894845422,18335.31167332644,0
190.05911324932876,0.6981132075471698,0.09953631556351347,-13675.418384454051,1178.7186976857768,19148.014130081196,0
187.25228920387573,0.6851851851851852,0.10177863904151897,-12980.579752990137,1159.933287263143,20027.952833861436,0
183.9706247672819,0.6666666666666666,0.10981145140032121,-13422.624054084168,1146.227371054963,19454.346601551657,0
181.49717445817123,0.6545454545454545,0.1108676114576343,-12246.09878965261,1131.1817002374669,20907.557166955274,0
178.11928508108997,0.6363636363636364,0.11677509836108692,-11124.355424234871,1098.9452312104415,21073.51006436743,0
175.6623201414456,0.6428571428571429,0.12146896068885023,-9892.930029723775,1087.2806853984507,22775.918862133185,0
173.2676253519381,0.631578947368421,0.12165304446547634,-10332.52872335917,1074.0006462692947,21924.544542746513,0
171.9235896500038,0.6206896551724138,0.12528897252949328,-9253.673461941946,1058.897832488119,23389.086258512616,0
168.4549226572538,0.603448275862069,0.13131661058236127,-8415.637580999859,1034.5399726324672,24168.28025866545,0
166.52135265786427,0.5932203389830508,0.13361370682692478,-7725.847096433231,1019.5709788960049,25120.300082308095,0
164.62276279009103,0.5833333333333334,0.13545314064217687,-7496.97862626222,1010.3317427282531,25344.822120105506,0
160.47110454371395,0.5833333333333334,0.1370789560075932,-6514.614535113318,993.6019286520284,26379.662541313974,0
156.38080175104787,0.5666666666666667,0.1387686631867946,-5976.115397441556,967.9499503696926,26559.960492755126,0
155.02497761629905,0.5573770491803278,0.1431680802438102,-5394.757815813967,958.3643909794198,27336.955569735303,0
153.4218925810957,0.5409836065573771,0.1479566171797227,-5362.5455006612465,942.9123503022639,26614.074707104573,0
152.55166370116854,0.532258064516129,0.1524823788224778,-4171.9159713346635,933.9238474834112,28300.183144697436,0
148.53191253154142,0.5161290322580645,0.15678319865210594,-3397.543907821165,922.1922582246015,29221.719239070564,0
147.33993360172784,0.5079365079365079,0.16000963385073635,-2845.083422809724,917.001465049971,29969.279132207128,0
145.00224191168107,0.49206349206349204,0.16589894375183417,-3023.881926195288,895.9392664608923,29020.2690352413,0
144.2598831657487,0.484375,0.16604277983635574,-1500.144581497926,886.4714069227072,31230.035369195917,0
139.98602443095947,0.46875,0.16743310722427485,-388.92094453567125,877.8390559089006,31181.685012568385,0
138.8959272360169,0.46153846153846156,0.16769498367189872,-296.03436936146574,869.4437081377157,31315.11497009701,0
136.27076197033446,0.4461538461538462,0.17602023301077055,983.9636684676935,846.6226898850879,32084.840613184493,0
135.82337701142964,0.4393939393939394,0.17768450751066306,1714.5242261202745,838.7291726812078,33199.59273754756,0
132.34286279676377,0.42424242424242425,0.1845945187516953,1859.244212325848,828.1610348289917,33822.169884213145,0
131.06201451472077,0.417910447761194,0.18987578566440763,2605.9393523266795,820.752738677313,34938.75712107279,0
129.8539851228332,0.4117647058823529,0.19387883516631488,1870.4454886697113,811.9507990225127,33870.586578998445,0
129.4913414314073,0.42028985507246375,0.19485660764814483,2734.1957729330143,807.6119835778431,35192.86237561645,0
127.72563064897064,0.4057971014492754,0.20072670992305502,5178.0765827184605,797.6859782224257,36572.04055116529,0
125.26313214065854,0.391304347826087,0.20527563402867036,4966.110409269396,768.5773441729432,35883.43017709983,0
124.55460357390555,0.38571428571428573,0.20801633095057723,5165.273489352268,764.1644268793908,36295.12875408769,0
123.70925039741623,0.37142857142857144,0.2124637149647381,7791.8538581823395,750.7194702278042,38445.61768765813,0
123.22486240887552,0.36619718309859156,0.2126090496384417,6983.1318243086525,748.386805019263,37329.16294354321,0
122.12533458526806,0.3611111111111111,0.2138850372761077,8080.698352645943,745.7269595006496,39042.29174266604,0
120.95111609034403,0.3472222222222222,0.21836252074221718,7544.660240680129,730.2696228812674,38401.11273153567,0
120.67372006057585,0.3424657534246575,0.22291509196325127,9098.69310996622,726.3487331700741,40760.115680119554,0
118.39496812091373,0.3287671232876712,0.22649565172892908,9349.247619238738,709.8674110798152,40002.09339194468,0
117.8265896655151,0.32432432432432434,0.22813036703580103,10062.392243823077,707.6186124216049,41196.45278424747,0
115.01151082528486,0.3108108108108108,0.23474675548615728,10402.595248160307,683.057447888654,41700.796570417195,0
112.34454578119106,0.2972972972972973,0.23495063800016772,11770.046527891667,678.3960784011985,42051.54379434909,0
110.8573336323341,0.28378378378378377,0.23891227768606238,12368.418408237309,671.4441941294634,43257.49998200457,0
109.4889649024857,0.2702702702702703,0.2414324463295394,14069.443365769968,654.6790849548092,44500.284350818445,0
109.32915421071434,0.28,0.2428815773387748,13060.270128606357,653.3742692183571,43210.245387629504,0
106.61893614996713,0.26666666666666666,0.24755365453744094,15377.090024366027,631.1496518096184,44823.48988539593,0
105.78689533195835,0.2631578947368421,0.24577169521537046,16211.363752216692,625.3202763783393,46366.06198470839,0
104.38712515597689,0.25,0.24948258952703936,16215.402712704574,605.7038126059455,45556.86865006284,0
103.68909696590313,0.24675324675324675,0.25267111314019064,17148.424283362987,603.3176627628382,47085.91105115023,0
100.57828847653519,0.23376623376623376,0.25980122014394513,17514.5390180278,592.0421031198388,46212.38377713378,0
100.1292326145025,0.23076923076923078,0.2583939546480997,18681.340166105427,591.42612337382,48284.79037722681,0
97.49480184926227,0.21794871794871795,0.2601550585263736,19780.206797369807,586.1414897479169,48985.33817998825,0
95.46315874810007,0.20512820512820512,0.2596012595875945,19744.096473893627,567.410518168601,48301.532594065655,0
95.46686971917167,0.20253164556962025,0.26047884050821224,20749.875102330418,564.2981242703243,50000.0,0
90.21912543665678,0.1794871794871795,0.2668851448346135,20882.11614886747,550.4609512364207,49468.53463893003,0
89.8627263411695,0.17721518987341772,0.26716632468245516,21124.83915725126,550.8447065090396,50000.0,0
87.59723244861665,0.16455696202531644,0.27530675352211825,22692.95348693332,528.2404631401503,50000.0,0
86.82862567456736,0.1625,0.2803826881460553,21727.8283693652,522.4026377521113,48722.0,0
86.22639630549102,0.16049382716049382,0.28358221672653305,29260.061376307855,517.7368171471911,60080.0,0
85.42639994428906,0.15853658536585366,0.2872135219410871,29933.17999892224,512.4235645930769,61291.0,0
82.50889746608541,0.14634146341463414,0.292647047373919,23907.296673729536,487.29375664353176,51359.0,0
81.9622723195707,0.14457831325301204,0.2936460317113205,30525.38425007974,483.25391071570675,61328.0,0
81.21378389392581,0.14285714285714285,0.2926626330697899,23639.54447942005,478.9031038162537,51567.0,0
76.25832760457634,0.12048192771084337,0.3030924702027713,33011.963378105065,443.8041538224462,62413.0,0
75.54811004741553,0.11904761904761904,0.3067984072114953,29681.247171055606,439.3521083218241,58123.0,0
75.04710645122817,0.11764705882352941,0.30664774511350734,27601.650240880143,434.86372701749417,55380.0,0
74.37128009817204,0.11627906976744186,0.3079477420162169,23627.220472605557,431.2715104522455,49805.0,0
73.12404763342492,0.10465116279069768,0.31984226242326186,28026.535934724565,417.19170586253625,54581.0,0
72.72594571782919,0.10344827586206896,0.3213455744766469,31117.637811370336,413.8626225994037,59292.0,0
72.3973235638835,0.10227272727272728,0.3245789806355628,21650.4834533616,410.4367169322832,45450.0,0
72.00849676697533,0.10112359550561797,0.32365270591328066,30943.47339001685,406.289112480944,59650.0,0
71.49381382789755,0.1111111111111111,0.3272497559347871,26141.154952900044,402.5366045500762,52616.0,0
69.30646904758069,0.1,0.33306299040722637,33380.9486735499,381.7928767218105,61720.0,0
66.05113814327348,0.08888888888888889,0.34466661371868107,36233.73624024828,366.83554413855376,64788.0,0
65.71279031531112,0.08791208791208792,0.3499078334960792,28728.565351472695,363.7272813649989,54057.0,0
65.13406284530551,0.08695652173913043,0.353606131830471,33528.04024098245,360.3440776924168,61541.0,0
64.78659096311954,0.08602150537634409,0.3534783718674519,29206.626184395693,358.0627603206773,55436.0,0
62.290850860468396,0.07526881720430108,0.35659778818424415,29630.162349134167,341.4704253117353,54884.0,0
61.80862862555007,0.07446808510638298,0.35799973192610596,36580.660734091914,339.0840455960192,65444.0,0
60.3167208428596,0.06382978723404255,0.36925113290365846,32401.627439467553,325.50075354251135,56664.0,0
59.997839712466636,0.06315789473684211,0.37254407448399224,37643.72531233451,323.68053709285084,64723.0,0
59.669361469360545,0.0625,0.37698031125437825,31385.3192430058,320.83614080390936,55721.0,0
59.3527033523881,0.061855670103092786,0.3779922036008963,24358.975343192702,318.25063180689943,45702.0,0
57.49875661839671,0.05154639175257732,0.38011903732164976,28646.950800308412,310.065015266492,52226.0,0
56.979454723199176,0.05154639175257732,0.38062645841999504,30741.040728755826,309.29887121389424,57009.0,0
56.74953885617142,0.05154639175257732,0.38253908332442527,30291.06935146916,304.8442472567079,56952.0,0
56.338760455760585,0.05102040816326531,0.38374692643123437,27108.549938200817,303.3058394201183,52705.0,0
55.674864127592,0.05102040816326531,0.3879759791008382,23277.16877392617,300.19525902018,45902.0,0
55.321856982143345,0.05102040816326531,0.39265605481592275,30622.570683083388,295.84153001738224,57450.0,0
54.77189264475137,0.05102040816326531,0.39892297434580337,30816.003503945773,294.38628549158557,58501.0,0
54.446781332780034,0.050505050505050504,0.3997757763415577,26041.97486332444,292.12390215597117,51910.0,0
53.79347695115519,0.050505050505050504,0.40576665412798224,31540.352105553,291.0399328310029,61529.0,0
53.03216167244846,0.05102040816326531,0.40913770918472836,29712.039598819785,288.23110357252887,58998.0,0
52.94938267660607,0.050505050505050504,0.4087901916165757,27087.90086354443,286.93045198573594,55371.0,0
52.0400046149413,0.050505050505050504,0.4149588591599406,24234.48036440395,283.75243260985576,51495.0,0
51.88918190634027,0.05,0.4202232622473557,23336.829138453722,281.96403075098306,50341.0,0
51.74935488331461,0.05,0.424628328818301,22566.257812384334,280.063960853291,49264.0,0
51.618748985451,0.04950495049504951,0.42772563624852655,26620.370292441814,278.81709130045635,55522.0,0
51.107297587834395,0.04950495049504951,0.4256033552079054,26101.588111829875,276.61092978731665,55529.0,0
50.38470667998468,0.04950495049504951,0.42206473669690847,27303.30831340245,273.61139665506784,58729.0,0
50.159008328099134,0.04950495049504951,0.4317379400074093,20776.25145090294,270.5370359007677,48406.0,0
50.030884623824385,0.049019607843137254,0.4352093921928731,21078.688173590115,269.1729092500926,48975.0,0
49.94810114274042,0.049019607843137254,0.43990595789712744,21065.724784235463,266.73993936627363,49679.0,0
49.89917287953944,0.04854368932038835,0.4421216586858752,19096.732904642107,265.23346566038305,46967.0,0
49.201923985414,0.04854368932038835,0.44810495199109857,18989.534190202543,264.40032859238573,47468.0,0
48.42067295486928,0.04854368932038835,0.4443733548415278,27493.754328979176,262.04435730952196,61080.0,0
48.26062653702501,0.04854368932038835,0.4454158443790608,20074.75989955607,261.32605825209424,49465.0,0
48.054693061705635,0.04854368932038835,0.4505776863164128,22979.307209975956,259.95021061250054,54928.0,0
47.860602231239504,0.04807692307692308,0.4493856659374004,28654.77738624661,257.85370146849095,63672.0,0
47.77606175895038,0.04807692307692308,0.4509762059833626,28137.163275389452,255.54332808695474,63127.0,0
47.492770349434075,0.04807692307692308,0.4508951011405605,27644.908432942713,252.56668253850302,64159.0,0
47.2023561067789,0.038461538461538464,0.4522914454315317,17971.003769937135,249.7175989780218,48679.0,0
47.11685483470914,0.0380952380952381,0.45604348467486117,26751.249406225743,248.0858342035771,61965.0,0
46.85867570112612,0.0380952380952381,0.4588358255964733,28010.036290525884,246.0947713818453,65374.0,0
46.238740158991924,0.0380952380952381,0.46220673312240446,15634.309118599,245.562776137797,47468.0,0
46.219468226740034,0.0380952380952381,0.45834913437162433,17463.608722521178,243.61711393586145,51311.0,0
45.810204766922844,0.0380952380952381,0.4613510053086097,19149.311880655117,243.24157496960933,53987.0,0
45.55147757016302,0.0380952380952381,0.46526946760285876,20133.18317808499,240.29570883328824,56496.0,0
45.52543301617936,0.02857142857142857,0.4689518191504139,15170.274363106371,236.01160175934828,49249.0,0
45.31826893047749,0.02857142857142857,0.4681092642670237,24949.77549559435,234.8838950625791,64758.0,0
44.869390918270994,0.02857142857142857,0.46575095530419336,24119.863032299698,232.61691696442085,62778.0,0
44.64585968739423,0.02857142857142857,0.47056899252943135,18804.872318193287,228.37264157247344,56373.0,0
44.109758774168654,0.02857142857142857,0.4691164745925969,14723.85942966199,225.42354362381136,51210.0,0
43.95927677211763,0.02857142857142857,0.47308653313044063,19640.917565997708,221.37936486849568,58992.0,0
43.88784423638387,0.02830188679245283,0.4729519479020076,12879.619467921098,220.42440144996732,49130.0,0
43.83338523894938,0.028037383177570093,0.47709531670094324,13521.33977905284,219.00214073375105,50185.0,0
43.308220865101504,0.028037383177570093,0.4785069183169732,13365.438783330988,213.97735108317298,48912.0,0
44.124753427927715,0.037383177570093455,0.47516474109497964,22330.2283242524,228.36862660956055,64542.140241947185,1
44.938460174478465,0.047619047619047616,0.4723616309279014,21484.58444424312,244.72746503363953,63933.73042459576,1
46.66824194240343,0.05714285714285714,0.4628637584118999,20776.924879392493,257.17453444575375,64281.32550800339,1
48.11471994654749,0.0673076923076923,0.453699963094888,18479.392807598557,267.7307175802754,62647.82890239729,1
50.05634335708918,0.06862745098039216,0.4432196524456343,17946.032623928877,282.6105143619472,63327.28742692243,1
52.000817653392474,0.07920792079207921,0.43952360094616655,17552.309034672187,287.731485349344,62268.11617645014,1
54.17283439728578,0.0891089108910891,0.43027791910371116,14237.413413591496,292.34373765449624,59778.94358650704,1
55.81541708398523,0.10204081632653061,0.4232428053637207,13343.34774762516,301.19161439008724,60713.086667597214,1
56.41074521025376,0.11458333333333333,0.4127960745366265,12120.233583704745,309.1681741363284,59674.85109794163,1
57.641303857545374,0.125,0.4082149428608646,10966.514192110475,320.4102801200381,58321.15022380519,1
58.28620465098853,0.1368421052631579,0.4003371229807528,8756.200309700656,322.6947091247477,57619.49999052298,1
59.60140803107115,0.14736842105263157,0.3977708465963512,8405.263650248104,330.65081965611876,55799.03280885562,1
61.88828517946539,0.15053763440860216,0.39670674971825415,7028.123609520387,346.31048973466255,55954.2753286072,1
64.07825895371283,0.16129032258064516,0.39015859720241974,5252.5067572329945,362.4770984394956,54954.89882099023,1
65.60824231459372,0.17391304347826086,0.3842395654095965,3555.255223592733,371.06758317995184,53590.29123847976,1
67.3083036286619,0.18681318681318682,0.38271665356779877,3389.510076470422,373.62257309503934,53332.27836854126,1
68.35517641506905,0.2,0.3781754321306917,1878.0752587683335,396.8594943847418,52266.34337288877,1
71.15805565447793,0.21839080459770116,0.35938950389520324,-5924.305906852983,409.80749637649006,51229.085636951975,1
76.21667336468624,0.23809523809523808,0.34560811008390535,-431.74306406999955,447.6001892975227,50920.56987759437,1
80.78338131083848,0.25609756097560976,0.3348642362039881,-2767.252292026244,476.17322243605497,51241.949913115604,1
83.31620495864797,0.2716049382716049,0.33092575047892436,-3875.6865606695114,510.253161483004,48794.22689575646,1
88.27749671067153,0.2948717948717949,0.31565841930588023,-3143.2707261526893,551.5833527510925,47907.62254801755,1
91.46397785149237,0.2948717948717949,0.3111653894469239,-9457.208108147277,562.8862770399824,47537.47282552902,1
94.9630623130632,0.3157894736842105,0.29631072023022736,-9669.748683754182,591.0759762504749,47096.75215070491,1
100.42580531561408,0.3424657534246575,0.28476106563233233,-7165.099699167884,623.012352657698,46045.118416849,1
105.70114826224373,0.3611111111111111,0.2712330730575103,-6968.793353096378,650.4947539359116,45306.90469671473,1
110.39006048644231,0.38571428571428573,0.25692180210550875,-8317.919746816275,691.3726520973225,44620.39820539394,1
114.22786435681924,0.4057971014492754,0.2489839828794956,-5625.357190810376,715.5550967496894,44280.429210140916,1
119.72882602191719,0.4264705882352941,0.24065379411636792,-9215.119442893862,740.9983747233128,43661.19744613819,1
125.85735112526342,0.45454545454545453,0.224797262800638,-12874.61145118977,792.9287417853611,42335.05729113135,1
132.8215986411604,0.484375,0.20949834927324554,-6259.422369407992,824.4799342351064,42137.881594236685,1
139.37857934806405,0.5161290322580645,0.1925829535038626,-9448.400647172659,884.8316100154092,41356.190619538254,1
147.69056349624495,0.559322033898305,0.1751061300711875,-6164.926647704072,949.7376925890129,39747.43832640377,1
154.44894696482882,0.5964912280701754,0.15835009996555072,-5131.177871250645,1002.2216579978877,39824.28341278665,1
159.85927298311407,0.6140350877192983,0.15337643411622162,-15579.994510876919,1023.1229772835533,37835.2210712407,1
162.30073272596704,0.631578947368421,0.15193182180592216,-7530.0378986152655,1048.902679453999,38173.59748917159,1
171.91201071109248,0.6851851851851852,0.13503853196836926,-18237.1011741864,1144.9972632040797,36947.82562019277,1
187.13668689158519,0.7450980392156863,0.11506664774834943,-7098.075318906916,1243.7748583849548,36904.28561361641,1
195.0515360574596,0.78,0.10585343386029006,-12516.820095895713,1296.3185363035163,35232.12612042355,1
199.25312848686167,0.8,0.10328568032634297,-15205.811726510698,1321.6439379730632,33775.69158246981,1
209.83909989117674,0.8541666666666666,0.08908438438453492,-19203.579053788228,1422.1865108593847,34261.183237795914,1
217.58617889310858,0.8936170212765957,0.07969798782079675,-12049.246865030957,1492.6718322738136,33270.83396695196,1
231.11504073243,0.9555555555555556,0.06898240620638392,-12823.36672603809,1579.4302096375973,30968.09482703672,1
241.13088845921203,1.0,0.059928844827641554,-22443.829013198963,1637.0613116709997,31258.86942640466,1
245.3128202987794,1.0,0.06070150860102916,-22893.549442880794,1610.509344708147,30439.829106813893,1
243.5962693093603,1.0,0.05972035362557115,-23569.4379282006,1607.1004965331551,29677.238424035382,1
245.42954456381634,1.0,0.05874311304018952,-22440.425033103442,1616.7623250620318,29333.54770405494,1
245.83396540928035,1.0,0.06038021178825465,-24718.399090239698,1633.6602768635732,26961.31978698606,1
242.49923845297596,1.0,0.06011460135553903,-23298.996449221133,1605.6399971889698,27761.420546904523,1
244.97252112161297,1.0,0.0597645362743819,-22028.981087183234,1611.1011876509162,27144.910243042836,1
244.92501534003105,1.0,0.060231113986178024,-24451.655413528602,1610.7108777484334,24916.817512786743,1
243.6439993723068,1.0,0.060470535516804355,-23818.612451360692,1607.7264973160873,25070.958065977946,1
239.8202782298208,1.0,0.06149256123571842,-24406.50827748098,1591.669232234243,23115.432441795565,1
241.39847529303378,1.0,0.06102692300046061,-23809.085637085576,1598.2482116156987,22828.314127248854,1
241.0577622470491,1.0,0.06083956718527652,-23038.083677096227,1593.2467196369844,23315.079807524344,1
243.50949218056442,1.0,0.060319044963414295,-22974.217497909896,1630.5289113873687,22007.350963413995,1
240.03884840472966,1.0,0.05906121157814929,-22467.22060718419,1612.8991572147131,21704.39876590327,1
237.61203262419073,1.0,0.05909329350450933,-22778.8537132464,1617.1925458961398,19656.355064631403,1
240.22182498267995,1.0,0.05865758519986303,-22753.79014780656,1608.2341465414625,19345.265933619627,1
242.74008316035716,1.0,0.05823159104161759,-23385.20890570228,1608.0071739627363,17694.286723512803,1
246.0410177518531,1.0,0.05787172423916602,-22504.832676261696,1592.0065549920546,17978.767999987605,1
244.95943712510518,1.0,0.058013997413018326,-23109.746760723538,1603.7269650983062,16725.794798771345,1
246.00596157118505,1.0,0.058800048166447426,-23252.435008997138,1623.110631689126,16892.952723431903,1
247.9843028087841,1.0,0.058030891547540306,-23437.992790912398,1633.6304697845512,15798.451317206134,1
246.85506188860182,1.0,0.05813489196067753,-25206.02294854216,1617.7050487752454,13739.168237150603,1
244.29193922844308,1.0,0.057955318710027064,-24067.323304508125,1601.9480764470425,13200.282094981898,1
245.98716124280105,1.0,0.057984585940835096,-24597.681204683427,1602.5989659767731,12027.037982005331,1
245.70211203636043,1.0,0.05640768849522696,-24463.56469003898,1574.1316740643963,11272.789750856715,1
243.017484709778,1.0,0.056954016629962696,-24103.900255167726,1567.5117929377686,11394.752722652369,1
242.79632255849336,1.0,0.05770321420077189,-24390.62650342171,1588.2880183119082,10261.793243845947,1
239.77514458853557,0.9787234042553191,0.059393400218144085,-24080.67685962525,1563.9697086613407,10239.578962693171,0
237.85196143753834,0.9787234042553191,0.06316029167830241,-24033.334602268573,1553.763609108403,9964.824118173903,0
233.86567914387604,0.9583333333333334,0.0678413730526432,-22913.33160716216,1524.5433300575696,11380.729124026335,0
231.23400365640157,0.9591836734693877,0.06970161613267871,-21891.247200211383,1504.6809661476811,12696.298151156085,0
225.76972414428514,0.9387755102040817,0.07128850467096827,-22383.138585973073,1478.76025022145,11913.76771868136,0
222.8798892091854,0.92,0.07379749397473379,-21737.95533498014,1456.9739012342845,12569.669695584114,0
220.61041513722458,0.9215686274509803,0.07912176828714189,-20858.785330710765,1435.3878314235494,13550.14968649484,0
218.29642443327512,0.9019607843137255,0.08076680920290233,-19813.38649163266,1408.523229008442,14981.854723634673,0
215.6111313643567,0.8846153846153846,0.08166152456435977,-20166.842205626275,1390.7728233758828,14228.789745779291,0
213.32993336143318,0.8653846153846154,0.08280347769061111,-19721.89039989264,1376.565954640833,14533.093462907169,0
210.01523766669197,0.8490566037735849,0.08706648114232214,-18671.72781801837,1356.104355872151,15931.478016746136,0
205.19156830034714,0.8301886792452831,0.09340807701984669,-17369.17586173843,1342.2879831659245,16909.080155063722,0
202.32003057110617,0.8148148148148148,0.09562435905421474,-17277.64469599509,1324.3249088560754,16785.11159386304,0
199.72567124123276,0.8,0.09779141954085842,-16576.13825728225,1310.862169441795,17606.30634925536,0
196.27553826107714,0.7818181818181819,0.10322462866218166,-16471.43899321336,1281.8601315152243,18145.103910097358,0
194.44403401411537,0.7678571428571429,0.10272478171887038,-15178.492954522431,1269.1564558527764,19677.358257761127,0
192.1144064620162,0.7719298245614035,0.10542101756980263,-15470.081129819173,1253.2914168930538,19001.367382193337,0
187.86278965711375,0.7543859649122807,0.11155277500459213,-14237.240283357116,1247.1960293926556,20344.56323301057,0
185.86960157787317,0.7413793103448276,0.11231989521647136,-13643.592935974808,1234.4675668262423,21037.51890792414,0
184.53277034510475,0.7288135593220338,0.1140732257497588,-13770.566533410265,1220.6735467363062,20733.880637736795,0
181.9665308739387,0.711864406779661,0.11918925619611796,-11751.01775877953,1185.831460593753,22457.687990762624,0
180.70866396132934,0.7,0.12408438515675752,-10978.381813366103,1169.320684996535,23422.00777651484,0
178.33061374127217,0.6885245901639344,0.12525244075672012,-10425.942636029273,1156.7469184362453,24142.3746162436,0
176.7244368663534,0.6721311475409836,0.1293126289252963,-11069.05408607918,1137.6493776226523,23576.19080292255,0
174.60522787829694,0.6612903225806451,0.13414588236058378,-10552.095771735954,1128.4334199886348,24160.606750791398,0
172.38815442694303,0.6451612903225806,0.13646808449046527,-9256.44613866966,1113.8056111839676,24062.749049066802,0
168.39930555564715,0.6290322580645161,0.13994062519115974,-8501.513015123743,1102.9983297357778,25529.156959492037,0
166.41743788605123,0.6190476190476191,0.14054370028471985,-8260.840943692101,1092.9888625314782,25804.880300557677,0
165.20483913624406,0.6031746031746031,0.14548599489993158,-7129.969930588568,1071.8244814041934,26396.21859443525,0
164.1993839547901,0.59375,0.14912401210600273,-6384.207627886054,1062.3252384851244,27411.84329391918,0
162.4702321678509,0.578125,0.15570980919941033,-6761.790371684728,1029.1312761420131,27053.277317334036,0
161.61997589801118,0.5692307692307692,0.15657241793896015,-5964.659365981223,1020.5510229186542,28165.244110856183,0
160.7942199232604,0.5606060606060606,0.15660528647943894,-5198.793823808978,1012.8608643730386,29228.12396868479,0
159.94108652804755,0.5522388059701493,0.15880166659350017,-4670.615348726738,1002.4168455936518,29913.73016228711,0
156.06532352907277,0.5373134328358209,0.16106209407383285,-3760.592177165013,975.2930287625155,29669.716164796828,0
155.3296024829018,0.5294117647058824,0.16318739620258732,-3483.8826866179566,964.2528168076182,30012.388559993997,0
150.82806803082866,0.5074626865671642,0.1687888517012813,-1805.1636807506875,935.7968264757338,31622.133410912957,0
149.47452357268605,0.5,0.17314746578515475,-1114.4034359498278,927.0604034759683,32618.059335900263,0
148.67520496125135,0.5072463768115942,0.1742494812476188,-1123.8329163015712,918.8905218578702,32593.532766634264,0
146.34595782052705,0.4927536231884058,0.17783883379324433,197.71989267574972,889.536647618885,33562.24813900663,0
145.12038121353393,0.4857142857142857,0.17634059651749107,315.19807401096807,885.2911422113763,33742.27459978602,0
143.12822054543295,0.4714285714285714,0.18291971760201678,2433.926017193485,859.270081722705,34550.703202275574,0
141.61988849486335,0.4647887323943662,0.18267235184627642,2208.589598833184,854.3707472807031,34247.02288128112,0
140.91562780555407,0.4583333333333333,0.18427982843690396,3464.912857013743,847.1746848602543,36164.94248257729,0
136.61773845700085,0.43661971830985913,0.19005271540780921,4220.126689848032,829.6020821087263,36679.79847178517,0
136.1131434538642,0.4305555555555556,0.18984343566393486,4149.511459448461,825.8011265765513,36619.91884226942,0
132.90371271644415,0.4305555555555556,0.19814232115265504,5929.72271494117,820.4106478933618,38321.711621800256,0
131.69339660660867,0.4246575342465753,0.20213435357122658,5730.663210275069,812.5590080048672,38127.35352631498,0
130.55506316449274,0.4189189189189189,0.20041046246561378,5723.379737464335,805.0360537101363,38254.09199069044,0
129.71339486291882,0.40540540540540543,0.20637688515308536,6547.564091252046,781.4396827861898,38978.326877188345,0
129.13054149486177,0.4,0.2081193158292488,6592.963007999146,777.2255930294742,39113.162767729824,0
128.4296745207887,0.39473684210526316,0.21036481203879212,6934.108273613052,773.447785011334,39713.50816717262,0
125.32946029702026,0.3815789473684211,0.2142675114897585,9048.696689977856,752.3970225164757,40385.32090707245,0
124.94229449573676,0.37662337662337664,0.21723275713257514,9356.951961346498,749.5548250567438,40942.94321590317,0
121.92983800852274,0.36363636363636365,0.22132028012388358,10109.509195301356,724.5718819774424,42580.88618924928,0
121.28586827556167,0.3717948717948718,0.22246078266360936,10929.204463104765,721.3872777185426,43949.51691288916,0
121.0671124236697,0.3670886075949367,0.22715711734857863,10960.810939396944,719.7407066958034,44106.53437909637,0
120.00383001786462,0.35443037974683544,0.23309240739851025,11827.37612732139,712.725406670752,44438.30502667288,0
119.16546343865157,0.35,0.231129307033497,11559.706155141854,708.28150911282,44328.92784161006,0
116.05726778672529,0.3375,0.23508788228378846,14248.380625774822,694.5640018591923,46053.26749752874,0
113.71119151329871,0.325,0.24039430008653936,14686.668795844109,685.7143853439869,46661.117471723184,0
112.75639519541429,0.32098765432098764,0.24076725862385784,14097.08604726987,682.3617797253039,46038.18978479811,0
111.49716293231711,0.30864197530864196,0.24397699863222344,16732.44010807849,667.4619677506575,47634.88313172679,0
110.90943108740014,0.3048780487804878,0.24731851757790285,16440.434783992147,666.5306095686093,47420.72551006396,0
110.41065152668754,0.30120481927710846,0.25050197479613473,17213.194085892203,665.6791662884065,48838.40700969369,0
109.19247608781086,0.2891566265060241,0.2540176406687771,18103.97280538075,654.7035373779113,49558.18522925623,0
108.48323460238295,0.2857142857142857,0.25652187153179634,17561.04751379089,649.0600829009276,49104.24709422705,0
107.35640107212339,0.27380952380952384,0.2610578081236878,17921.512007355657,630.1208549238798,50000.0,0
105.53123041026014,0.2619047619047619,0.2709838831359607,19183.73746938967,619.4311841953798,50000.0,0
105.15158153896891,0.25882352941176473,0.27368120061639517,19045.61811809191,619.0918884738433,50000.0,0
104.44411760412919,0.2558139534883721,0.27677980388374307,27464.904955065937,613.5490493956434,62810.0,0
102.09559365855996,0.2441860465116279,0.28545461621178586,22355.94035201601,593.6938097301684,54689.0,0
101.35121812489271,0.2413793103448276,0.2911846514826124,22726.68349279079,588.6601753555842,55381.0,0
100.56014942868416,0.23863636363636365,0.29335468239249024,17758.84025034681,583.0494656360212,48255.0,0
98.73971321916292,0.22727272727272727,0.3000839540045074,23649.332052292237,572.8221432928939,54495.0,0
97.80769184405273,0.2247191011235955,0.3038104432208774,17926.44001178562,567.6675073510611,46382.0,0
97.01343900129147,0.2222222222222222,0.308416061252914,20130.512656112616,562.754427510031,49814.0,0
95.33011165933739,0.2111111111111111,0.3167795207245954,20910.438358560936,541.3516521063015,50159.0,0
94.66727231036992,0.2087912087912088,0.3166466404565799,28462.343284757128,536.0058446450158,61820.0,0
91.94109712609594,0.1978021978021978,0.32235906128627134,30485.6849419618,527.0791401954357,62896.0,0
91.17977299221387,0.20652173913043478,0.3256655232299442,21844.858570028046,522.593477894572,50360.0,0
87.88943745885462,0.1956521739130435,0.33919325161475045,21731.734798388974,513.3737890414549,49637.0,0
87.29789271770734,0.1935483870967742,0.3454299007590503,27137.48630688405,508.3180003724942,57685.0,0
86.52365591609338,0.19148936170212766,0.34404519594742544,25421.11185832024,503.4492335877949,55655.0,0
82.89742605715865,0.18085106382978725,0.3483015515757267,27618.668477943673,487.1282714298149,57750.0,0
82.21171593644398,0.17894736842105263,0.3493629907137902,21353.363385988447,483.3606219247074,48692.0,0
80.22541090276937,0.16842105263157894,0.35597336224174136,31848.657519497217,461.7636577071501,64210.0,0
79.6831475377295,0.16666666666666666,0.35716133400020583,26109.64319543671,457.9862731938011,55902.0,0
76.78751560688723,0.15625,0.3692319470143473,28684.240678943686,433.4284189314836,57841.0,0
76.25022040770443,0.15463917525773196,0.37249290119963285,33526.54360644429,429.82616801924365,65396.0,0
75.92363134715337,0.15306122448979592,0.3772030128749513,23086.94068466807,427.0578530041099,50078.0,0
72.80377816519184,0.14285714285714285,0.3843638713347479,29451.699804207936,405.9691435251081,56861.0,0
72.26303684760555,0.1414141414141414,0.38705202715003706,25718.681170078256,402.9662082509744,51828.0,0
71.78521217371676,0.14,0.38855473477988867,27029.06121524225,400.3426488791702,54167.0,0
69.13646806662328,0.13,0.3972224412375504,30138.274357512986,383.97137641482607,57993.0,0
67.93001934162527,0.12,0.40130177332983974,35320.822200557624,374.0498260846075,64528.0,0
65.01222071112906,0.11,0.4138493240108638,26120.099218265394,359.0364853040769,49574.0,0
64.46995661007496,0.10891089108910891,0.4131710430782888,30433.291985935615,356.99833211939756,56428.0,0
63.957558114137385,0.10784313725490197,0.41594273560358397,35289.6819583598,354.57626597283115,63956.0,0
62.75572543702129,0.09803921568627451,0.42037115801496605,24771.596410009835,344.3740426006703,48261.0,0
62.51441979951892,0.0970873786407767,0.42548948373172796,24547.378362690186,341.7372599518197,48098.0,0
60.92959135938979,0.08737864077669903,0.43715385352945796,24200.852549185343,326.1099534219997,45942.0,0
60.74825468431542,0.08653846153846154,0.43884448306216145,24587.70591766114,324.41935604525395,46764.0,0
60.4220094612324,0.08571428571428572,0.4422769619160796,26175.790153899456,321.8109993538637,49374.0,0
59.11450919652959,0.0761904761904762,0.44752038467914185,24451.639482358234,307.78365150743497,46441.0,0
58.861200570581595,0.07547169811320754,0.44723242002294267,34650.77295408811,305.33460853638826,61894.0,0
58.15665039317442,0.07547169811320754,0.45141247709327176,27372.62811490016,301.983894170219,50742.0,0
57.4312665082239,0.0660377358490566,0.45121211551906293,28542.21761776645,298.03510465299235,53950.0,0
57.10010456572606,0.0660377358490566,0.4528712811439923,30862.233780633804,297.0853137997113,58797.0,0
56.28801629191837,0.05660377358490566,0.45218419711186425,33974.14319979447,292.41007697034,62841.0,0
55.56617434280864,0.05714285714285714,0.4552193291512758,34744.65417962855,288.86623584881147,65301.0,0
54.74596909727458,0.047619047619047616,0.45732301474735587,20422.099495371447,285.87915019715047,45187.0,0
54.316354463790724,0.04716981132075472,0.45888875842688526,32184.906125990048,283.812391634091,63026.0,0
53.707977502341045,0.04716981132075472,0.4591100347282839,30430.390835540107,280.4512540233318,59755.0,0
53.141787750917075,0.04716981132075472,0.4634435993611718,23289.81540107101,277.28022085941757,49320.0,0
52.24405535601858,0.04716981132075472,0.46574790775073854,23056.4224180249,272.73664251218514,50498.0,0
52.28784952104879,0.04716981132075472,0.4671947761925033,25319.684193374567,270.95965981698964,54576.0,0
52.20850869295455,0.04672897196261682,0.4690571480657914,26107.190762879796,269.76307942556474,55954.0,0
52.02342987651553,0.04672897196261682,0.46942244912372966,28538.78300726734,264.9564876657003,59359.0,0
51.897237415535926,0.04672897196261682,0.4696848927046016,30620.419076581915,262.500880509261,63477.0,0
51.698212018067395,0.04672897196261682,0.47179077415726833,24515.615891042067,257.96328140355496,54828.0,0
51.57953221179567,0.04672897196261682,0.4733995984327745,18715.043851820705,253.507039510218,47610.0,0
50.94634580269975,0.04672897196261682,0.4800457263243386,30697.1030832714,249.46643187070615,64705.0,0
50.477356311365995,0.04672897196261682,0.4810988374198558,17700.653295591404,247.4806071352307,46653.0,0
49.987694303041785,0.04672897196261682,0.47742267626967877,20872.690854066866,244.47154248633268,52120.0,0
49.839367118218746,0.046296296296296294,0.48264741645607173,28225.695848250634,243.2460636676042,63265.0,0
48.96596289955732,0.056074766355140186,0.48849137683262017,16336.307259118865,238.17343083264183,46682.0,0
48.6487845623656,0.05555555555555555,0.48786786363156287,28669.1020854157,237.40749186362805,65229.0,0
48.27342346738299,0.05555555555555555,0.48574680006256254,23420.05422579977,235.40419028432953,58376.0,0
48.03467160120098,0.05504587155963303,0.4905818217390987,16740.986775988516,234.4564168365835,48525.0,0
47.32846526506261,0.05555555555555555,0.4862711217799388,14796.931006485327,232.0109692360757,45730.0,0
46.97415243263417,0.05555555555555555,0.4922165149990556,22721.709875773584,227.42126356321953,57997.0,0
46.83933656013605,0.05504587155963303,0.4939365340741464,19674.876178516737,226.3156667530099,53656.0,0
46.64512836342126,0.05504587155963303,0.49480147761704013,17991.32034248809,222.0633781752149,50981.0,0
46.32937011598958,0.05504587155963303,0.4965970052523868,14708.620091878525,217.41107327142504,47485.0,0
46.10829113250559,0.05454545454545454,0.5001832481199633,22885.378749282725,216.75662673593635,59815.0,0
45.597013945125695,0.05454545454545454,0.5021516904777975,13012.408200053165,212.6466141737557,45295.0,0
45.57403562383031,0.05454545454545454,0.5055224587553703,15393.652111853104,209.0297610082441,49385.0,0
45.08447980914763,0.05454545454545454,0.5073742156519807,19099.676190337264,207.0770145492051,55994.0,0
44.257905524559916,0.05454545454545454,0.5054369246612601,16983.087248950455,203.7847947910349,52495.0,0
43.57312879393117,0.06542056074766354,0.49865255065541025,24588.60313857774,209.25237916096077,66221.11770507456,1
45.111240655519936,0.07547169811320754,0.49140801742373563,22332.117771725792,218.33597109339843,65042.506760592645,1
46.05320799813156,0.07692307692307693,0.48538784375237004,20406.902852795345,232.195030555538,63793.80963573726,1
47.38785095772485,0.08653846153846154,0.480126626215269,19173.459527494702,242.27186660056196,62374.11788360651,1
49.771584038547964,0.09803921568627451,0.47523262322081977,16979.05641575973,245.95279345673683,61410.26588244236,1
51.04933660290354,0.10891089108910891,0.4630423084305058,17118.313110706233,256.16003275454625,62276.26197988188,1
51.49789729030554,0.1111111111111111,0.4547240808681675,14619.160774764989,267.2155917127777,59963.50522995302,1
53.11691844093078,0.12121212121212122,0.4555086665063022,13970.55817282452,285.88980250855457,59717.04954516304,1
53.47856431098966,0.1326530612244898,0.4486047272255898,12625.577380621684,297.5003928937979,58566.00402511482,1
54.48743659161547,0.14583333333333334,0.4377705656241572,10708.645903651814,310.164340000261,58623.70224809174,1
55.84498068398497,0.14893617021276595,0.42864948027404826,8757.42936404038,316.2950142320896,57532.971099093935,1
58.34580042610982,0.1595744680851064,0.4264413612026057,7816.968805070904,325.66369813800327,56037.55270000876,1
60.60502817986707,0.17391304347826086,0.4187176411720109,6888.649206606784,342.04928967656303,56271.326615884864,1
63.05372914058443,0.18478260869565216,0.41399978195534504,5620.647466715491,347.54027263034067,56041.96421966881,1
65.00689604828854,0.1956521739130435,0.4142033792366547,4157.533637818037,364.8421868109027,53649.78829522664,1
66.14691035144882,0.2111111111111111,0.40457662087723273,3334.1310341487188,369.8906272326194,54062.3188631483,1
66.9615968169438,0.2247191011235955,0.3966738146347106,2338.5934852259984,394.50758005957783,53465.37936183589,1
69.63545311854696,0.23595505617977527,0.39043156741908347,896.5233515552203,406.81790815967355,51337.19975075088,1
72.95615420191912,0.25287356321839083,0.37115343525668404,-3300.9593811495492,425.0009415837116,50438.97191403175,1
77.46782183357398,0.27058823529411763,0.3593399286955508,2341.3683841794304,450.28596776508965,49877.09929714769,1
80.23695743955845,0.2857142857142857,0.34569742715321367,38.03134411037283,466.7893180159565,50215.950848985,1
82.53217909696376,0.30120481927710846,0.3397800004309686,-8976.237864934448,485.1773241327241,49513.37987256594,1
86.49950152326888,0.3048780487804878,0.32878911173313763,-1240.5014110699428,509.35543891330633,47777.8765391122,1
90.5634315776434,0.325,0.3169617662753583,-6770.441241121295,537.7042446896685,47674.026433026294,1
97.4264329610202,0.35064935064935066,0.2997835694229967,-7625.346913188614,575.6858616303364,46449.257037815405,1
101.23330329635081,0.37333333333333335,0.28145154346258777,-7983.375171784339,604.8404778339401,44895.27827030359,1
104.43308260903964,0.3918918918918919,0.275440167085674,-5685.611441503496,639.8189042465392,45703.155909107365,1
108.71063371421835,0.410958904109589,0.264474633385821,-13448.571450233632,678.1685460966256,44566.27005668986,1
111.09318619716858,0.4246575342465753,0.26129653824616317,-4391.013327884577,690.5810958661734,43066.811821046984,1
115.70891547858385,0.4444444444444444,0.24938077332024455,-14494.924592602078,730.6321170624715,42330.276605933934,1
117.66920198676773,0.4583333333333333,0.24495072252824615,-5093.698348435935,759.2160410454902,40647.279496326526,1
124.99468184200192,0.5,0.21677502897864948,-4189.629736255247,809.1833899857413,40158.769187130754,1
129.3460240409043,0.5223880597014925,0.21194158201147334,-7182.829691643974,850.9630232625499,39996.50734236702,1
135.8170026567935,0.5538461538461539,0.19584275727424585,-16312.857387310734,886.764445325361,38596.6235999512,1
139.36947704473891,0.5692307692307692,0.19335516317524618,-18309.37634540313,909.8635795780001,38124.115117086105,1
143.72528755820943,0.59375,0.18492025013259847,-16480.349014567717,935.9312141244616,38514.0539599289,1
150.97614410308958,0.6290322580645161,0.17012511127776347,-9152.772284003233,974.6967668897507,36800.458196764695,1
160.7866229360701,0.6779661016949152,0.15328256797679485,-18622.450288745684,1058.750567093213,35706.10450295254,1
169.1098789185416,0.7192982456140351,0.1396034863120668,-19433.52139203676,1126.140595258904,35699.105574382724,1
176.94144194453247,0.7321428571428571,0.1308001495701673,-11638.81809731512,1167.7786399259955,34727.99519339637,1
191.13790097349153,0.7735849056603774,0.11484916119078233,-16803.496603769774,1255.736124917111,33422.661873259254,1
200.71424806874694,0.8235294117647058,0.1013419365292876,-17089.047072206835,1317.1488622001054,32433.05653422806,1
209.94062867429733,0.86,0.09211151058741049,-12179.650537049545,1383.687734476678,32855.290357724894,1
215.88418177899857,0.88,0.08749155683286848,-10681.437604884315,1429.4664604609798,31524.049283581342,1
226.41796870105293,0.9375,0.07306931379643006,-13076.74287748321,1514.4909856955137,29850.771958121448,1
230.6157794600931,0.9583333333333334,0.07061053221772895,-17223.7598730198,1560.5248712354726,30233.440271303218,1
238.3331149802611,1.0,0.06192246152034436,-25888.206405146346,1623.9663932828385,28243.22386648971,1
239.17092982267081,1.0,0.062386992863947874,-26002.399845397114,1626.5834067858038,27366.09982540839,1
241.51139167023157,1.0,0.06397545427847638,-26084.80988939873,1622.671715612834,26552.65027843741,1
240.2822856326562,1.0,0.062473684979867924,-25359.789921837993,1625.6545502403214,26075.02163249168,1
240.95756009639013,1.0,0.06215029598463623,-24923.984686199634,1616.9672424537887,25511.659932934537,1
242.6375776610663,1.0,0.060882912396125664,-24676.852976132108,1614.6323312468585,24821.528842931843,1
240.4117355305888,1.0,0.061590551655833325,-25642.16620066395,1604.9041476235361,24509.88194496098,1
241.5361830410802,1.0,0.062434423470110426,-24548.112412862407,1604.971603951509,23611.439252597527,1
243.70596792835616,1.0,0.062417077679240075,-25199.38821292505,1584.1714473186476,22125.327495313242,1
243.9245605420341,1.0,0.06256595497726856,-25415.460420094492,1564.9557253115174,20885.15811739224,1
247.5347357385817,1.0,0.06193562654904701,-25231.28236561141,1551.9601227041169,21024.237013452843,1
248.81437273024008,1.0,0.06150483246479067,-24807.666320743236,1547.2561977926991,20554.301990650558,1
250.86322284701097,1.0,0.06083534848025581,-24805.970172671456,1556.2091795714666,19068.774910151868,1
249.32685974116976,1.0,0.061605785145626764,-25308.516073779898,1581.915702085126,19081.16115153337,1
245.775052878654,1.0,0.061605257132964504,-25524.613056981045,1587.027571500036,18215.72694546029,1
244.0209329613327,1.0,0.060584793772445425,-25229.267337983318,1598.995473796678,17073.42606529506,1
245.45393951652568,1.0,0.06160939451988507,-26177.050152279993,1609.5522615804487,15231.017465680256,1
247.94664054997398,1.0,0.06257037234209582,-26064.984984342365,1635.7347854693605,14737.63277315107,1
250.6127230375515,1.0,0.06221616887253153,-25235.64041833836,1605.085080651818,13745.0561592126,1
248.01965175065024,1.0,0.06160938277936234,-24340.177984675487,1593.43138484851,14228.19925700195,1
248.82258098655015,1.0,0.06316759716762871,-25136.383832365154,1584.1861762114695,12872.642737935992,1
248.8039544948327,1.0,0.060819561839343374,-25374.469005627223,1589.998911671177,12219.892156803013,1
250.34879175313094,1.0,0.06204219698036442,-25448.84713844372,1607.1718343217453,11474.361219218854,1
251.82909668750304,1.0,0.06218510697686033,-25130.673315337575,1614.0874127367,10775.625707633983,1
248.03139174374402,0.9791666666666666,0.06316011058386474,-25172.317630466478,1591.4566795843632,10449.670032260374,0
244.90480077023955,0.9591836734693877,0.06495598244368689,-24392.931662734976,1566.4950713471187,11337.726389647745,0
241.9650408980237,0.9387755102040817,0.06571210699250356,-23965.43744153457,1542.4161045913897,11388.118393422197,0
238.205612322843,0.92,0.06870211862229539,-22883.789034808593,1520.2328072732298,12786.142982649088,0
235.59485362119796,0.9019607843137255,0.07406838834730128,-22453.598145085816,1500.0034818083961,12916.365775610584,0
231.4223716058446,0.8823529411764706,0.07932532935015763,-21220.611859803004,1471.9044747364153,13737.423335660773,0
228.72486200396455,0.8653846153846154,0.08331431348476365,-21289.211306122594,1449.4246430529859,13452.963459957833,0
225.6005583385157,0.8461538461538461,0.08723595298488784,-21247.773737854543,1426.9464877208786,14275.256664196375,0
222.90925621219472,0.8301886792452831,0.09032471273360365,-20508.08743339708,1406.6615050631283,15053.429438632846,0
221.2751262414688,0.8301886792452831,0.09184459162422194,-19354.346304934785,1375.3160973847762,15612.06453113867,0
217.4228671909155,0.8113207547169812,0.09553869645360603,-18130.550533948506,1334.2652694273695,16058.48903903609,0
215.3819433087862,0.7924528301886793,0.0958259068270594,-17060.151336862476,1326.839226426261,17234.777778209136,0
212.2671722773197,0.7777777777777778,0.10040853911106762,-16372.724887721293,1312.0783674507632,18083.74616680862,0
209.43927754373038,0.7636363636363637,0.10150235352227954,-16097.989699494203,1296.4028415613764,18275.52113501024,0
205.74954599793864,0.7454545454545455,0.10400346197023891,-14956.572523701272,1260.4607174425153,18215.468435992643,0
204.33210828456754,0.7454545454545455,0.10947726588509624,-13781.045222754468,1230.7853001797248,19880.94260007413,0
202.00987091338862,0.7321428571428571,0.1140192425790756,-14179.51948665941,1213.588976015811,19034.353311350067,0
199.88711063784265,0.7142857142857143,0.11636111960107431,-13243.395949840184,1202.9655458695393,20223.110123179456,0
197.05248292671882,0.6964285714285714,0.11816255578928077,-11549.740287964767,1169.2391987476208,21492.117532261032,0
194.90145758377233,0.6842105263157895,0.12252547723595937,-11727.425746004938,1154.881126417508,21077.099848863512,0
192.58011904423432,0.6666666666666666,0.12294790775931143,-10667.247395560667,1150.2702280659043,22175.809993415725,0
188.94975705726623,0.6666666666666666,0.12709387901214556,-10899.479223959177,1126.9803318576526,22341.226393821726,0
186.50126464469164,0.6724137931034483,0.12764416268012058,-9932.741674922434,1112.1637952380777,23625.07649939561,0
184.14036863520678,0.6724137931034483,0.1331250778634689,-8723.129875114942,1104.4032826583807,24038.125308149654,0
181.8206053881066,0.6610169491525424,0.1378693014000206,-8505.836555372412,1091.3530823597491,24254.1777388565,0
179.81951836698474,0.65,0.1403708223209726,-7325.461402996457,1082.1150460059418,25822.506830128736,0
177.51638003458228,0.6333333333333333,0.1449203235049058,-7373.8349347743315,1077.2810029359973,24833.23311104789,0
176.3566207522195,0.6229508196721312,0.14613458268025295,-5725.25594568738,1064.516788872893,27153.710887442823,0
173.71178761363575,0.6065573770491803,0.15231194231265144,-6550.48398285284,1031.5815920451707,26059.33826816139,0
171.99136146817162,0.5967741935483871,0.15641552385220645,-6227.008451666369,1018.518512517528,26410.477590656526,0
168.8807350657769,0.5967741935483871,0.15976489424714607,-4493.3360414298195,989.4081393523763,28140.295857971243,0
166.97392946926666,0.5873015873015873,0.16077274851298418,-3687.3758779633463,976.996040117862,29273.9739622493,0
162.72798705431518,0.5873015873015873,0.1620710976364817,-2774.8195130360295,956.1310553558296,29356.35552231267,0
160.96887814120035,0.578125,0.16219220039520968,-2869.79066336782,947.7164344517387,29156.907479619156,0
156.80011175166985,0.5625,0.1660243648433067,-1498.8162639120112,928.4133019285999,30243.805940757884,0
155.75274857601198,0.5538461538461539,0.16691966571386488,-1190.3088897893385,920.4539566633557,30679.394010851225,0
154.709733527958,0.5454545454545454,0.16879882323329948,-1156.0753509537349,911.7695317183566,30719.75187809978,0
152.7308416938941,0.5303030303030303,0.16904319726413625,-639.8069313698117,905.082944496489,31903.28897323778,0
152.0475520319868,0.5223880597014925,0.16942263770096017,-68.13183065950136,897.8185336997087,32753.27194925899,0
147.7270241720619,0.5074626865671642,0.17480307264661604,1595.664240473673,871.4383909144074,33901.43766982038,0
144.2978449681065,0.4925373134328358,0.17938623114171703,2470.5833919270935,843.4607932987245,33493.52324773915,0
142.7520184690657,0.4852941176470588,0.18294423716717773,3643.3993129873475,833.7214574092184,35265.039858349686,0
142.1472197331236,0.4782608695652174,0.18696351923930934,4025.808783867092,824.3891948734001,35867.49435509035,0
141.35873641105746,0.463768115942029,0.18967492092639973,3578.0060659838327,806.066649664828,35545.35962896821,0
138.92720768014453,0.4492753623188406,0.19290292537111597,6055.901632858019,777.2910277375556,37170.03375179115,0
137.93779096832318,0.44285714285714284,0.19679447491200217,6077.153728598491,772.9131832410053,37286.82599575811,0
136.65031661126847,0.42857142857142855,0.19695212491026906,6506.358673484986,754.0731733467336,37031.150889221026,0
134.16530887022765,0.4142857142857143,0.1981717224716001,8373.731752671056,735.8539626862456,38939.766765810215,0
133.54526807588744,0.4084507042253521,0.20060742440658066,7733.20301302214,730.8128739437103,38125.04123742872,0
130.2184466124278,0.39436619718309857,0.20704972446315012,8647.711625474132,718.4667048436422,38775.33387822074,0
129.15150365330373,0.3888888888888889,0.20782349529981142,9030.185703005636,713.4435939660042,39468.77520479341,0
127.86280659385875,0.3835616438356164,0.21120779340223514,9688.7695771268,707.0727394509727,40569.47326437547,0
125.49482808567129,0.3698630136986301,0.21390805961292253,10302.125882696595,694.0669275541626,40851.27971201167,0
123.48857161875523,0.3561643835616438,0.2199850852267521,11187.939700251338,679.2958312024307,41350.28759416152,0
122.90176780805612,0.35135135135135137,0.22033134485559486,11466.03285311336,677.7213219972208,41853.5810136717,0
121.92615886996461,0.36,0.22551164377947405,12336.254293400722,673.2917634950995,43245.63491738517,0
119.20320822644989,0.3466666666666667,0.23003766259616873,12548.085795628505,661.3554313158107,43113.35546373071,0
117.04885046625982,0.3333333333333333,0.23451645437410518,14316.843525494929,657.938100792212,44451.88214775933,0
116.64259834590618,0.32894736842105265,0.23307492843475974,13951.053770230877,653.2659397982786,44180.533276556744,0
116.46647756449238,0.3246753246753247,0.23250620803149555,14804.437256070958,648.7056995980495,45779.93496164739,0
112.74307883296947,0.3116883116883117,0.2378185417231491,16175.966834303448,636.3193217665657,46192.31005875955,0
111.94502163642427,0.3076923076923077,0.24002219996251248,16514.88023805937,631.497290227198,46834.80766847297,0
109.04309869947322,0.2948717948717949,0.2404399604794591,18016.226444237727,626.9059364853489,47776.72582197089,0
107.23694080983384,0.28205128205128205,0.2482500652941355,18785.89068748179,617.5422459243808,48515.42275790673,0
106.98845148558026,0.27848101265822783,0.24912043867998365,18792.558965853237,612.9218291462716,48720.58198615189,0
106.38782994900558,0.275,0.24930843377524142,18032.185889565462,611.1050563209571,48022.561897391526,0
103.59052342861051,0.2625,0.2552023063160351,19907.72836944584,602.8910590441974,50000.0,0
100.81251205608037,0.25,0.2596591750177797,20983.760735722386,583.7391427799741,50000.0,0
100.79475127975438,0.24691358024691357,0.26023073589843326,20673.466342464562,578.8917503231839,50000.0,0
97.45482061666267,0.2345679012345679,0.2621603372930691,20792.785664655694,560.1996077966114,50000.0,0
96.65422112209453,0.23170731707317074,0.26413510816994284,18340.901837913047,553.9200423153122,46549.0,0
93.9934523701618,0.21951219512195122,0.27315075860218563,32065.691575218432,526.2341717747262,65427.0,0
92.99630572541392,0.21686746987951808,0.2782343565141952,30326.044899335564,521.0176603024689,63159.0,0
92.18190723292999,0.21428571428571427,0.28234751809848646,24342.09859096804,516.2914374144391,54646.0,0
90.64419742831846,0.20238095238095238,0.2930033396912163,31276.803453326025,494.1989263742188,63208.0,0
89.82039560025248,0.2,0.29334069544419406,18815.163839024874,488.8677459278242,45121.0,0
87.75369641771168,0.18823529411764706,0.2967078730633728,33008.80632247354,468.80480599460486,64368.0,0
87.1024762069544,0.18604651162790697,0.29976256491815734,23338.98542176222,464.2210118175353,50114.0,0
83.62187260291314,0.1744186046511628,0.30773159598912864,27778.142351386537,440.6783250168197,55662.0,0
83.0122196176011,0.1724137931034483,0.308227273847458,24708.053273778463,437.4184319012562,51344.0,0
82.47794013580621,0.17045454545454544,0.3125776279515079,28460.97963203054,433.78435446112087,57332.0,0
79.59969768691286,0.1590909090909091,0.32150220221826453,22274.511046141404,406.73589873965796,46733.0,0
78.96828804443203,0.15730337078651685,0.3241352106241923,25192.35250260876,403.12301810737796,51363.0,0
76.04565206398586,0.14606741573033707,0.333316192133375,22180.89323680963,395.02106861197205,46609.0,0
75.67178966191696,0.14444444444444443,0.3368650710123609,27524.371399425774,391.8166340863619,54876.0,0
75.22784315265774,0.14285714285714285,0.337016943841862,29998.266714995356,388.40885790078227,58800.0,0
73.45461623865265,0.13186813186813187,0.34344971722739387,33737.48764387368,378.11103237838347,62569.0,0
72.87363544531578,0.13043478260869565,0.3470507734902052,23932.3698231153,375.2335238177584,48545.0,0
69.84527714608159,0.11956521739130435,0.3592550030174318,26083.313697558937,363.6892823337219,50226.0,0
69.36412183109478,0.11827956989247312,0.3612039019388385,32366.91550837427,360.7803815029452,59612.0,0
68.83876706419271,0.11702127659574468,0.3636290018504236,31891.310448296663,358.34315456071033,59343.0,0
68.37737065438525,0.11578947368421053,0.3667993787235033,28259.39377468281,355.0881290472175,54426.0,0
65.13335278893338,0.10526315789473684,0.37582162712294614,29170.60144462999,336.1222438700231,54758.0,0
64.70259557022656,0.11458333333333333,0.37740978385976204,25856.776301288286,333.28761615607584,49999.0,0
64.37853437198876,0.1134020618556701,0.3798269601039256,29828.060878292355,331.4893272233383,56196.0,0
61.94291423321691,0.10309278350515463,0.38692417324537265,33242.94246279306,311.5680357798568,60024.0,0
61.45339208500361,0.10204081632653061,0.39051684240881607,33120.487070771174,309.76186289774233,60050.0,0
58.963430356765436,0.10204081632653061,0.39090685220676874,35069.17343287804,293.99988024855867,62818.0,0
58.38308615471338,0.10204081632653061,0.39426909260964293,29623.077854235056,289.935734097618,55733.0,0
57.59138004619544,0.10204081632653061,0.39628837578607273,35049.27565190724,287.3868576530364,63795.0,0
57.28436981569262,0.10309278350515463,0.4005896822601844,28996.58771120856,283.3796269909589,55833.0,0
56.90284881501891,0.10204081632653061,0.4056526244123927,25829.063833901775,281.55308616155617,51387.0,0
56.21434365273083,0.11224489795918367,0.4031719361858297,29648.455544184504,277.20261762313476,57992.0,0
55.262201816358115,0.11224489795918367,0.3992422875167253,22274.316184035488,275.2573807548683,46806.0,0
54.71245740951034,0.11224489795918367,0.40265909659150007,24368.489350388732,273.149648075652,50605.0,0
54.392591161407324,0.11224489795918367,0.40466654184794343,27944.764039341648,272.71909924727595,56759.0,0
53.83613421816285,0.11224489795918367,0.4076453953981562,25991.676064002047,269.8620259099209,54128.0,0
53.55114032924832,0.1111111111111111,0.4073156478158969,28670.37607939464,267.8539330911642,58392.0,0
52.945452655469616,0.10101010101010101,0.4093163565610267,28779.01586316722,264.53306112419983,58974.0,0
52.53931895922577,0.10101010101010101,0.411759753665583,22157.275936162194,263.9841696518787,50311.0,0
52.03030346755687,0.10101010101010101,0.4185039016634682,24212.786204204345,259.7137645917025,54181.0,0
51.77448295938061,0.1,0.42223975428352767,21643.960977832387,257.57300563104275,50464.0,0
51.54987688007628,0.1,0.4199126369078627,25910.18539035526,252.85197011515191,56985.0,0
51.339133616914104,0.09900990099009901,0.42171750373499584,22151.892197181558,251.69247802346072,51492.0,0
50.951152316948324,0.09900990099009901,0.4264087904383938,29433.35487510347,248.80259694612334,61967.0,0
50.57163202015541,0.09900990099009901,0.42782852327617044,23396.784648202643,244.28250957604635,54582.0,0
49.95228908090064,0.0891089108910891,0.43010625478511116,19550.904542769083,240.46426123535863,48016.0,0
49.81765844531414,0.08823529411764706,0.43077768989312165,21990.501678402088,239.28766214274316,51914.0,0
49.22048974183711,0.08823529411764706,0.4319667434248263,20721.31845242859,237.5643335545225,51144.0,0
49.012326461093174,0.08737864077669903,0.4336668914409362,19580.282332411785,236.42772966282715,49576.0,0
48.682182519173175,0.08737864077669903,0.4326110201847053,26379.375488377074,235.24468242349306,60977.0,0
48.10724331105073,0.08737864077669903,0.43783408428394277,21913.476507075513,233.14593627446843,53788.0,0
47.7333228626068,0.08737864077669903,0.43778431506214943,27738.89229981023,230.71298525286693,63316.0,0
47.66360888600266,0.08653846153846154,0.44239011431518316,23356.439759842095,229.27653781505097,56995.0,0
46.85900786561258,0.08653846153846154,0.4444654476349355,24012.1688960064,224.87877334751389,58180.0,0
46.76126008924619,0.07692307692307693,0.447246062757743,21797.605486729175,223.15966617073792,56037.0,0
46.571158972904115,0.0673076923076923,0.44712575869951593,21756.800085919218,221.83515333607463,56488.0,0
46.50503473036952,0.06666666666666667,0.44997170903554806,14776.065590877315,220.76818096939033,46165.0,0
46.32613697883375,0.05714285714285714,0.4544827264841142,20932.647898320618,217.94392560136316,55538.0,0
45.99589974225086,0.05714285714285714,0.45934945173061864,15884.731917849685,215.93894555872436,49293.0,0
45.83134506311063,0.05660377358490566,0.4598976994218836,15252.3250977292,215.29322685805326,48657.0,0
45.568798347151805,0.05660377358490566,0.46057113535173116,27003.35630303158,211.16740223521577,65175.0,0
45.12194930472086,0.05660377358490566,0.4646031626663309,19548.928134582417,207.03542314208852,56196.0,0
44.52672457833783,0.05660377358490566,0.4656293533104176,20620.72774583973,205.70904231546632,56676.0,0
44.49681708630158,0.056074766355140186,0.4692555645201152,18013.27921990738,204.90387494542412,52987.0,0
43.94680802611379,0.056074766355140186,0.47100915004826954,23805.462534437927,202.51916990443155,61840.0,0
43.60126735516406,0.056074766355140186,0.46842837692796424,22336.80960918797,200.9582089174137,61571.0,0
43.36767334874753,0.04672897196261682,0.467550150312015,13326.757914673273,199.62959374798825,49248.0,0
43.057179861918264,0.04672897196261682,0.47668057386841384,12456.919688733842,198.77121207854503,47843.0,0
42.918719094087024,0.046296296296296294,0.4773837649819146,15211.570291369082,197.83123950224265,52052.0,0
44.31328284813316,0.046296296296296294,0.4780269642587422,24666.210857270522,215.80939464268684,65880.86291419339,1
44.67585141752976,0.05660377358490566,0.47029396960408626,23121.27296231803,230.55729926264064,65293.848122396914,1
45.048437949265164,0.0673076923076923,0.4686672989396862,20341.21187804941,232.7597760674973,64136.1344060713,1
45.764634849129095,0.07766990291262135,0.4584149509639327,18117.16840773957,243.60521736351484,62236.92459775553,1
46.32661028022012,0.08823529411764706,0.4483185356739795,17744.960687248426,250.27100111888748,62009.629408363835,1
47.77787465570933,0.09900990099009901,0.4422648351524882,16551.99505847415,265.095900141522,62075.10063954618,1
49.90633131020894,0.11,0.4390661214383258,14267.74104584617,278.9910413739389,60180.48642913606,1
50.171856128960314,0.12244897959183673,0.42998113623275,13999.389997174467,284.7603828488691,60266.399998999375,1
52.135172743107574,0.1326530612244898,0.42768381117344567,13029.37882174917,303.79805466000647,59977.61538442536,1
53.96563457702439,0.14432989690721648,0.4215033052071395,11909.643839057555,316.5080526632535,59070.79449844954,1
56.160340081137804,0.15625,0.4134300168627528,8948.94287844477,331.11973796559863,56644.09130487381,1
57.329532704874,0.15625,0.41048941971516045,8539.490453944092,339.7970741494309,55837.25375312146,1
58.34054157079872,0.16842105263157894,0.4081959981898755,7591.950948881544,343.7295975467475,55453.928412122776,1
60.84681558438397,0.17894736842105263,0.4089164826646959,6717.366563435977,360.1265331612259,55727.08483909457,1
62.98965802409868,0.19148936170212766,0.3973556670127292,5324.07873860818,367.646404547023,54793.03622156544,1
64.32196236648365,0.20212765957446807,0.39367693990017527,3346.004819281974,381.81084848255284,52789.652519970834,1
65.21018765313039,0.21739130434782608,0.39082080756124765,2705.308380082482,403.0073573935583,52030.524534563345,1
67.48029020040903,0.23076923076923078,0.3847001984907415,925.2928039662123,417.4351080266625,51368.78804141349,1
68.89718324083492,0.24444444444444444,0.3742006881669872,929.5311964955013,441.4901642247445,51381.16853895257,1
70.07251862081685,0.25555555555555554,0.371582458407831,2160.2990548677826,446.3253260884989,49778.113525412846,1
74.7816871367694,0.2727272727272727,0.35929815019570877,-2974.65430768298,478.95286589838,50223.519843630296,1
77.61684664813471,0.28735632183908044,0.3427154521068078,1981.8991130764143,494.4063882441111,48092.639007174104,1
82.14631002364598,0.3132530120481928,0.32592774263429236,-5951.705062189615,542.1585727686993,48465.280380984885,1
86.6562696155928,0.3375,0.30554282141229566,-5873.669290434376,567.4785525290965,46159.35072187344,1
89.07873028665655,0.35443037974683544,0.29617881146947994,-11271.011663130601,582.4729033052386,45821.864078625564,1
93.1431666828086,0.3670886075949367,0.2930607101464744,-2323.4311598483973,601.5871174134016,45091.87560120736,1
95.7419477949997,0.379746835443038,0.28521449508970537,-3748.9437428547476,616.9534878467848,44617.59178884594,1
99.0907003068842,0.4025974025974026,0.27150995050750476,-6564.907969714749,658.6699798123685,44618.50783970728,1
104.33517207422169,0.4189189189189189,0.2511205457786125,-11687.349544254843,702.9576982464356,42561.89415992147,1
112.15028849335373,0.43661971830985913,0.23240481669864205,-13943.66773382264,747.4078469310065,42951.92867497144,1
116.21708455024736,0.4507042253521127,0.22992849613034647,-9207.373697377488,780.1936486798973,42050.00041107046,1
122.28211036260673,0.47058823529411764,0.21164204958786864,-6086.5592000938,830.3317298456176,41549.90731066807,1
125.72617074087036,0.4852941176470588,0.20599598531267127,-11732.527410686855,864.8588446358175,39292.457433022915,1
133.05412533669718,0.5151515151515151,0.19184994171572942,-12957.110558193253,900.3783671856494,39643.07928539526,1
140.25622770216737,0.5555555555555556,0.16899375713219852,-12141.516345156575,953.9115927612161,38838.43834923252,1
146.3401037699653,0.5806451612903226,0.16542536884835066,-16943.37673112902,981.184324001597,36642.27752123367,1
150.1852597980838,0.5967741935483871,0.16295565470962134,-11760.243622609241,1006.2535611875223,37012.75519816291,1
157.15412018691148,0.6229508196721312,0.15302299356866994,-10274.88699335654,1042.9458545633956,36538.63275343696,1
164.7853306129317,0.6610169491525424,0.1414116477681547,-17107.105057385907,1088.963848612139,35508.626847131694,1
175.22457341176292,0.7142857142857143,0.1241446807472502,-15620.786237940376,1180.6821477558117,34855.65065272707,1
182.07598286764144,0.7454545454545455,0.116540383468021,-15580.832517524475,1237.2172008673472,33295.71164425015,1
196.62537690904384,0.8076923076923077,0.09753922045261096,-10389.331525059031,1320.7601200373867,33220.081063424164,1
202.13034834483153,0.8269230769230769,0.09111205310309439,-21927.083372743255,1348.4929555614087,32506.764525361446,1
214.57228114126752,0.88,0.07961837383943685,-14203.731579079731,1441.2222915536872,31721.998938301862,1
228.33842142293716,0.9375,0.06304297313576958,-12434.57631531234,1520.5879779375646,30609.638497581127,1
243.45980137020595,1.0,0.05187186428597994,-24515.656611431743,1633.0279564547425,29360.605858566996,1
242.8304290680441,1.0,0.051548583031832795,-25438.826808260634,1607.0145725038922,27796.332138199534,1
241.26000379569197,1.0,0.05158535752568128,-24808.457453139305,1601.2645344079306,28112.92014952686,1
242.10354929407032,1.0,0.05097904042646052,-24213.226779792432,1591.1574960228843,27921.05267716251,1
244.04016460876707,1.0,0.05013341841695457,-23884.860383064683,1585.9592487920306,26613.08867656246,1
244.7961381545363,1.0,0.051388129333373965,-25272.893466617163,1618.7053859640994,24977.332639344502,1
246.76372186716543,1.0,0.050819490906474536,-24809.059007581345,1603.1301178812014,24969.515293983393,1
245.69518703327464,1.0,0.052086000833352034,-24420.449207838596,1586.4450120496467,24236.676420383403,1
242.44085994472752,1.0,0.052112272487547906,-24527.71194991689,1589.0682443539665,24039.82911183839,1
241.38141539171315,1.0,0.05205989612483786,-25155.03957290902,1590.5868711056037,22604.311704217416,1
243.32377761264559,1.0,0.051317549055901315,-25670.429362159775,1568.0247406939907,21201.60120716422,1
243.96338711722805,1.0,0.05144205177994284,-23784.293719458485,1580.5367404773845,21261.27964042154,1
244.36997441633034,1.0,0.05086899031777726,-23427.57378244398,1563.162856088525,20872.506262515788,1
246.6891415004168,1.0,0.051485120504051345,-24818.818736630914,1571.7907535227364,18805.94435068594,1
248.20241128130186,1.0,0.05048349281987984,-25540.201895035552,1577.6024936876622,17520.61497388852,1
246.28449992814674,1.0,0.05098976999344539,-24835.57164243973,1570.5613782670193,17997.843295658044,1
246.8801825223988,1.0,0.05162687741924532,-23757.637311332066,1597.0668986087524,17639.291717550725,1
249.98361894579426,1.0,0.05155101903185509,-24713.94733978437,1580.3982910535617,15468.98772465772,1
249.45627468165765,1.0,0.05237719800323661,-24869.374169055063,1546.5110090835685,14656.24739285659,1
248.89779025024856,1.0,0.052484315291711096,-25599.40721251433,1541.5965182876212,13469.06636604753,1
250.23397987259685,1.0,0.05298053036942465,-24409.05221874926,1524.7325698316445,13315.095595423205,1
253.55440376735467,1.0,0.053167830600850306,-24878.11463241683,1546.813837536292,13108.369002554904,1
251.02745993313266,1.0,0.05356224134827358,-23896.937047606127,1542.5781767899289,12775.193562940956,1
250.68600477287004,1.0,0.05390675868778651,-25683.14625396061,1554.3405390212329,10796.306678004454,1
251.58764513931337,1.0,0.054699436933003005,-25944.827596385305,1546.0657568784961,9567.559658002006,1
249.53375579062734,0.9791666666666666,0.058601236376859295,-24472.863150564546,1507.3180065908484,10271.029967306626,0
246.12235850442505,0.9591836734693877,0.06306354774037441,-23656.64961709487,1484.5170280253406,11272.81970323714,0
242.6520907303194,0.94,0.06366318392413776,-23079.672448991503,1460.5156068076533,11617.704272642797,0
239.52206198949534,0.92,0.06901710620518613,-22599.81162941449,1453.1665782218008,12183.342026363134,0
237.26069994385895,0.9,0.0709353632292735,-22259.63894758011,1446.761726340234,11833.91417236176,0
232.4822806343014,0.88,0.07193508658630961,-21243.223945746686,1425.9768358917174,12969.70017080689,0
229.23281600028125,0.86,0.07288491099193775,-21486.504965311255,1407.5854044234388,13067.783881742353,0
226.1778855666516,0.8431372549019608,0.07633285250898764,-20903.41630041041,1391.0817466554035,13673.954291570752,0
223.01482001538932,0.8269230769230769,0.07928468166433601,-20551.918737010685,1372.612858876534,13862.957043244798,0
222.01896761111564,0.8076923076923077,0.08172837356818091,-17968.672181595153,1338.8463394855826,16080.385567030658,0
219.67463216142525,0.7924528301886793,0.08558096253076408,-17915.16636265883,1321.1936706324525,15823.840491185092,0
217.84433788016952,0.7735849056603774,0.09107077075861422,-17584.282393966954,1295.6782734150947,17298.054478776197,0
215.00339005229645,0.7592592592592593,0.09276520968564812,-17523.222664919605,1281.6371090000268,17062.23561329783,0
212.8363943762185,0.7454545454545455,0.09314736358641408,-17427.18278404896,1267.2947406890391,16952.043719698817,0
207.9460472860678,0.7272727272727273,0.09475684625294356,-16148.256749810982,1243.8896228420006,17847.940915977077,0
204.28988529330155,0.7090909090909091,0.0966868411623005,-14988.914375770151,1206.3596069973398,19557.386679707965,0
202.2048309106792,0.6964285714285714,0.09687918413292944,-15392.655837911541,1194.6632344546863,18676.81280374863,0
199.66762760388332,0.6785714285714286,0.10067238226619307,-12879.755105844535,1179.5808599550146,20204.208813745736,0
197.48441454565787,0.6666666666666666,0.1027114578480826,-12503.873122834702,1161.5859107043893,20581.835232239126,0
194.1732900320397,0.6491228070175439,0.10614510047433645,-12264.455107926116,1124.7866474523503,21418.51718485179,0
190.55983876810708,0.631578947368421,0.11412925141858314,-11843.731638069308,1117.1482375962794,21606.85287404806,0
188.5955502487144,0.6206896551724138,0.11877841603212126,-11161.3023314432,1101.35230298964,22462.546626789826,0
186.35089941252565,0.6101694915254238,0.1205994307890024,-11138.283945118803,1087.1013456976236,22350.005998061733,0
184.67872562622833,0.6,0.12504233537512097,-10082.562781265116,1077.0421187519655,23740.67926227534,0
183.15675677055873,0.5833333333333334,0.1271154578578035,-8430.515418204015,1067.50883566842,24033.192691425524,0
179.78535682269018,0.5666666666666667,0.13069469348755797,-7453.373760765139,1057.9403302039875,25865.203320679975,0
177.1909623883461,0.55,0.13414824093539968,-7052.740976518949,1035.4245311921075,26078.883799769348,0
175.67577445278098,0.5409836065573771,0.13836716002979707,-7428.846904404635,1024.5592347664115,25420.636137528763,0
172.23542272052225,0.5245901639344263,0.14035512083845914,-6410.706724276675,1010.2478191117748,26014.8239212314,0
170.35097269257597,0.5161290322580645,0.14440580474987266,-4891.18023396973,999.655510831369,28224.177391235473,0
168.3520226927936,0.5,0.15047296289717363,-4286.736921816845,986.7619014624424,28597.542518491362,0
166.5428564785042,0.49206349206349204,0.15084325930856735,-4245.756676123487,974.3160084437118,28572.606964760562,0
164.04806049132824,0.47619047619047616,0.15494794596859687,-2408.379180721028,947.7758907022101,29725.636585794306,0
161.23008821291282,0.4603174603174603,0.16157121149817902,-2462.5393996571042,918.181748777266,29619.743467693777,0
160.26473251139936,0.453125,0.1662977620152383,-1244.3454368989158,912.6442531187361,31388.99051317067,0
158.5073668747923,0.4461538461538462,0.1700534844265069,-1899.0581874041975,903.3454763490302,30392.669736092383,0
154.7552373892834,0.4307692307692308,0.1711790379621077,-351.69369821672086,891.0110218062222,31985.35586124692,0
153.58997494403428,0.42424242424242425,0.1743932552039777,-55.246570933430746,886.4676568233269,32424.200653919783,0
149.55632435901876,0.4090909090909091,0.18284182951415634,1402.4775902827532,868.7048198938854,33786.32956724251,0
148.64884204830574,0.40298507462686567,0.1832610129744355,1364.9853580455103,863.7993788854095,33759.797747863624,0
144.78158079558338,0.3880597014925373,0.18974973714280743,2582.529872164378,833.2001042568768,34398.82412427012,0
144.2570070835842,0.38235294117647056,0.19347311619677549,3144.1604937692928,829.1980951487899,35285.41916959564,0
142.93022645536664,0.391304347826087,0.19410218658090278,3011.9630068601987,824.3301937458244,35123.09413380722,0
139.35263517949912,0.37681159420289856,0.19569441923584904,4616.931986832517,815.0602861869116,36236.609778109865,0
135.97148537393613,0.36231884057971014,0.2014971760096136,5362.836043971104,786.1931384640027,35755.903733275656,0
134.64087186955672,0.37142857142857144,0.20614138254109687,6354.2581762504315,779.7178652609862,37291.34391322029,0
133.51749436959244,0.35714285714285715,0.21275845606112703,6881.155193635835,769.1376159219543,38328.256102966276,0
132.67510249169715,0.352112676056338,0.21308111282750875,7153.884785333045,763.7295955095059,38809.17769804941,0
130.9284579845987,0.3380281690140845,0.2192970865098189,7336.563281637028,747.3595350198293,38692.19401674477,0
129.96173303419394,0.3333333333333333,0.22230638579161738,7447.805239851955,743.9360528152289,38920.840155522565,0
127.95299891432907,0.3194444444444444,0.2261409322725307,9252.163473635399,721.7751789958515,40152.76033415087,0
126.69853637366637,0.3150684931506849,0.22419825974322918,9913.893204107046,716.9783338192229,41328.21505028338,0
125.88993886597699,0.3108108108108108,0.2289015934347837,10422.725388813353,711.4385735754911,42183.77615180748,0
124.36615268829317,0.2972972972972973,0.23256988091807776,10653.626831314697,699.8252727567991,40865.47737926799,0
123.16795516570951,0.28378378378378377,0.2360883892032057,11611.096925059319,673.0299223758971,42228.16213677565,0
119.13544251419748,0.2702702702702703,0.23676404411585633,12800.414685292057,666.8096530909588,43351.549343897415,0
117.31672497089642,0.25675675675675674,0.2446347248571681,13590.852565977693,656.624381814865,43913.657365618325,0
117.04233520167355,0.25333333333333335,0.24419472283360985,14224.5718219528,652.4942142472821,45178.86174939752,0
116.35248337553773,0.25,0.24835552755442897,14024.295995703358,647.2268769815763,45013.18119637615,0
115.54983331311932,0.23684210526315788,0.25046866487992053,15382.206977198563,627.985654701316,45523.41253859444,0
115.02679290150733,0.23376623376623376,0.25076998896227987,15998.327211504758,625.6109868432426,46574.05196213444,0
112.99481955512164,0.23376623376623376,0.2586860391843765,16541.14266002626,606.7417247806143,45607.84933530602,0
112.79846794574733,0.23076923076923078,0.2557565352816491,16847.68580660147,602.7857414797315,46465.56739841803,0
110.0026052026022,0.21794871794871795,0.2657749008950466,18291.837851165794,598.055970555267,48160.11601274684,0
109.83603468330408,0.21518987341772153,0.26994151395205235,18492.144096536977,597.9103873345816,48651.475576419245,0
107.81689901316716,0.20253164556962025,0.27162021632211014,19024.351004655422,575.3967423733378,49056.70752680948,0
107.57430711096863,0.2125,0.27192238418593795,18884.560322001395,570.7047409945187,49132.9835517142,0
103.97672005358577,0.2,0.27923851872464706,20970.758201230394,557.3390602783368,50000.0,0
101.20686866598052,0.1875,0.2826675936421597,22114.051470055223,540.6370852101237,50000.0,0
100.88238431033056,0.18518518518518517,0.28216662204212795,21921.939545954487,535.9649965807869,50000.0,0
99.81974981402531,0.18292682926829268,0.28425158937217004,31660.673899275916,531.1887734325237,64590.0,0
99.03316743468612,0.18072289156626506,0.2863437061010712,19169.748866234022,525.6166792548653,46275.0,0
96.60397688734531,0.1686746987951807,0.29167232896590944,25156.59455744655,510.36560755072895,55308.0,0
94.02300899942615,0.1566265060240964,0.29553324310255225,32166.17255892906,492.90320092968045,65303.0,0
93.17742728457661,0.15476190476190477,0.29735672244417327,21119.6636641396,488.7338719871719,49318.0,0
89.88840870231631,0.14285714285714285,0.30408934418380146,29778.763992204655,463.05368582557526,59444.0,0
89.03286016403237,0.1411764705882353,0.30446178127925816,28134.387867754875,459.2901299889005,57370.0,0
88.18416254787026,0.13953488372093023,0.30753990523171865,21036.07776340636,454.82246392814847,46945.0,0
84.61557665802069,0.12790697674418605,0.3170198621648312,21649.67203365172,446.11052103714997,46622.0,0
83.86590367930066,0.12643678160919541,0.32043560182110153,30542.295416898847,442.2230329285862,59956.0,0
83.38469243686528,0.125,0.32309562446183937,22843.68796819441,438.0212946030379,48779.0,0
81.76043113217878,0.11363636363636363,0.3330488420765641,32303.980700284592,429.0996442571337,60728.0,0
80.97341806233625,0.11235955056179775,0.3368860240062549,30771.215987865908,425.46035451857796,58860.0,0
80.18996227768814,0.1111111111111111,0.3385131447978838,30486.42661128557,421.3739532810616,58669.0,0
79.47274199129366,0.10989010989010989,0.34321042469593627,34285.26583881823,417.38711243619997,64515.0,0
79.05326448453503,0.11956521739130435,0.3467719939122654,27115.40161953717,413.3797581600484,54056.0,0
76.39973758510865,0.10869565217391304,0.35445359337082843,25086.231208975776,397.96238457877405,50402.0,0
76.05709132112624,0.10752688172043011,0.35729029864803274,27627.80675183229,394.31876509810803,54343.0,0
75.52222536917509,0.10638297872340426,0.3602315547508324,21845.608740445605,391.3254542285996,46028.0,0
72.57375662773777,0.09574468085106383,0.36720018834703155,24322.776538569917,377.20784811336233,49105.0,0
72.03842172438972,0.09473684210526316,0.36786758435269307,34179.99588771804,373.8178619961654,64321.0,0
68.64491779942456,0.08421052631578947,0.37586976116146287,25697.255645234054,355.91351519586306,50974.0,0
66.51624719393,0.07368421052631578,0.3824243759431508,37064.585923375475,335.37811882516274,65170.0,0
66.10900844689694,0.07291666666666667,0.38447777108569864,29390.14281333764,333.51212478350885,54321.0,0
65.86283506687363,0.07216494845360824,0.3847868753079642,28635.489814205554,331.1679774416013,53470.0,0
65.30111113125854,0.07142857142857142,0.38825052783192415,31614.522963903404,329.369566663215,58123.0,0
63.35098822617848,0.061224489795918366,0.39684396988326615,30141.377723836045,313.7803629569698,53992.0,0
62.81074595983723,0.06060606060606061,0.39602744712816734,29891.153339131626,312.0453110146374,53993.0,0
62.41136114744858,0.06,0.3986697117810836,30650.041407587178,309.4327110311722,55335.0,0
59.481046117304494,0.050505050505050504,0.39989299984509347,26335.40319145484,296.8324904029695,50610.0,0
58.73685314797224,0.050505050505050504,0.3997353757689845,28927.886022623057,294.39522275020937,54644.0,0
58.386538944774394,0.05,0.4021269172182151,34393.61533563007,292.4445602866743,63120.0,0
57.99742210463216,0.05,0.4076933012360452,32815.91584217231,290.730041152706,60998.0,0
57.50860292396006,0.04950495049504951,0.4096483933971052,24858.760976410285,288.6068312940679,49453.0,0
57.222320727923226,0.04950495049504951,0.4142342954885297,31287.40544716472,284.6186295016901,58272.0,0
56.84298166700053,0.04950495049504951,0.4146199241324784,22443.867768412507,280.6228462225244,46279.0,0
55.98204268365818,0.04950495049504951,0.4167707004974105,34815.7690537981,276.1104361181046,64977.0,0
55.62617229411107,0.04950495049504951,0.4205117249640927,26673.633412512812,272.6622837826989,53587.0,0
55.118030214263854,0.04950495049504951,0.4251840595872494,33911.36030074528,267.5398706817232,64425.0,0
54.840918830018985,0.058823529411764705,0.42817783774621665,25185.38927288837,265.60483036151254,51583.0,0
54.65939504705537,0.058823529411764705,0.4335385746759283,26386.69793913323,262.57133571856326,55370.0,0
53.73031672823769,0.058823529411764705,0.43525219196404386,26496.17162067458,258.00259386302486,55276.0,0
53.480043666909545,0.05825242718446602,0.43883626643500684,29238.551157305203,256.7990797108766,59524.0,0
52.63475265676839,0.05825242718446602,0.43992437013799235,30534.992542577464,253.35286418886093,62833.0,0
51.78476188439763,0.06796116504854369,0.4401258649308771,27544.694609556027,251.57500883415074,58022.0,0
51.479031991872574,0.0673076923076923,0.4426340132348204,18997.446489205126,250.0892824532695,45486.0,0
51.12853640427004,0.0673076923076923,0.4455349854395634,26783.28475657944,246.38243171231352,56927.0,0
50.541660843019216,0.0673076923076923,0.45085567678408045,20217.616514206897,243.0682545703174,47743.0,0
50.40250707865024,0.06666666666666667,0.45437124548849306,25854.083802210633,241.3080625253963,56398.0,0
50.11271465405483,0.0660377358490566,0.4541354490099384,23055.270761731117,239.54536279688196,52425.0,0
49.13512548505625,0.06666666666666667,0.4627524260362479,26559.512273682893,237.6351082718854,58050.0,0
49.043705868686864,0.0660377358490566,0.4645530610732062,17638.118055809668,235.82470233191503,45022.0,0
48.559651679820604,0.0660377358490566,0.4695007506710897,16934.614845619715,231.11604900878493,45372.0,0
48.480529820459424,0.06542056074766354,0.47140748786749265,23861.531300375467,230.13265331928727,55788.0,0
48.53884591855249,0.06542056074766354,0.46988163031717567,23682.33367597921,225.73976474723528,56003.0,0
48.083521774562364,0.06542056074766354,0.47289594636952903,15930.12530855937,225.5713140879383,45138.0,0
47.68223776480331,0.06542056074766354,0.4728625784094114,20953.924214752766,223.08793647426847,52862.0,0
47.33671677741694,0.06481481481481481,0.47446544193744505,26213.886928145068,222.27237220551868,60909.0,0
46.89909251155255,0.06481481481481481,0.47139699613818736,24081.62270580476,218.64034002659204,58500.0,0
46.593942397840365,0.06481481481481481,0.4733281295159365,25089.199954576226,217.86594860996954,59737.0,0
46.35844791595005,0.06481481481481481,0.4737571976690726,23583.708359441534,216.7030576902649,58811.0,0
46.146895221938955,0.06422018348623854,0.47691773740523924,15066.55991916556,215.58340959939076,46248.0,0
45.439836678159836,0.06422018348623854,0.48030450067056824,16541.182093316333,212.07846659749418,48608.0,0
44.81944462727212,0.06422018348623854,0.48015978732018233,17939.638214806615,208.081804437593,52578.0,0
44.7569456849757,0.06363636363636363,0.48583052542234206,22899.720258679812,207.17985468464232,60088.0,0
44.06565314873867,0.06363636363636363,0.4901522187024703,20431.839581593642,204.97040424602122,56427.0,0
43.87275624555348,0.06306306306306306,0.4900926563055902,16117.56808177127,203.66522980838377,50172.0,0
42.76997496642592,0.06363636363636363,0.49216695206573036,22316.221472512014,199.53689746621563,59102.0,0
42.48510933274072,0.06306306306306306,0.49399757421364776,16019.04204654228,198.26947846607516,49885.0,0
42.19816779397833,0.0625,0.49429898275384154,19052.769445095633,197.58321533857094,54577.0,0
42.98362298878043,0.07272727272727272,0.4847602099472144,25045.60396382888,206.88119056855933,65943.21932640143,1
44.98245078246858,0.08256880733944955,0.4776942861874823,23887.87746979505,219.83922921179902,65278.06523471695,1
46.076063407546556,0.09345794392523364,0.4611674730298404,20921.632068173967,225.49387630677901,63264.766752030184,1
46.89273380535942,0.10377358490566038,0.4543693081809891,19667.649831508726,236.5415000246702,63274.21426802872,1
48.58732614113434,0.11428571428571428,0.4533475408330246,19287.53087191747,242.41393673351874,62893.89647711739,1
50.46559133999021,0.125,0.43800628163356814,18192.07139327319,253.63582608086062,62292.189300887316,1
52.80141791431055,0.1262135922330097,0.43808462917758734,16459.479694532685,260.609459277006,60164.729572116456,1
53.7808552451251,0.13592233009708737,0.43028629343170827,14660.582423377073,272.6980940159646,59225.06432281946,1
56.18743531606791,0.14,0.41432885142188325,13710.544511811242,291.52439016472175,59463.980436675,1
58.5883669111642,0.15151515151515152,0.41156391356859884,11850.025095020912,301.5265727676299,58939.42611753358,1
60.06401893476435,0.16326530612244897,0.4066079642874785,11685.19289492141,308.80195531575936,58213.94171056596,1
62.45212682902077,0.17525773195876287,0.4002380572664438,9549.733475736526,329.03302451985326,57477.70277765553,1
64.29029807808618,0.1836734693877551,0.3974295126113871,8300.484045533874,335.9560207629528,55777.70853664001,1
66.15421798940977,0.1958762886597938,0.39575802230648505,6585.940734302866,355.7791481257092,54914.973022119426,1
68.84366426830447,0.20408163265306123,0.3929245627797039,6385.629824585934,367.16475608977515,54724.107119548586,1
71.08278194898112,0.21649484536082475,0.3851951353642499,5585.766048415078,386.47303510559755,53862.14429709192,1
73.54128023269773,0.22105263157894736,0.3798358251105375,4749.9665135937275,407.64413314394216,53499.55679051574,1
74.45100881530419,0.23157894736842105,0.3760163123245775,2743.0139274669136,424.6280697109271,52272.2407482362,1
75.28667565825397,0.24731182795698925,0.36521188221235856,1254.1136865261994,439.4775330321254,50996.20894645629,1
77.93267881264703,0.25,0.3574324587130721,404.39600127807364,457.11791787635957,50600.868383078705,1
79.8366576870883,0.2608695652173913,0.35642768833341193,-127.46235299461512,479.92647597578014,49809.78258051981,1
82.35739768368995,0.27472527472527475,0.35135611167986985,1355.6611269064329,500.73711930935735,48302.06300316046,1
87.17469810283545,0.29213483146067415,0.34228354769061625,-1017.8370788009735,533.5093639316482,47799.36047349496,1
88.93899430380961,0.30337078651685395,0.3375396717452439,-8824.063514092932,543.9100860683452,46244.0205160871,1
92.86095233658077,0.32558139534883723,0.3222094216884613,-9226.458905143874,572.7186724028209,46177.537015034795,1
98.00556124390853,0.34523809523809523,0.3082049242137353,-9404.53909478404,607.2229282727345,44826.039862901336,1
102.74541435506096,0.3614457831325301,0.29847766537415193,-12643.341139204838,632.3601035061449,45598.638004288085,1
106.81576762288691,0.375,0.2797675033069418,-919.2973658779023,674.5991270189136,44657.37148624339,1
110.14208967662928,0.3924050632911392,0.26922238053833947,-13826.200854993274,706.6175002450924,43634.36799391752,1
116.36260836173949,0.4155844155844156,0.25685519914829297,-7838.60040384798,741.4432631160923,42667.921156614495,1
121.24686090106283,0.4342105263157895,0.24871417734638462,-10937.267236776606,780.4537574823137,41780.39122270889,1
128.60950966028628,0.4657534246575342,0.23649705008811267,-7318.149494708266,825.8125903072045,39751.896763031866,1
132.70408288637663,0.4794520547945205,0.23096658935482398,-9439.301592086103,839.2453165383394,40605.76897822175,1
137.72022733340503,0.5,0.22232471995390055,-14604.5004842275,880.3422687419788,39145.84287555358,1
143.30116809483647,0.5211267605633803,0.21278349507383776,-12827.030771567846,922.0229102531879,39035.74849510755,1
148.65449484026144,0.5428571428571428,0.20574440004245392,-18583.11522277639,959.4781878873144,37341.5523411125,1
157.02175654774862,0.5735294117647058,0.1847335350293389,-10075.005422100976,998.2113873052799,36525.264561880365,1
160.8938484610685,0.582089552238806,0.1742722279606843,-12655.122599858647,1030.8623782423695,36423.47055608824,1
172.72454101158115,0.609375,0.15839626869005177,-6400.951421500512,1104.9947838456626,35943.18510303677,1
176.66508419095243,0.625,0.15352925933499642,-14629.378691370257,1133.8765758494415,34989.591492784624,1
181.646599967715,0.6507936507936508,0.1473501145300224,-15766.69665498325,1186.4574840352834,32759.208566897945,1
187.2479884337738,0.6774193548387096,0.13945195501853852,-16667.752031789183,1237.0199132829441,33148.046285192344,1
190.43385577337023,0.6935483870967742,0.13302680530950173,-8346.639345931862,1259.2680087448603,32507.324529076137,1
200.88581572713915,0.7457627118644068,0.1172489240875054,-9644.784955973793,1359.962612629344,30707.130569303856,1
210.01702838069016,0.7894736842105263,0.10537747871464162,-18647.645896703973,1416.575566927644,30531.755033129586,1
223.89748178815316,0.8518518518518519,0.0911287864880596,-12852.4490911297,1509.0296600208064,29359.392402364345,1
230.1107602676108,0.8703703703703703,0.08551694956491214,-16479.951834370906,1544.2312446789856,27912.69088974317,1
248.31324621071303,0.9411764705882353,0.06566358347008053,-20380.61749529822,1657.790700840562,28736.971693122403,1
260.9199863963499,1.0,0.05368958257490842,-26195.31091999938,1752.3771754592262,27195.910961316433,1
260.8044864985634,1.0,0.05494173790788718,-26403.13607265868,1741.3896392253343,26006.204496072158,1
260.2876134318815,1.0,0.05695664523546003,-26260.30469621221,1723.8980528963252,24856.809026119132,1
258.9601129294586,1.0,0.05642013833483478,-25646.57558911301,1727.7662936070774,24830.453699808677,1
259.8080142330162,1.0,0.05699067097614967,-26303.612607287087,1723.0757405397906,23766.175672977726,1
261.3525700074676,1.0,0.057320950025992065,-27068.60846299111,1715.9300241783114,22590.96226838573,1
258.7241254657761,1.0,0.05706209441687842,-26227.996643099952,1722.7383287971227,21485.140327013378,1
255.0130889068242,1.0,0.05695285062716257,-25676.496954322185,1719.6469384446805,21087.79452083846,1
256.11087781238047,1.0,0.05687953833365108,-26462.312749553435,1724.9303226576603,20927.692100202647,1
252.66000980611022,1.0,0.05671799279658704,-25998.13217259948,1720.1916781567024,20659.580394065462,1
254.3274469418606,1.0,0.057484611988448515,-26221.810297157175,1725.009024110015,19644.534004628265,1
251.60571777391797,1.0,0.05816465413809795,-26274.058388834274,1710.801260719483,19228.81631454474,1
252.5806691468657,1.0,0.05834640743312888,-26644.33787256129,1723.138490839248,18011.515267526738,1
252.04417906747827,1.0,0.056997195880365024,-25260.456650235978,1733.5368511536672,17506.384897740572,1
250.77170908669117,1.0,0.05786912760625054,-26479.893019598563,1723.269430174705,15057.20594036059,1
248.7192569252992,1.0,0.057253984268509105,-25970.27988605156,1706.6110769331938,15208.646998465798,1
250.67536301793493,1.0,0.05860004114763569,-26260.431972523787,1713.5580964962523,14343.756571016826,1
248.27434211948955,1.0,0.05995415569178741,-26095.719590701563,1699.2617329536947,13380.779264645236,1
250.60065629662085,1.0,0.060373744122663796,-25393.61050290104,1694.240328419677,13474.7128282055,1
251.421061862925,1.0,0.059990124611378606,-25622.958346520372,1688.0106065755604,12737.569611542127,1
249.30850321826696,1.0,0.058841843748086334,-25693.86820032172,1702.5138049264865,11582.83633867778,1
250.8873350492153,1.0,0.05826506382117494,-25484.686998681438,1684.0542058354074,10652.511993815873,1
247.67034607334682,0.9795918367346939,0.060970528483149676,-25106.17245112365,1658.5709037011723,10617.67607538146,0
243.88054483910346,0.96,0.06464594144883967,-25172.096766985935,1636.056537720091,10315.696861065244,0
238.2391648356997,0.94,0.06762880375145901,-23809.610246931716,1601.4055371840702,10663.109476477086,0
236.72971145938988,0.92,0.07122457120798531,-23047.887229909928,1585.6361973111939,12218.224429036498,0
233.7200955756734,0.9019607843137255,0.07433010458591696,-23066.604841526358,1564.54684032322,11659.294318807222,0
232.02408877803074,0.8823529411764706,0.08097690980458876,-21390.877784042048,1546.216949237048,13325.462721256723,0
228.49087244964568,0.8653846153846154,0.08312623344922841,-21147.682045683625,1519.5973252227059,13473.237899344529,0
224.1076266470051,0.8461538461538461,0.08615832778187471,-21577.31789051843,1487.9952565175954,13460.432429261095,0
219.29988758969372,0.8269230769230769,0.08781702337683168,-20106.812166515352,1461.543073218691,15040.60394673619,0
215.89662211767546,0.8113207547169812,0.09021828326096877,-19677.497368756554,1437.3992715872025,15207.305394501906,0
214.46678795684966,0.7924528301886793,0.09158733679523293,-18141.075991613005,1409.0764685541537,16935.568786243915,0
211.4214693480759,0.7777777777777778,0.09344487954857195,-17725.788850817207,1389.8626039803116,17399.142339320504,0
208.36953502849738,0.7818181818181819,0.09907367790805774,-17605.10471783758,1367.4197926608813,17430.443632489765,0
205.92607075236828,0.7636363636363637,0.10532347244211342,-17509.07696618309,1336.5225957950959,16935.147835463365,0
203.1041878407648,0.75,0.10778168253324479,-15853.068195073685,1322.9009940551914,19215.512935129933,0
200.8502281862934,0.7368421052631579,0.11106069823795925,-16039.589598675546,1307.2585837561783,18795.569871535896,0
196.56857779853502,0.7192982456140351,0.11634701499257927,-15207.697716190556,1290.045243160782,19252.291838740595,0
193.96104124815085,0.7068965517241379,0.11802583097085717,-14797.747849952964,1271.2084079747722,19654.82652982652,0
189.273853959673,0.7068965517241379,0.1225585456939706,-13498.681147508178,1236.815538210572,19937.14847754546,0
186.73781434952733,0.6949152542372882,0.12393173512974033,-12078.445142459022,1221.7769784306843,21776.2876929016,0
183.47255887845208,0.6779661016949152,0.1274297081846757,-11983.073744881496,1201.7044226897303,22853.890224914012,0
178.6713564004949,0.6610169491525424,0.12865972929292444,-11701.41723156722,1191.8141230917304,21851.792113553915,0
177.0753928331326,0.65,0.13268647440305836,-11161.87886706332,1178.8842229733625,22495.03000731958,0
173.80677711881847,0.6333333333333333,0.1342057920293022,-10576.597297888846,1142.0055952770274,23258.857391952584,0
169.86710889510925,0.6166666666666667,0.1394542427211099,-9168.31872731354,1107.7535336160608,23765.621577202153,0
166.3446783347214,0.6,0.14575660241115335,-7830.564306743837,1084.1457284956077,25100.62611896689,0
164.32752720898733,0.5901639344262295,0.1502218121976622,-7397.1359208964,1072.9512995721982,25627.15264282931,0
162.9747817943377,0.5806451612903226,0.1536411771902789,-7491.241642276517,1059.4386823339917,25366.30601592586,0
158.91507316778882,0.5645161290322581,0.15621912488637582,-6459.9911085730855,1053.5958894145301,26843.674348261757,0
157.99415826100613,0.5714285714285714,0.15788120955637971,-6326.249292355608,1040.7277886850786,26956.12750112084,0
156.27411882245477,0.5555555555555556,0.1632983384025738,-5279.1448798183665,1024.0541352422474,28169.41161091999,0
154.40859387565175,0.546875,0.1672199111938371,-4265.396941625994,1016.1808871535961,29592.785709771546,0
150.77278402095104,0.53125,0.1665462731050107,-3920.2106683242987,986.0645236178793,29158.69195566326,0
147.32205198112888,0.53125,0.1676044112530574,-1989.4291553695389,964.5203102496234,29812.746869359045,0
144.98640729105762,0.515625,0.16809070458601266,-1323.8353198822854,932.5372376943442,31184.912821103117,0
143.0850673500199,0.5,0.1692867594849697,-786.7389023039032,908.4025123116971,31338.268278283394,0
141.52962007985374,0.49230769230769234,0.16992586728731912,10.874680315447268,897.843298341305,32523.610899646417,0
139.11536725743008,0.47692307692307695,0.1757607299370145,1328.9397763837355,882.143381444378,32658.06896711614,0
137.55507832605173,0.4696969696969697,0.17892792683131062,1385.1689539196773,873.6874752737758,32760.793329518157,0
135.2701365874385,0.45454545454545453,0.18282101991995572,1925.401027904566,840.1108892499651,33346.98273395178,0
134.10805676612952,0.44776119402985076,0.18188633449682498,1953.6674775822794,832.6306090188991,33434.52796514924,0
132.54445031479426,0.43283582089552236,0.18436516736775024,3253.3810175357285,822.1887636127215,34165.14169569097,0
131.54758929433623,0.4264705882352941,0.18747887471822372,4103.539391500795,815.6140332672808,35486.63423068062,0
128.7487734839478,0.4264705882352941,0.1882975917525932,4967.317766572806,801.5516603813979,35342.183875896386,0
124.57336713165044,0.4117647058823529,0.1954033996955764,5585.118004084169,776.342602273598,36994.342104392825,0
123.35137818398677,0.4057971014492754,0.1964643248333416,5340.61062098177,768.0439819714761,36704.38059494266,0
120.06013040128352,0.391304347826087,0.20423039842026394,6640.60746390737,752.6775877531485,36906.272535113014,0
119.43379375472014,0.38571428571428573,0.20331572979860912,7526.055108035694,745.0935349412895,38387.062727862045,0
118.67416401126606,0.37142857142857144,0.21075607904687033,8234.027119371638,727.410694577655,38009.44839479828,0
117.92907063732186,0.36619718309859156,0.2122264233476154,8791.801935850153,723.3893376206555,39023.41096788645,0
117.39143944742884,0.3611111111111111,0.21452081269125045,9877.113954246019,716.2277114312923,40819.056738681786,0
112.80291417369176,0.3380281690140845,0.22015098285560564,11053.015986750119,700.6711437395552,41085.31847239672,0
112.11217603410482,0.3333333333333333,0.2216893584000039,11239.876104446064,698.8821827950502,41452.68098074779,0
110.67889594711914,0.3333333333333333,0.23104273730387637,11832.142415750946,674.9839378253948,40959.86118956596,0
110.17732410898846,0.3287671232876712,0.23028075764454536,12101.599311042293,673.272405162944,41599.63241251047,0
110.16496640597003,0.32432432432432434,0.23178429768138734,13022.692002179196,667.5131390404988,43115.229113359324,0
109.50045876548397,0.32,0.23132170558045667,13147.574721977566,662.4347212988985,43431.23763416181,0
107.77329233536169,0.30666666666666664,0.23246326156919184,14581.404127171845,653.7657077634402,44286.00076276761,0
103.94535122114175,0.29333333333333333,0.2397730556200454,16395.52805035131,647.0246217943474,45638.37132739076,0
103.28644500322942,0.2894736842105263,0.24226348207278608,16542.982550757555,643.7669981352514,46231.10897751337,0
101.95642707595111,0.27631578947368424,0.24964651639062027,16615.380438639786,619.2087151552865,45622.32843066869,0
101.52481028981661,0.2727272727272727,0.2511351561561255,16492.385136080586,617.189076526487,45793.356988310545,0
100.15628665585353,0.2727272727272727,0.25368613103202103,18199.92088221428,601.9858829176166,48129.918619225005,0
98.3326689407476,0.2597402597402597,0.2611003970299614,18143.714628885595,582.3181766902599,47304.602831551725,0
97.78616201034133,0.2564102564102564,0.26290313893325423,18117.179003080808,581.3304549185007,47659.85014984514,0
96.35484403928992,0.24358974358974358,0.2688021067875495,20528.926936455027,561.7480198139391,49948.29194134679,0
95.79329775896608,0.24050632911392406,0.2716981031099014,19758.414011603596,561.6538996822013,48996.27381593493,0
92.47566002858281,0.22784810126582278,0.2730704859937796,20726.532489716854,539.9593367722492,50000.0,0
91.86196175690132,0.21518987341772153,0.27966337056524043,21731.255254659078,534.3097120925714,49833.907609944414,0
91.40471260647078,0.2125,0.2809792277160138,21543.86322132271,532.6753632346669,50000.0,0
90.64966805888801,0.20987654320987653,0.28204834866323897,30810.33028561954,527.7711488625953,63991.0,0
88.18006750910001,0.19753086419753085,0.29019706939396706,28708.217568639506,507.53002538104784,59790.0,0
87.40332014390741,0.1951219512195122,0.292134026852021,31897.637411219683,502.9439785465327,65047.0,0
84.11594966021542,0.18292682926829268,0.29790266497731527,31286.32650239586,479.92802902490996,61098.0,0
83.29126621036727,0.18072289156626506,0.30264569483636283,29038.5145056607,475.0176472595881,58040.0,0
82.73873951167995,0.17857142857142858,0.3055017271066561,31315.25969526764,470.8053207292779,61914.0,0
80.91752503977034,0.16666666666666666,0.31143321408225266,21317.778036903816,450.22419179762835,46697.0,0
80.35002702213853,0.16470588235294117,0.3111397311556895,32069.474380230193,445.604924968719,63182.0,0
77.25425138913144,0.15294117647058825,0.3164134052368309,25628.88956564367,434.4998834992036,52709.0,0
73.462049104263,0.1411764705882353,0.32277530305524743,21612.292176758918,411.2382223177227,45273.0,0
73.09679399639036,0.13953488372093023,0.32543674959548263,23469.716157735234,407.85459042479334,48168.0,0
71.50361629357192,0.12790697674418605,0.33224913916329946,31575.987016343162,389.6025824692395,60144.0,0
71.00589414128535,0.12643678160919541,0.3338600819879721,27970.790704714946,386.34059464060266,55358.0,0
68.03794418147558,0.11494252873563218,0.3395785299064334,32476.375284088546,368.3158514454091,60697.0,0
67.47185859304632,0.11363636363636363,0.3397976570022705,27692.638093327416,365.43977870521394,53869.0,0
66.9364048350881,0.11235955056179775,0.3462410613796772,24275.54411443953,362.3061119934012,48941.0,0
65.04640812368518,0.10112359550561797,0.3533993973370341,28689.233289561485,344.21387074991435,53778.0,0
64.67712520979394,0.1,0.35894966144975965,27370.23906393066,340.8650760828315,52019.0,0
64.22796899184247,0.0989010989010989,0.36210066817850506,24159.30984572194,337.93381021393515,47737.0,0
62.219495152362306,0.08791208791208792,0.37204735370648856,34428.21085752627,313.7889558924718,61354.0,0
61.897973116234546,0.08695652173913043,0.3770664183323953,36298.70768092074,311.331461068313,64446.0,0
61.38030075671847,0.08602150537634409,0.3805643085463567,34773.34619823191,308.4429659984099,62752.0,0
58.701005982141815,0.07526881720430108,0.38886587152953406,33625.84624859846,293.468479596352,60821.0,0
58.14319163297091,0.07526881720430108,0.39186832840511415,28942.196614145705,289.97475707030895,53613.0,0
57.622355676325164,0.07526881720430108,0.39259907757227763,23786.10336951045,285.56266996723906,46203.0,0
57.232352646385955,0.07446808510638298,0.39680163077839087,25683.400609125467,283.5938361162152,49172.0,0
57.03431334958457,0.07446808510638298,0.39919239497062114,32872.03633992971,281.0635868978893,61462.0,0
56.02415755760103,0.07446808510638298,0.4029101501893518,35421.5743846974,279.27967895939406,64410.0,0
55.504341445808606,0.0851063829787234,0.4052968333242925,21367.425729486225,274.6707559524069,45215.0,0
55.14063333029999,0.08421052631578947,0.41015998518875124,33162.028098066265,272.5645791422683,63009.0,0
54.67807813765084,0.08421052631578947,0.41015002551324337,24293.33644410273,270.616566742848,49844.0,0
54.36446340155542,0.08421052631578947,0.4128326545334797,24486.74759868192,270.13354218301225,49846.0,0
53.53050946021021,0.08421052631578947,0.41494963713855654,24161.818360335397,268.2302629724708,50824.0,0
53.10540555217522,0.08333333333333333,0.4175430464867657,26616.59460427271,266.72663405676377,54846.0,0
52.66525830470124,0.08333333333333333,0.4228964207242073,32648.37983440119,265.11217692204144,63674.0,0
52.434370453902744,0.08333333333333333,0.4223065029049331,21082.649885148196,263.797953915016,48273.0,0
51.84905927706035,0.08333333333333333,0.4255364971166242,20606.019410730107,261.80448352291387,48257.0,0
51.61180107030791,0.08333333333333333,0.4265936974981024,22072.28849803439,258.46081935479714,50475.0,0
51.35532639448528,0.08333333333333333,0.4279301424367261,21269.567061345373,257.6390770690013,48628.0,0
51.08850412950827,0.08247422680412371,0.4310905063711922,20631.719721719543,256.07882085686373,47783.0,0
50.3847759850121,0.08247422680412371,0.4292531066841926,23601.494254838053,254.07112621522572,54532.0,0
49.81393083403606,0.08333333333333333,0.4287598286488362,27543.965997306972,246.94629700997038,60199.0,0
49.442756492815356,0.08333333333333333,0.42920148907397454,19649.99131208524,241.57281062255677,48929.0,0
49.36938563351223,0.08333333333333333,0.4309817229657744,22935.180764650617,240.0268706058296,54259.0,0
49.027710543787485,0.07291666666666667,0.43247332690023643,20391.56472974731,236.44509481155856,52111.0,0
48.749676566681394,0.07216494845360824,0.43794052402666683,20682.50318609157,234.71171017069426,52686.0,0
48.65019468520148,0.07291666666666667,0.4416408671679346,16975.86050994905,231.72417382713843,46927.0,0
48.418144676799194,0.07216494845360824,0.44209026323055645,17899.36419834849,230.24557194691187,48616.0,0
48.29641740484256,0.07216494845360824,0.4470244928195407,23168.719145218216,225.7456542340001,56974.0,0
47.888947993706545,0.07142857142857142,0.44977761438680625,26754.70404895176,224.71970077654547,62468.0,0
47.454687119151586,0.07142857142857142,0.4514784637259753,16653.012301109637,221.4557834337552,47981.0,0
47.296581331942534,0.0707070707070707,0.45401118457713285,25121.18251803581,220.2269279118244,60729.0,0
46.9418629980895,0.0707070707070707,0.45712261830071077,26259.9699820265,219.40129587669338,62932.0,0
46.738090112081714,0.0707070707070707,0.45840750844694245,18382.386050055247,218.568862789945,52437.0,0
45.94409425380306,0.0707070707070707,0.45829147402666215,13470.46552729143,214.99038255648875,45729.0,0
45.94121908671358,0.0707070707070707,0.4591917169966071,13999.000046256651,212.0427775980327,46173.0,0
45.87218051092291,0.07,0.4613494774116244,24044.09863456199,210.44323253359846,61392.0,0
45.26806748924958,0.07,0.4659018883792943,12792.078043764657,208.67058621157162,45917.0,0
44.467367586756254,0.07,0.46816942074007023,23832.88639034405,203.59429585871982,62405.0,0
44.27910535762544,0.06930693069306931,0.4690748909979953,23230.744960076554,202.19345826940045,61701.0,0
43.47097876737681,0.0594059405940594,0.4715450103017569,18038.98217209241,200.943706002888,55153.0,0
43.21890916805745,0.0594059405940594,0.47258626530738357,15045.644146610672,198.58892716322916,52133.0,0
43.27543362318104,0.0594059405940594,0.47410497963098497,16893.776130141283,194.38141295951345,54382.0,0
42.47170908169202,0.0594059405940594,0.4763939343471298,18160.476786709904,193.4381758842309,56955.0,0
42.28441341963588,0.04950495049504951,0.4842543524582887,12354.451766451426,188.28830250311898,49465.0,0
42.09526145961059,0.049019607843137254,0.48895322822778653,16735.521962689698,187.45024021155712,56038.0,0
41.839425006426616,0.049019607843137254,0.4940029543575867,20653.301291707594,184.43225164418214,62012.0,0
41.08674028674249,0.058823529411764705,0.4950014052379166,12982.648363095255,180.8291870410025,51873.0,0
40.909962807917026,0.05825242718446602,0.4967493324938834,17997.881716542488,180.55011000378954,59440.0,0
40.56018550963402,0.058823529411764705,0.5018237512817656,20951.638765206004,176.28592879351427,63891.0,0
42.588746983375195,0.06862745098039216,0.49619597926500947,21835.213960205176,193.07970026648024,65942.17833962488,1
44.84470732813095,0.07920792079207921,0.49874262629838567,20961.91800877699,205.97592031332857,65187.30566186811,1
45.303073068493916,0.09,0.4897386381310217,19595.792374066485,223.9984780565362,64526.52741303697,1
46.669539382042885,0.09,0.4916382167674325,17812.90168315214,235.05178528461104,63413.937770349665,1
48.084993158588894,0.10101010101010101,0.4820973382521553,16413.23051544232,242.00551245397918,61396.132452233825,1
48.679783689099644,0.11224489795918367,0.4764322078757,15541.235496312602,246.59680415706873,61138.35830926068,1
49.68252299486548,0.12244897959183673,0.4722978542810928,14089.560162362313,266.5609204612507,59987.86484687334,1
52.06565489597097,0.1326530612244898,0.47024548197099614,13496.297543355297,284.48511197283676,60871.54746771143,1
53.47834913049601,0.14432989690721648,0.4587861149256908,12326.188487126881,292.784461590485,59891.58352870155,1
54.424918861788974,0.14583333333333334,0.4540230165193599,10915.7647782656,313.4466510936711,57838.77424799345,1
55.16802163595516,0.15789473684210525,0.4468673788093541,8803.09688041167,332.8930310480086,56610.88285191717,1
56.167378384032496,0.1702127659574468,0.44939712244132374,6817.995357927849,351.3877889681479,55775.91843365249,1
58.159272092469934,0.1827956989247312,0.4355746194218221,7132.685967255086,361.46717378464507,56292.11217052303,1
59.22132474269074,0.1956521739130435,0.42748960124918645,4558.935897668928,380.6853182175496,54957.71772964631,1
61.22763568953591,0.1978021978021978,0.42318747330037054,4899.125123684189,403.25040209204,54973.56211773673,1
63.346667177754604,0.2111111111111111,0.4123138691762483,2765.9381956690363,420.4361933959515,53142.29113489289,1
64.47276640486928,0.2247191011235955,0.4068021199467365,1880.133529407403,427.0091392400142,52641.189309901674,1
66.15152091190915,0.2413793103448276,0.39676715807287916,-5243.797147481989,443.4968766004288,51979.4788921489,1
67.65017867714867,0.25287356321839083,0.389532279290657,-9385.288089718011,454.1962238589338,51014.80787100518,1
70.9112393007013,0.27058823529411763,0.37752129712043014,-7689.390031502263,472.0348591408506,50500.04487672445,1
73.8393521809944,0.2857142857142857,0.3667196302555372,-9704.991180293175,500.32298148027076,48704.52670131967,1
77.69570316741118,0.30120481927710846,0.3570413357956822,2692.097083660521,527.7272062314253,49305.460426213,1
82.24726220611709,0.325,0.33843807402251896,-8829.011235021528,563.9189826855014,47492.95646723425,1
86.94621441504694,0.35526315789473684,0.3178899525802744,192.41353364779798,611.505281709672,48023.05696802885,1
90.73793988841761,0.3783783783783784,0.29901330466413834,-10877.870938710883,646.200286197109,46585.36544965663,1
93.49130765544346,0.3918918918918919,0.29023717363375934,-10442.888484861307,658.9117151548163,45159.10532990398,1
99.68790117584528,0.4225352112676056,0.26739450935986175,-10707.825704245432,710.1587113758935,45447.82551047196,1
104.07053484953997,0.44285714285714284,0.25793940014842276,-1271.4232313217294,750.241603893233,43326.93654693605,1
110.58618722638592,0.45588235294117646,0.2378185947487302,-4511.761100727784,788.3970920385768,43083.97184844314,1
118.08726777564024,0.49230769230769234,0.22241471125652065,-4333.611251093043,848.0944951901799,41818.996203657254,1
124.7247072802884,0.5238095238095238,0.20740521244001847,-4544.359031688746,886.1552491071757,41831.70281295127,1
132.60992401257113,0.55,0.19272911729622014,-5039.887522984775,945.045483698452,41449.23187674998,1
137.04443582197376,0.5666666666666667,0.18756325667989865,-9897.592063288139,969.3703465061922,39545.637381414104,1
140.82416112482557,0.5833333333333334,0.181810755433882,-9264.50406560206,984.7641096442902,38278.45632220503,1
148.9030591386223,0.6206896551724138,0.16649967355005002,-6526.244490284084,1047.157542111252,38880.15681837693,1
156.06549427664726,0.6607142857142857,0.15210752998742566,-7500.298861381798,1121.1107096357202,36750.73371128543,1
161.64230093362457,0.6909090909090909,0.14492203414035226,-17139.59999841332,1175.8481578452333,37343.59394667815,1
170.852009035443,0.7358490566037735,0.13053941131397778,-7195.2783607107995,1244.2226644381315,35453.7837933438,1
182.2066526089082,0.8,0.11075766515381491,-17994.13355044927,1361.2327907668978,34830.753755256024,1
187.71410527099414,0.82,0.10804157251249391,-14518.094848668252,1380.2818942166778,33480.98724840434,1
190.86947536379893,0.84,0.102733354951488,-12429.015304240693,1417.6901331318543,33493.83636383956,1
208.65689849385458,0.9347826086956522,0.07883667947463471,-19385.21790794889,1576.5191895303767,33274.24490382368,1
214.5108590018768,0.9565217391304348,0.07294880697529219,-12875.173361149893,1613.5829657852198,32585.516033565676,1
229.43373513679387,1.0,0.05932589799233273,-23681.16894151631,1700.7944461319516,30629.928544214323,1
231.0710525103955,1.0,0.05887331252410052,-23331.727597371268,1678.3639456521453,30601.065418561953,1
231.15708025268648,1.0,0.058574507533612735,-23287.96446818118,1681.8022400498949,30169.38431068127,1
233.9874749193615,1.0,0.05835035033515021,-23793.512278135906,1680.317863645887,27843.36019669561,1
234.8435928990327,1.0,0.05759758567172685,-23336.70892921024,1720.3619033086661,27065.33508748671,1
233.27100797777396,1.0,0.057524254967618406,-22601.00303681141,1723.7489029529424,27305.367780283465,1
236.62855438395917,1.0,0.05734437122780837,-23589.855070352154,1709.9441533392194,25648.25166210095,1
234.32358955695625,1.0,0.05786944019226311,-23502.099841838302,1708.570550467365,25345.15255746476,1
236.2900233388157,1.0,0.056756426183085296,-22548.82064823806,1706.393764832184,24707.87827804481,1
238.2219246396202,1.0,0.05778367497354736,-22606.480612167066,1698.4042545078012,24133.865057101724,1
239.85482838039525,1.0,0.05621198774680681,-22485.72791806166,1680.7697206619557,22708.946651921855,1
239.01069476076717,1.0,0.05623909759976888,-23822.38295779586,1656.4873275991379,21337.372041737737,1
239.94397999001896,1.0,0.05644890429249799,-22613.239876120846,1668.7819580936846,21628.079514803347,1
242.48159393963053,1.0,0.05610682487091703,-23457.352583301286,1664.1274904420245,20178.95886075227,1
241.08042568196896,1.0,0.05647300456120153,-21946.952719333578,1628.815671260885,20522.467950992697,1
242.74144476274645,1.0,0.05545042871664031,-21925.686539608847,1631.8512138614606,19999.254574514904,1
246.71760181097358,1.0,0.057347112202682814,-23529.291998037985,1664.4628726427832,17517.895429769214,1
248.30119062497417,1.0,0.05686798441112917,-22422.986338168794,1660.145775901699,17742.28557654981,1
251.24978083248408,1.0,0.05646084382061561,-22948.831483470487,1676.031234663124,16289.48198755502,1
250.38146040671222,1.0,0.05652978503270249,-22321.139994763627,1692.4208219048762,16434.46576014238,1
248.32474841389396,1.0,0.05705819626937066,-23539.663107327207,1682.2374273646421,14198.651891215295,1
244.71066001631084,1.0,0.05777989608926569,-23237.14387388122,1667.895949239133,13389.229498586981,1
245.62292136318285,1.0,0.057776689024164316,-23396.8801457289,1657.6571409108224,13776.938099284616,1
247.77039000454116,1.0,0.05845176125644191,-23920.75946242711,1660.3951484081742,12396.318081156554,1
251.10287363798835,1.0,0.06035565002045897,-24116.935469053158,1638.790428638342,10977.955823718145,1
250.78241214543476,1.0,0.05969319313370871,-22507.085986492522,1637.3388586361702,11535.64183992603,1
252.61068996267662,1.0,0.06005744824073905,-23996.822525562173,1669.1776864974236,9988.876111354375,1
248.76383785809583,0.9777777777777777,0.0639651706395294,-23805.06801713635,1637.7635271692418,10054.232933973028,0
244.97615218705656,0.9555555555555556,0.06426245399830692,-22322.848665023437,1595.3151251109443,10223.964997824036,0
241.37640342879865,0.9347826086956522,0.07010700328766081,-21549.182816514593,1571.7495140476935,11136.103788789203,0
236.59681376247104,0.9130434782608695,0.0755793029654733,-21681.93773201081,1531.9428870045197,11194.762716793026,0
233.22492141858183,0.8936170212765957,0.07731831096422816,-20778.016968411386,1505.2887841861984,12153.825920880066,0
227.41729611388865,0.8723404255319149,0.08332694810949624,-20343.17922910592,1486.7074606736398,12213.984355669458,0
224.6458455948165,0.8541666666666666,0.08725529325586084,-18654.65122937137,1461.7421500437083,14489.291758559579,0
221.1920112248549,0.8367346938775511,0.08745858681357872,-18695.478620352093,1435.9259988070999,13990.371509551864,0
217.87475325869238,0.8163265306122449,0.09205430890564532,-17976.919924923965,1403.3746668352544,15538.392619588574,0
215.39918117725483,0.8,0.09801481143614788,-17681.33885955765,1380.6317676004712,15818.807147593674,0
212.1475362857927,0.7843137254901961,0.1033043203431994,-17336.690538654682,1359.4496927718474,16069.081955195838,0
209.338096250449,0.7647058823529411,0.10840396525303925,-16993.07966208239,1347.692622103386,16498.534756577075,0
206.3521171941849,0.75,0.11181832158733336,-16281.174272165374,1328.1976028447532,17168.339594658573,0
205.03467233629544,0.7307692307692307,0.11401257544157047,-14625.778260664682,1314.2931750371977,17862.87532506971,0
201.97781092973472,0.7169811320754716,0.11774495146389155,-13455.497934173269,1293.6235705702452,19367.12464107641,0
196.77242007635994,0.6923076923076923,0.12326790351321877,-14073.186040076926,1281.2235408068073,18337.316945743492,0
194.09407602172845,0.6792452830188679,0.12552419206453172,-12659.980080523455,1262.363294853319,20106.251220183985,0
192.3994137384925,0.6666666666666666,0.1286586392024195,-11853.346219393185,1243.94455665436,21105.661505884276,0
189.13020574230612,0.6481481481481481,0.13449882275514427,-11197.076690820339,1213.932280883321,20187.240196838236,0
187.6882829301266,0.6363636363636364,0.13630922084753527,-10831.314124913793,1200.4870389985606,20536.805036332014,0
185.95004520437882,0.6181818181818182,0.1394463186839361,-10302.14869790799,1164.9358872449377,21992.728572469397,0
182.78786699894627,0.6,0.14437129544236255,-8860.445829155913,1129.9206515713547,22413.32776633068,0
180.57077972403016,0.5892857142857143,0.14345856007832147,-7596.816753470817,1115.431680835452,24104.51494723957,0
177.85578370090215,0.5714285714285714,0.15166463477817013,-7497.13282674264,1090.8400298398724,23918.077604665858,0
175.9519643879968,0.5614035087719298,0.15174470503463666,-7284.355727479632,1077.4797375358532,24054.811534857723,0
174.45331931900472,0.5689655172413793,0.15521187939089548,-6658.846128169826,1064.2184058432038,24864.185037719257,0
170.81639127202416,0.543859649122807,0.1565024458295417,-5270.926316881582,1031.4327540163788,25706.32441644116,0
169.75048255906603,0.5344827586206896,0.15719813285290093,-5541.718901922653,1016.5366675277837,25200.05492966732,0
167.73886559007187,0.5172413793103449,0.16075213999194596,-4146.5911535288315,987.9385788759661,27169.718543685114,0
165.9757951688747,0.5254237288135594,0.16435868636275347,-3907.2542843142573,974.4310447305387,27438.70590734906,0
163.10242465555544,0.5084745762711864,0.16869241557933837,-3341.872858536609,947.3643525307664,27657.46820501002,0
161.5932789152166,0.5166666666666667,0.16806674739345207,-2373.08806568659,935.2724665975812,29027.975392131437,0
158.1960835645672,0.5,0.17618243669147687,-1310.222689944571,910.1333590577506,28706.37154015401,0
156.6986884287602,0.4918032786885246,0.1760987671905697,-715.2511566857065,899.8277299189044,29564.70456593388,0
152.46504553545748,0.47540983606557374,0.18075831473912013,-348.5176883789227,889.9731168938704,30086.898703025134,0
150.65307535737927,0.46774193548387094,0.18330700727908206,-81.66063039193227,883.4779988006668,30478.984547324257,0
146.57042401786765,0.45161290322580644,0.18674532418682427,1066.2862094975567,869.3852760641023,31738.357408489355,0
145.94139394078616,0.4444444444444444,0.1862025232038791,749.131542750713,862.5625945779792,31283.39460491546,0
142.20827115228113,0.42857142857142855,0.18745516012054186,3167.6327492934424,840.199298400993,32520.88460041211,0
138.94221257462968,0.4126984126984127,0.19338032516201736,3836.920443374796,814.0776486717423,32655.348534454297,0
137.9945820084758,0.40625,0.19139506899719413,4164.79975180548,805.4988238730868,33231.3124235533,0
136.83707502070698,0.4,0.19155968540257856,5423.164758260004,796.7708592459179,35184.128420469686,0
134.94820109304558,0.38461538461538464,0.1958558353332779,5037.0648747441055,769.7816419390354,34713.04020185559,0
133.6615597038567,0.3787878787878788,0.19910252609562634,5153.22976001801,766.1068142699216,34928.013423430646,0
133.23888521895967,0.373134328358209,0.2040701257690593,6751.435095355931,758.5073320181017,37350.69770374805,0
132.7480378189357,0.36764705882352944,0.20684829464398544,6837.98288736813,754.0568314283637,37547.781997937476,0
131.39229270982253,0.35294117647058826,0.21202999024136454,8678.251930169274,734.6461139422044,38511.20367890526,0
130.83748915841915,0.34782608695652173,0.21547997569276306,8834.941296104247,730.0861886670004,38828.338953970226,0
127.73263375568604,0.3333333333333333,0.2190504368088096,9184.556560055864,722.7358717952906,39039.821096461994,0
126.33481059559254,0.3188405797101449,0.22333445528159127,9969.74252782482,696.3398412490747,39434.215147437695,0
126.04847632376864,0.32857142857142857,0.22770020489214615,10857.855003177148,694.4420517917442,40882.20520050905,0
122.35120928861117,0.3142857142857143,0.2322059520028229,10922.719795340665,682.0011156108854,40357.78057605612,0
118.99200806281671,0.3,0.24011044914309648,12925.616132573452,670.573723803871,41617.74565032545,0
118.04788345353722,0.29577464788732394,0.24126818137331163,12541.423524206994,663.7276198667971,41351.089083352024,0
117.62326999123292,0.2916666666666667,0.24349832434064078,13783.25703080074,662.2594162883001,43331.33169321068,0
115.87884497646013,0.2916666666666667,0.24993301332145734,15384.199269342842,636.2892069025002,43901.330905808536,0
115.57102135253778,0.2876712328767123,0.250690850053844,14979.444563169242,631.9480191972597,43503.69598023108,0
114.68063936090061,0.273972602739726,0.25771523303224636,15752.782034953396,621.1835133396785,44601.698701420646,0
113.63599677197271,0.2702702702702703,0.2595984267858318,15692.421865856486,617.0840295056114,44719.05000950362,0
113.47741129587605,0.26666666666666666,0.2616874486094463,15557.462526004332,613.0558674889428,44830.439837826474,0
110.534570394638,0.25333333333333335,0.2680892554106211,18154.8250537778,589.2914931014989,46584.62220121978,0
110.13702766500833,0.25,0.2661560474601226,18272.065797150095,584.3165911605493,47207.95796777201,0
110.0204808329525,0.2597402597402597,0.2670464317912197,18542.30274804498,584.0182178759572,47787.32718836481,0
106.63507158142865,0.24675324675324675,0.267855865360437,18656.342896485407,564.2089399422005,48181.58839003831,0
104.71285596941793,0.23376623376623376,0.27377230031182764,19904.179429613483,557.1900988056603,49344.67681914314,0
103.85238090131602,0.23076923076923078,0.2746021763029396,19357.420294980573,556.532536361031,48856.66764386201,0
100.55226873706036,0.21794871794871795,0.2805379903975655,21696.015015569505,535.8908648019067,49795.95653010564,0
97.42437765752369,0.20512820512820512,0.2845936706625743,21966.322799512727,512.584992324227,50000.0,0
96.65914500512797,0.20253164556962025,0.28418765298935333,21800.611059112685,511.4759250090607,50000.0,0
96.20182665447486,0.2,0.28337960766786563,21598.50497500039,507.5169905881936,50000.0,0
92.92259322575914,0.1875,0.2894465202340802,28796.8694946292,492.29300251060323,58629.0,0
91.9511948719784,0.18518518518518517,0.2908839426498235,25312.34775440842,487.0708239184026,53695.0,0
91.05640069222754,0.18292682926829268,0.29541980041255483,20106.436824161057,482.94987292693554,46308.0,0
87.76159098799768,0.17073170731707318,0.30799149101286866,31223.610909861924,463.5571894981154,61890.0,0
86.80152821892113,0.1686746987951807,0.30851525301350863,26989.947226490876,459.2712734247845,56182.0,0
85.87252567996327,0.16666666666666666,0.3088891339685553,31228.646819833582,454.3271769530218,63014.0,0
83.91072988820122,0.15476190476190477,0.31649728910242536,32730.917618947286,430.5246266640914,62743.0,0
83.12140211203435,0.15294117647058825,0.31887261239630327,25419.785597174556,427.21235663061634,52062.0,0
82.42220497161772,0.1511627906976744,0.3218157855710926,25527.83420879916,423.1300751342262,52367.0,0
80.64743179064129,0.13953488372093023,0.3262481293543583,27890.13244646795,409.4557354633396,54798.0,0
79.02096359936226,0.12790697674418605,0.33627234587761035,26392.38503446669,394.65138129692747,52472.0,0
78.41902356452894,0.12643678160919541,0.34037774526218406,23689.236313687106,391.81007413982724,48753.0,0
77.92588277972287,0.125,0.3412684995873754,29942.7484004891,387.906100450201,58409.0,0
74.8918763188258,0.11363636363636363,0.3467189485106044,31461.684554566382,374.5200265977404,58993.0,0
74.35391628324656,0.11235955056179775,0.3462524921702022,33326.07022319925,371.9369984254497,62379.0,0
70.6893889298716,0.10112359550561797,0.3505017941382427,25336.93410036852,353.06195929846626,48693.0,0
70.17825343322805,0.1,0.3551686564476814,24679.28335274745,350.12321314414845,47939.0,0
66.80371233289173,0.08888888888888889,0.36463126887155684,33126.1650565012,341.6554674080416,59984.0,0
66.49412396361923,0.08791208791208792,0.3668055994549669,35001.14872260909,339.5072966129126,63248.0,0
66.23217618963973,0.08695652173913043,0.36703853257050856,27314.539115137144,337.28358242535614,52279.0,0
64.61619208741092,0.07608695652173914,0.37621265559231915,36854.2492691727,322.06527081695333,64355.0,0
64.30711541203105,0.07526881720430108,0.3789731364128173,32171.415993728246,319.368592931002,57845.0,0
61.55909631448932,0.06451612903225806,0.38309118292852035,25629.438132920535,295.21995818164925,48421.0,0
60.926337357569295,0.06451612903225806,0.38691647391855094,28198.541443511393,293.0181462426953,52098.0,0
60.51833616903677,0.06382978723404255,0.38834448817606987,23324.23534411597,290.5665664639455,45137.0,0
59.62139024178004,0.06451612903225806,0.3894745601566687,26066.76016360751,287.2087089968941,49839.0,0
59.23667644281685,0.06382978723404255,0.39350729835424997,29830.623925511212,285.65662310415826,55816.0,0
59.04260631477532,0.06382978723404255,0.3943774609046275,26375.4526257645,281.66914826722126,51341.0,0
58.44351104893739,0.06382978723404255,0.3944216294138967,26979.001015271435,280.0900389139329,52399.0,0
58.33016786679732,0.06382978723404255,0.39394274325384715,26612.2472358003,275.84818973632383,54307.0,0
57.54895615331074,0.06382978723404255,0.39490516958031563,33008.82509350729,273.48207186181895,63021.0,0
57.29697555939393,0.06315789473684211,0.3992367368927907,33273.71524116491,271.1573895905972,63743.0,0
57.05138084439861,0.06315789473684211,0.40282141367897617,31406.81162177829,270.0780940647566,62328.0,0
56.73844887346771,0.0625,0.40723293640304387,28836.956217389572,268.80569893385353,58664.0,0
55.867592940733914,0.06315789473684211,0.40278088391321343,21755.060515819838,265.2807769802303,48501.0,0
55.49853375299128,0.06315789473684211,0.4067078212180016,32764.89767075446,263.72137977952485,65057.0,0
55.29180963847125,0.0625,0.4056300468205466,25450.405252070257,261.4021588110592,54590.0,0
54.54217702734247,0.0625,0.4113702079941675,32286.016927368844,259.3447093880787,65178.0,0
54.40413704911051,0.061855670103092786,0.41575899169151065,28730.748548836804,257.19645243107226,60154.0,0
53.430312815946074,0.0625,0.4141777255883062,24432.649250503324,251.77357933971726,55620.0,0
53.23709686304717,0.061855670103092786,0.4148922891072868,28943.954501224824,250.64992939123198,62491.0,0
52.93668107695472,0.061224489795918366,0.4161542272115326,27332.147900397194,249.26201296520003,60285.0,0
52.74900116179749,0.061224489795918366,0.4154899484927584,30630.845548374076,248.30161402142969,64097.0,0
52.26144000859034,0.061224489795918366,0.42235383317412145,24829.362039025313,243.45605837209837,56790.0,0
52.163369022865744,0.06060606060606061,0.42729558456115935,22411.11732792052,242.46544012184455,53334.0,0
51.87621007877539,0.06,0.430979709955438,18267.87683623967,240.8604566319495,47302.0,0
51.697882869375334,0.06,0.4338144461623854,25540.53617459571,239.1664802663165,59195.0,0
51.053255790741915,0.06,0.43097844806415236,21104.991840210398,237.69686710480192,51747.0,0
50.389671539517046,0.06,0.43299872947182705,27010.28002250718,235.5704754758442,60842.0,0
50.07265429326303,0.0594059405940594,0.4390903063475219,18752.166186992083,234.02614634931672,48614.0,0
49.10522416795656,0.06,0.4432989341958961,28451.133644509013,228.97969371318243,64412.0,0
48.78444420884282,0.0594059405940594,0.44593971433112767,27453.155114619683,227.3518738306603,63410.0,0
48.49523235929078,0.058823529411764705,0.45190026137559436,24735.89011240476,225.53973336785353,59482.0,0
48.36631385494757,0.058823529411764705,0.457069748334564,18195.255371248517,225.38887844688654,51159.0,0
48.04968291870047,0.05825242718446602,0.4602700844453386,14991.694224177827,224.1583402617492,46533.0,0
47.30540399384419,0.058823529411764705,0.46165078466660653,21315.170132177307,222.5889769615645,55576.0,0
46.98835568355595,0.05825242718446602,0.4628627837020935,19033.00675735562,221.33363796448987,52559.0,0
46.43202748498768,0.05825242718446602,0.4683216333086278,18533.265375441457,218.82284243256203,52399.0,0
46.34793214131575,0.057692307692307696,0.47225790235274323,15473.976979084342,217.2026149622084,48036.0,0
45.86279984553774,0.04807692307692308,0.4770276619419606,19926.34181290262,215.15514848728938,55222.0,0
45.66798872455266,0.047619047619047616,0.4733700150192147,19972.03999383681,213.81432110763674,55657.0,0
44.95160287925215,0.047619047619047616,0.47940533235038624,16644.08342837111,210.36538462945373,50043.0,0
44.16065430890475,0.047619047619047616,0.48368095809194,18904.26630897384,209.63212540599585,55189.0,0
44.00550455373095,0.04716981132075472,0.4872559260070347,18865.227811592053,208.45573103974016,55254.0,0
44.012689818161654,0.04672897196261682,0.4894444247905367,16568.54540829413,207.19668603050044,52015.0,0
43.72074309179907,0.04672897196261682,0.4928809609242989,16438.23366135215,205.21479557746093,51957.0,0
43.48810176582452,0.037383177570093455,0.49462297818576934,21480.623766223976,204.14496363638634,59645.0,0
43.402348778538126,0.037383177570093455,0.4963591304469639,20028.299388162224,201.03136135983536,58753.0,0
43.16988339115232,0.037037037037037035,0.4969385333461284,15692.94608005265,200.0407339331277,52481.0,0
42.717277609748116,0.027777777777777776,0.49964304357416595,17191.733136538,198.63417795307177,54440.0,0
43.12265398071305,0.03773584905660377,0.48943205025366254,24130.852197062904,204.19207295991524,66512.55663844224,1
44.76210586964589,0.04807692307692308,0.48591474069028645,21429.56919003941,213.59859527795106,64389.3345013786,1
46.34668252518382,0.05825242718446602,0.48086215222293893,20971.982035966208,224.0276256622038,64363.52783214083,1
47.543139470213895,0.06862745098039216,0.47476128505606807,19181.418423110706,233.75790542766308,63405.73996241489,1
48.178149359704946,0.08,0.46184997940401,15895.928190792287,249.9558559037575,61362.24800260458,1
49.208523821487994,0.09090909090909091,0.4566313124157595,15235.479313586782,265.20834299652824,61565.348862526334,1
51.0679999910319,0.10204081632653061,0.44924268592649125,13993.285428298212,272.38678160017014,60241.7361271252,1
51.56247479929292,0.11224489795918367,0.4429534964941646,13257.264059833367,289.91272885006686,60744.44986118241,1
53.78744641912814,0.1134020618556701,0.4351121537218233,12336.98372346671,307.807956597024,60011.72845307583,1
55.71432643635,0.12371134020618557,0.4280496507674562,10721.053625947146,324.71057406983266,57385.72085801995,1
57.37885785728076,0.1276595744680851,0.42090079685355897,8972.432166551533,334.0144020298527,57844.63390458314,1
59.291738238306394,0.1368421052631579,0.4177340500933626,8100.4225056627365,348.39330932381495,56708.09935898034,1
61.535943693992785,0.15053763440860216,0.40630638401629215,6799.056641898475,358.02379010768675,56711.660457664446,1
64.48924662193986,0.16129032258064516,0.40306145376516417,4866.154130340656,366.640254602796,54502.744124535166,1
66.75602625960126,0.16304347826086957,0.39984252182948615,3769.023219381795,389.3815879219785,53832.82525735526,1
69.81137507967195,0.17582417582417584,0.3959667497105459,2517.2357521056456,399.42598209484055,52599.47580794921,1
72.55187175621954,0.18888888888888888,0.3869846410897724,1234.4243392280373,401.71569930894105,51839.44820072782,1
75.69314872801212,0.20454545454545456,0.3812054795175724,-4990.192706688994,417.7834254347057,51145.703575339074,1
79.88358292328115,0.2235294117647059,0.3677804348294961,-3799.918963350748,443.088721438649,50543.10794270102,1
84.73479573239908,0.24096385542168675,0.3509972370450118,-607.841391908566,476.71819465930975,51152.39889286579,1
88.22419025172083,0.25609756097560976,0.3438394928770031,-3109.799702794174,505.8959770666055,50135.03007832286,1
92.75276575493974,0.27848101265822783,0.3262429281881065,-7492.740040175511,535.7873411687061,47869.926974352195,1
95.78621796166944,0.2948717948717949,0.3173286917286913,-488.1384054494514,564.0532095699405,47966.13487448472,1
100.42740888642139,0.3116883116883117,0.3087890076788089,-8048.407198346787,585.572804238305,48013.13197641527,1
103.47568221263374,0.32894736842105265,0.3002787475059753,-4398.955736012684,621.2821581672321,45716.92841507251,1
106.10470179147312,0.3466666666666667,0.29118996900383676,-8102.982634463727,647.6911369555914,45759.34125983632,1
113.37869004396269,0.375,0.2702467187359525,-3496.4433192852102,703.5045189252984,44647.14881574855,1
119.8623161003071,0.4,0.2534989726923924,-5022.858080405691,732.7505434170938,44923.05473268309,1
123.84579885711449,0.4142857142857143,0.24983815406153498,-7749.605575892001,753.0476525303369,42747.02423540126,1
129.33005864043744,0.43478260869565216,0.24126394903998186,-14290.973950905764,784.8053386423155,42397.04375070327,1
134.1585863122122,0.45588235294117646,0.2313114057311527,-11682.177464033448,826.6942314788977,41172.60738408204,1
141.5653160130335,0.49230769230769234,0.21313652026640034,-16343.111734368233,891.8395790894734,40874.41305977504,1
148.5223388405775,0.5238095238095238,0.19450663126107132,-15649.315585351378,939.6811486577697,39073.663699026096,1
161.65637958467988,0.576271186440678,0.172513770961596,-5371.183619166687,1008.3955878016893,39272.70591258471,1
168.25107019686286,0.603448275862069,0.1602686770169693,-9375.734157568619,1048.2824234223879,37779.98334239814,1
170.45512561777502,0.6206896551724138,0.15844274526305283,-15417.910946624885,1079.1149440986987,37754.84713932915,1
181.49528385776694,0.6727272727272727,0.1329745370484095,-14633.897562543305,1156.4608067384456,37544.11820353523,1
194.0924082580947,0.7307692307692307,0.11214162258035376,-10705.054833171354,1247.0967167036943,36653.04986766407,1
209.31304287281384,0.7959183673469388,0.08952327283313324,-14343.713128687352,1336.8434006944783,34312.69446156343,1
211.9781764802142,0.8163265306122449,0.08814754478248481,-10299.655519106256,1377.6230181112965,34685.744984813704,1
229.33547124268284,0.8913043478260869,0.06763143270421465,-12653.634623195685,1509.7796260082307,33084.15669807993,1
236.3524195550513,0.9333333333333333,0.06013994246239571,-17238.224349774733,1576.0574582762679,33159.91638996668,1
252.35474856728018,1.0,0.049157866178384545,-23192.13373927637,1689.8386547398763,32713.602569676354,1
253.38802585701288,1.0,0.049142597886984316,-24116.672604938252,1683.696036601443,30982.341068378137,1
256.52027893006294,1.0,0.04857606671385352,-22549.388885310378,1707.091544768213,31181.765580621963,1
255.97406929786723,1.0,0.04711903336238334,-23108.268774953194,1703.8540130790743,30500.784297024693,1
253.78698593632433,1.0,0.047578041881992085,-23523.408039966915,1706.293401762883,28998.24970929069,1
253.53337561662192,1.0,0.048408117309826096,-23748.875015502465,1710.023392272515,28000.33881555217,1
253.26877672642357,1.0,0.04733330469110459,-23631.46244478716,1705.7106849783997,26417.687676180543,1
253.51082261827116,1.0,0.046295735952296795,-23289.155431121715,1685.7269717919805,25623.720295182004,1
255.361624455669,1.0,0.04654213671854501,-23977.628128266886,1685.969031554807,24629.0920733155,1
254.15004472892372,1.0,0.047995946369765674,-23037.07540017768,1676.9535404741052,25599.110663095526,1
254.39921605773227,1.0,0.04901073205324339,-22240.063389372848,1670.5181668230916,24158.17388209864,1
252.42856835904732,1.0,0.05079028635233532,-22960.15136859735,1649.0942982184336,24048.78356405019,1
253.10342186353603,1.0,0.04942150183841944,-23457.598213404654,1669.9125991231674,21584.47496028765,1
253.92786568305291,1.0,0.048956115469233154,-24123.087264392383,1656.5892077434708,21174.58737021039,1
254.96342140107345,1.0,0.04887025777853664,-23802.344409994188,1652.7372645431014,21063.369017273748,1
252.87555387793117,1.0,0.04843003837135505,-22705.581748734225,1669.8883053248885,20604.270409273784,1
252.78917965903108,1.0,0.04969199119913455,-23117.356840730547,1695.4998933300183,19407.068411373722,1
248.33729472548168,1.0,0.0490873648443983,-23178.378301035664,1692.0961178317602,17823.151377714352,1
246.62250562175294,1.0,0.04889619663648318,-22966.930420088374,1726.6508869847712,17762.622863523546,1
244.81005235846638,1.0,0.049637453621665995,-22759.083195927524,1707.3068554792123,17594.04952316057,1
246.66588469474715,1.0,0.04957536207038784,-23159.83260963427,1708.1686657918722,16594.241956631216,1
245.50974443666718,1.0,0.048382576238951855,-25091.38429584295,1720.3438905270702,14605.357136270175,1
245.70940383014226,1.0,0.04801251491708915,-24681.26587749053,1730.1738623363242,14279.97423613275,1
247.54974492166576,1.0,0.0480397234267868,-23495.753391225768,1708.5089130553417,13594.492392250235,1
247.75635138861472,1.0,0.047945923875044524,-24066.929769767237,1720.0695907537886,12359.277850775732,1
250.08375566780697,1.0,0.04926445237655945,-24535.606308073853,1731.6530209215869,12031.642944915055,1
252.98851626723638,1.0,0.04925710828952866,-24726.968144950726,1727.4551306002481,11118.28950821384,1
250.47123392693055,1.0,0.04878917613586473,-24348.497588219067,1737.0256215204938,9653.195245746727,1
247.8661226445811,0.9782608695652174,0.04949392280007144,-24747.727783148453,1691.0785133058791,9330.21312925175,0
243.805725002327,0.9574468085106383,0.053648380611987026,-23358.773977897243,1663.3385106439632,11041.886964758203,0
242.49095097528462,0.9361702127659575,0.055096748709044456,-22983.093483702014,1638.5358188425146,11102.366430395437,0
239.1827837469497,0.9166666666666666,0.05716025398018796,-22121.30496813724,1608.6648606274146,12178.97604922966,0
235.3527736945809,0.8979591836734694,0.061029113366514384,-21332.722467709333,1582.0539305601073,13112.152090680049,0
232.3443265679771,0.88,0.06316079974227448,-21364.530817692183,1557.4259117228787,12891.658680266695,0
227.07061036335287,0.86,0.06539906906352125,-21555.903532173095,1513.0192950497797,13331.011125075147,0
223.87083846780845,0.8431372549019608,0.06966957168013561,-21289.19149613341,1488.882955580274,13382.95571279159,0
220.59019259984254,0.8269230769230769,0.07316195147260042,-20490.94970296789,1466.387508410817,14242.34503206018,0
216.01689863492507,0.8076923076923077,0.07831319535589092,-18149.069592168064,1451.8649183344473,15613.754315887025,0
212.28512253054018,0.7884615384615384,0.08185175088046949,-17373.10799185375,1433.2088982339978,16459.983470773543,0
207.25116742244788,0.7692307692307693,0.08391272028363476,-16667.47714503289,1406.1935192885544,16537.8776500406,0
204.75584507428556,0.7547169811320755,0.0859482602616873,-16383.717833115323,1390.7540628238808,16780.484407510692,0
200.81592115451284,0.7358490566037735,0.09302856959246036,-15994.588473659316,1358.5910843044946,17636.08329107782,0
199.08424213803534,0.7222222222222222,0.09649226871001725,-14615.580624546414,1341.2080358603469,19333.107814407667,0
197.38478513725562,0.7090909090909091,0.09943513750750518,-15289.588888857012,1324.2727274056251,18076.681152918725,0
194.78243571743002,0.6909090909090909,0.10542217427366801,-13100.07561962286,1288.5909641548965,19757.22890768093,0
192.95110843990662,0.6785714285714286,0.10948802080275098,-12061.64712752926,1275.8096306117147,21033.19389125912,0
189.5768166286503,0.6607142857142857,0.11233874006462864,-12216.346404589467,1256.1952425461488,21333.157787753447,0
187.2966307176653,0.6491228070175439,0.11662613455858147,-11865.741460317333,1244.2677452778883,21574.533317587695,0
182.31224849152363,0.631578947368421,0.12228815652193781,-10838.191256091586,1237.0797695787383,21710.609259782454,0
180.03186452839012,0.6206896551724138,0.12626804051114862,-9697.910831634177,1224.9421760114078,23321.139329855414,0
176.75963000991135,0.603448275862069,0.13048976464643497,-9927.091515819733,1205.9324708142765,23034.5163520858,0
174.65358419616956,0.5932203389830508,0.13114544384560287,-8820.370645841758,1193.077765398597,24563.983596526366,0
172.91740162927235,0.576271186440678,0.13333220707651672,-9135.706758707094,1168.3330175198141,24100.81215348467,0
170.99075201698517,0.5833333333333334,0.13520483125138083,-7796.620573254809,1155.2200198423127,25889.27892954603,0
169.1501572327938,0.5666666666666667,0.13646984603508316,-7502.824109384059,1136.5999099600863,25569.94717646501,0
168.17297500993286,0.5573770491803278,0.14042406888539752,-6441.968904459818,1127.4028485562217,27035.42585490031,0
166.4321973524807,0.5409836065573771,0.14669884575393788,-5621.661868205302,1104.8100773458511,26062.62041318125,0
165.051564026526,0.532258064516129,0.14848479911070417,-5284.88519461091,1091.426533086032,26428.333400217496,0
162.05323614668768,0.5161290322580645,0.14808686250830316,-4342.440513676851,1080.2672213364583,28196.54871420765,0
160.93098945754042,0.5,0.15350657780161264,-2756.9887818593415,1055.7626391309318,29020.008526685855,0
159.1978082142196,0.49206349206349204,0.1544966244806669,-3127.6900698481354,1043.328334128977,28402.681774576027,0
156.5054422837986,0.47619047619047616,0.16032358072864178,-2021.4805249304939,1010.1430776026368,30153.485182693144,0
155.10069888445068,0.4603174603174603,0.16434282945195122,-1310.8397041085314,991.396162259113,30787.94408016359,0
153.83117225239553,0.453125,0.16468865656476792,-1608.6172656504311,982.7442170515974,30331.39570814511,0
152.0342040220986,0.4461538461538462,0.16853158497106416,-600.1992250040137,973.5263757817044,31814.60496758161,0
148.3437371922063,0.4307692307692308,0.16885940851038245,709.5368655131284,947.9887935269047,32046.439997822727,0
144.73033765529354,0.4153846153846154,0.17524929878854872,1119.6268533941736,929.3524831204113,32827.562947247505,0
143.1527456678627,0.4090909090909091,0.1765255360310194,1444.2210139049278,922.8526153723037,33331.30643936009,0
141.63375455045826,0.40298507462686567,0.18020790454579344,2542.457326039609,916.022711622884,34990.60027700367,0
138.6789300631455,0.3880597014925373,0.18185037612728067,2347.369278075524,890.3252787568283,33978.88519903327,0
136.11067694199826,0.373134328358209,0.18683162797927094,4686.281927394288,872.0842976774879,35874.58048154152,0
135.69744942172693,0.38235294117647056,0.19048540771451447,5057.420914408138,866.0325487457101,36524.05612099747,0
133.97685705552504,0.36764705882352944,0.19578611255072656,5043.867418504807,844.7513238364454,35482.48595564437,0
131.3830160078775,0.35294117647058826,0.2049994325399022,7297.365332536809,825.9621953835676,37002.52759244776,0
130.64560021461008,0.36231884057971014,0.20467863579576437,7101.148660119502,817.9845021786045,36878.10880072361,0
129.41904264442312,0.35714285714285715,0.20821071065132243,7883.32735416716,811.9138532582432,38136.20754382625,0
128.46970546305388,0.34285714285714286,0.21399197086053937,9113.833463058887,793.806010786524,39081.69468589296,0
127.39327782590375,0.3380281690140845,0.21859329835084162,9842.191018519814,790.7963449925959,40265.5313929657,0
