average_rtt,retransmission_rate,throughput_mbps,window_size_trend,average_rto,current_window_size,congestion
0.0,0.0,0.01568,0.0,0.0,585.0,1
0.0,0.0,0.02752,0.0,0.0,585.0,1
5.4916,0.0,0.03936,-6640.0,0.0,253.0,1
5.4916,0.0,0.0512,-6640.0,0.0,253.0,1
11.761949999999999,0.0,0.06304,0.0,0.0,585.0,1
11.761949999999999,0.0,0.07286563320013892,-5298.445647901139,0.0,254.0,1
22.0789,0.0,0.061910651032588124,64648.71422321856,0.0,7385.0,1
29.036075,0.0,0.04580521108499449,-2140.671463994675,0.0,253.0,1
29.036075,0.0,0.009793618058962505,-744.4473186711364,0.0,0.0,1
29.036075,0.0,0.010482583085079168,24.723073313865964,0.0,605.0,1
29.036075,0.0,0.011214349698898245,24.722993163355916,0.0,605.0,1
24.016740000000002,0.0,0.01188825833230192,-408.4128483365312,0.0,253.0,1
24.016740000000002,0.0,0.012615317473756446,-408.3741615919598,0.0,253.0,1
27.575033333333334,0.0,0.012638256799896672,23.3006209437623,0.0,605.0,1
27.575033333333334,0.0,0.012269239873745277,469.74886929199573,0.0,1023.0,1
27.575033333333334,0.0,0.012474934397148666,-342.9570835096519,0.0,254.0,1
27.017142857142858,0.0,0.012904461653827142,450.03804356999046,0.0,1030.0,1
24.32523333333333,0.0,0.0066878906744977,1092.8835433198067,0.0,1021.0,1
0.0,0.0,0.00864,0.0,0.0,0.0,1
0.0,0.0,0.010375579511552668,0.0,0.0,0.0,1
0.0,0.0,0.0033048249038355386,0.0,0.0,0.0,1
0.0,0.0,0.001427226900881653,35938.77246876839,0.0,49153.0,1
0.0,0.0,0.004942635890479111,35938.665965195236,0.0,49153.0,1
6.213500000000001,0.0,0.0053511717173610265,184.14668722692323,0.0,253.0,1
6.213500000000001,0.0,0.005944365141029355,182.87018247573283,0.0,253.0,1
6.213500000000001,0.0,0.006574349250835808,182.86173707799685,0.0,253.0,1
26.86785,0.0,0.006769706259006829,34346.755960875584,0.0,49153.0,1
26.86785,0.0,0.011135131321151891,-56155.69836444772,0.0,255.0,1
28.381966666666667,0.0,0.01154552405174888,-53332.65070563531,0.0,1038.0,1
31.4102,0.0,0.002024893270402174,-185.9595860573425,0.0,75.0,1
17.85345,0.0,0.002707125351528284,0.0,0.0,255.0,1
17.85345,0.0,0.0027776859689476463,-231.17164558800582,0.0,0.0,1
94.28333333333335,0.0,0.0028670024278028296,-147.6145414772624,0.0,75.0,1
125.7199,0.0,0.002007814039468967,130.18967114712322,0.0,255.0,1
92.88683333333334,0.0,0.0024797511442602484,685.1943951245423,0.0,1041.0,1
137.1819,0.0,0.0014891177693540142,119.56420045908143,0.0,251.0,1
100.1563,0.0,0.0018369718393757934,648.8141816399968,0.0,1047.0,1
26.6629,0.0,0.00308469099739042,0.0,0.0,255.0,1
25.4756,0.0,0.0037206950008654466,811.5817532375572,0.0,1042.0,1
23.101,0.0,0.0018082021572346733,0.0,0.0,255.0,1
34.8814,0.0,0.002390921854658986,725.1607312251755,0.0,1046.0,1
34.8814,0.0,0.0028990246612554294,0.0,0.0,255.0,1
34.8814,0.0,0.00355255896308332,-2.6697587397920746,0.0,252.0,1
34.8814,0.0,0.004079142094638388,-2.669595611674338,0.0,252.0,1
39.62746666666666,0.0,0.0045617432465691055,-205.07077948347458,0.0,18.0,1
39.498774999999995,0.0,0.0050429569427238455,680.2487963326333,0.0,1046.0,1
39.40812,0.0,0.005552062865797736,680.2480989538428,0.0,1046.0,1
34.210366666666665,0.0,0.006018619460969158,-2.5618414277678028,0.0,252.0,1
36.43224,0.0,0.005838066813866985,42634.62771775621,0.0,49155.0,1
33.057766666666666,0.0,0.006506523778718492,-2.579224542303842,0.0,252.0,1
33.057766666666666,0.0,0.007255812350361367,-2.5790802193227607,0.0,252.0,1
34.015457142857144,0.0,0.007535111924359448,40651.696061471426,0.0,49155.0,1
34.7256625,0.0,0.008053852704843024,40650.8405671056,0.0,49154.0,1
31.88136666666667,0.0,0.0030757809183162106,-34433.53637950153,0.0,255.0,1
35.535425000000004,0.0,0.00336009606029128,-33423.682807524056,0.0,135.0,1
46.4976,0.0,0.029884730644465736,230926.6054129402,0.0,49153.0,1
33.83265,0.0,0.03091260631682388,-17.173670176013268,0.0,251.0,1
33.83265,0.0,0.03464642977983991,-17.168696620336924,0.0,251.0,1
26.697066666666668,0.0,0.03531417345799406,199302.53226864446,0.0,49152.0,1
24.28,0.0,0.037022411170480087,195579.60663385532,0.0,49152.0,1
24.28,0.0,0.015136014950358307,0.0,0.0,255.0,1
24.28,0.0,0.014582218125878278,-355.9021460661333,0.0,0.0,1
52.2923,0.0,0.013694605440772759,967.5003306563133,0.0,1044.0,1
52.2923,0.0,0.013321174521614033,0.0,0.0,255.0,1
87.8646,0.0,0.010672569540594997,-123.1179742652686,0.0,115.0,1
215.0338,0.0,0.0037422277202056923,1182.7911938487962,0.0,1939.0,1
161.02736666666667,0.0,0.004409637458683827,0.0,0.0,255.0,1
134.082275,0.0,0.004462391597008531,1323.8337372398319,0.0,1939.0,1
134.082275,0.0,0.004360347445017239,-696.4814462359237,0.0,0.0,1
53.13075,0.0,0.00493991786580101,-1527.8563883764136,0.0,254.0,1
48.237300000000005,0.0,0.005404350072728663,-796.4582062435724,0.0,1030.0,1
38.4504,0.0,0.0017313619669121138,61160.73623484291,0.0,65535.0,1
38.4504,0.0,0.00274993470962886,0.91664490320962,0.0,255.0,1
36.161100000000005,0.0,0.003221887089714423,1498.035250046579,0.0,1939.0,1
36.161100000000005,0.0,0.0031502291402636354,49530.37295413063,0.0,65535.0,1
36.161100000000005,0.0,0.0039843414164699754,1254.412422786231,0.0,1939.0,1
36.161100000000005,0.0,0.004234106356643049,0.0,0.0,254.0,1
41.546,0.0,0.004568728341496307,0.7165508691179905,0.0,255.0,1
75.85490000000001,0.0,0.004633944101861195,42749.069680174514,0.0,64240.0,1
61.590840000000014,0.0,0.004626537289219276,43920.65910643299,0.0,65280.0,1
61.590840000000014,0.0,0.011899634546834216,43919.54961133377,0.0,65280.0,1
61.590840000000014,0.0,0.015005620408984791,43919.055725094426,0.0,65280.0,1
97.7454,0.0,0.041830046355579374,-126393.7792852763,0.0,75.0,1
82.04423333333334,0.0,0.042374668651035875,-125192.8287567104,0.0,254.0,1
99.51110000000001,0.0,0.03529300081388543,-4811.115300934045,0.0,62464.0,1
99.51110000000001,0.0,0.05196184757020639,-4811.108112883014,0.0,62464.0,1
99.51110000000001,0.0,0.06863067015278147,-4811.102721858836,0.0,62464.0,1
99.51110000000001,0.0,0.08476060059859059,-4811.100924853462,0.0,62464.0,1
87.62920000000001,0.0,0.08484514628425985,-396.71982364834713,0.0,65280.0,1
78.71692222222222,0.0,0.08591772128614443,-1980.6915199167038,0.0,64256.0,1
78.71692222222222,0.0,0.09778432622499411,-1980.6498359585626,0.0,64256.0,1
88.6285,0.0,0.0779633068537963,-3728.9016220409985,0.0,62464.0,1
88.6285,0.0,0.0792552021334618,-3728.899463044815,0.0,62464.0,1
96.73747272727273,0.0,0.09068757529391432,-4816.806062432494,0.0,61568.0,1
88.93614166666667,0.0,0.0908685909080684,-308.4596736096571,0.0,65280.0,1
82.3375076923077,0.0,0.09138752070874862,-308.44739756367665,0.0,65280.0,1
77.03179285714285,0.0,0.10240101574516236,-1537.9391631994206,0.0,64256.0,1
77.03179285714285,0.037037037037037035,0.0851347454536367,0.0,37.27772962962963,65535.0,1
83.93238666666666,0.03571428571428571,0.09516950754293922,-4930.9755434225735,35.946382142857146,60544.0,1
83.93238666666666,0.034482758620689655,0.10568144559348842,-4930.970897437558,34.706851724137934,60544.0,1
83.93238666666666,0.03333333333333333,0.11619341857417745,-4930.968574448334,33.54995666666667,60544.0,1
83.93238666666666,0.03225806451612903,0.12670535180490747,-4930.965089968601,32.4677,60544.0,1
83.93238666666666,0.03125,0.13721730250069958,-4930.962766984849,31.453084375000003,60544.0,1
83.93238666666666,0.030303030303030304,0.1477292084944204,-4930.959282513323,30.499960606060608,60544.0,1
83.93238666666666,0.029411764705882353,0.15755482298287707,-4909.570710176436,29.602902941176474,60544.0,1
83.93238666666666,0.02857142857142857,0.16802048027798097,-4909.548833001985,28.757105714285718,60544.0,1
83.93238666666666,0.027777777777777776,0.17848663034118578,-4909.543075883218,27.958297222222225,60544.0,1
79.0108125,0.02702702702702703,0.1787762783197383,-250.64850985008394,27.20266756756757,65280.0,1
74.66918823529411,0.02631578947368421,0.17919788274118373,-250.6442806781882,26.486807894736845,65280.0,1
70.8107611111111,0.02564102564102564,0.17961972549029717,-250.64040406265474,25.807658974358976,65280.0,1
67.41218947368421,0.025,0.17908772444163276,-249.30869618627088,25.1624675,65280.0,1
66.528205,0.024390243902439025,0.17218781604776046,-239.13932449663912,24.548748780487806,65280.0,1
66.528205,0.023809523809523808,0.16861631796763502,-4332.420632266311,23.964254761904765,60544.0,1
120.02795714285715,0.023255813953488372,0.1637010452213223,-1088.2143113301938,23.406946511627908,64240.0,1
114.8099590909091,0.022727272727272728,0.16334592386354432,-213.3436313522014,22.87497045454546,65280.0,1
114.8099590909091,0.022222222222222223,0.17223751890522523,-213.33090791156226,22.36663777777778,65280.0,1
114.8099590909091,0.021739130434782608,0.1763477819784691,-213.32392981266423,21.880406521739133,65280.0,1
112.22364782608696,0.02127659574468085,0.17495699937183262,-211.20869394702186,21.41486595744681,65280.0,1
112.22364782608696,0.020833333333333332,0.18176773133337748,-4088.85639956771,20.968722916666668,60544.0,1
112.22364782608696,0.02040816326530612,0.19048435912531883,-4088.8532049720716,20.540789795918368,60544.0,1
112.22364782608696,0.02,0.19914025554695094,-4087.6037023542153,20.129974,60544.0,1
112.22364782608696,0.0196078431372549,0.20766143080584623,-4083.80958088505,19.73526862745098,60544.0,1
112.22364782608696,0.019230769230769232,0.21636732179733958,-4083.8071908487696,19.355744230769233,60544.0,1
112.22364782608696,0.018867924528301886,0.2250732025986501,-4083.8048008152873,18.990541509433964,60544.0,1
112.22364782608696,0.018518518518518517,0.23377911881589872,-4083.8032074611865,18.638864814814816,60544.0,1
112.22364782608696,0.01818181818181818,0.24248498093522675,-4083.8008174323663,18.299976363636365,60544.0,1
112.22364782608696,0.017857142857142856,0.2507560012969959,-4076.7290433408903,17.973191071428573,60544.0,1
112.22364782608696,0.017543859649122806,0.2594460654275788,-4076.7155467618054,17.657871929824562,60544.0,1
107.70913333333333,0.017241379310344827,0.259747788189614,-208.24640949101934,17.353425862068967,65280.0,1
103.496552,0.01694915254237288,0.2600948595825146,-208.24182782057304,17.0593,65280.0,1
103.496552,0.016666666666666666,0.26878249129087967,-4075.802750330503,16.774978333333333,60544.0,1
103.496552,0.01639344262295082,0.2774712775797573,-4075.800369656976,16.499978688524592,60544.0,1
99.60891923076922,0.016129032258064516,0.27782000488144126,-208.237611240087,16.23385,65280.0,1
96.01055185185184,0.015873015873015872,0.2781645519105044,-208.231448852685,15.976169841269844,65280.0,1
96.01055185185184,0.015625,0.2866432771969417,-4072.6389105270327,15.726542187500002,60544.0,1
96.01055185185184,0.015384615384615385,0.29532496366905836,-4072.6317795984482,15.484595384615385,60544.0,1
96.01055185185184,0.015151515151515152,0.30400685631485996,-4072.627817982247,15.249980303030304,60544.0,1
96.01055185185184,0.014925373134328358,0.31261277014211003,-4071.6344879417306,15.02236865671642,60544.0,1
92.74329642857141,0.014705882352941176,0.3122012329047105,-207.52000456349103,14.801451470588237,65280.0,1
89.69439999999999,0.014492753623188406,0.31253430107557756,-207.50772468721954,14.586937681159421,65280.0,1
86.93108666666666,0.014285714285714285,0.3120167919003368,-206.93136452547202,14.378552857142859,65280.0,1
84.3387129032258,0.014084507042253521,0.31234898667534416,-206.91919424467113,14.176038028169016,65280.0,1
84.3387129032258,0.013888888888888888,0.31604533405972873,-3987.6386924425287,13.979148611111112,60544.0,1
84.3387129032258,0.0136986301369863,0.32445356227139605,-3986.498860919868,13.787653424657536,60544.0,1
81.91380000000001,0.013513513513513514,0.32305903834173416,-202.58718959556907,13.601333783783785,65280.0,1
84.55211515151517,0.013333333333333334,0.2983733165466306,1126.5815077730012,13.419982666666668,67072.0,1
87.03411470588236,0.013157894736842105,0.2986897526569248,3002.993631069685,13.243403947368423,69632.0,1
87.03411470588236,0.012987012987012988,0.3004370046718862,3002.9920567099252,13.07141168831169,69632.0,1
84.65518,0.01282051282051282,0.3002987732992595,-186.3929469742162,12.903829487179488,65280.0,1
84.65518,0.012658227848101266,0.2970531470665236,-3517.653027980552,12.740489873417722,60544.0,1
84.65518,0.0125,0.3045520574969354,-3517.6512546913873,12.58123375,60544.0,1
84.65518,0.012345679012345678,0.31205069818636066,-3517.6465259290217,12.42590987654321,60544.0,1
84.65518,0.012195121951219513,0.31954862066840145,-3517.634112988301,12.274374390243903,60544.0,1
84.65518,0.012048192771084338,0.3270474794358082,-3517.6323397182064,12.126490361445784,60544.0,1
84.65518,0.011904761904761904,0.334546386858629,-3517.631157539137,11.982127380952383,60544.0,1
84.65518,0.011764705882352941,0.3420451168132837,-3517.628202094939,11.841161176470589,60544.0,1
84.65518,0.011627906976744186,0.34954401037521426,-3517.6270199186506,11.703473255813954,60544.0,1
84.65518,0.011494252873563218,0.35704283890078303,-3517.6252466557075,11.568950574712645,60544.0,1
84.65518,0.011363636363636364,0.36454165986592085,-3517.623473394552,11.43748522727273,60544.0,1
84.65518,0.011235955056179775,0.3720404732706392,-3517.6217001351847,11.308974157303371,60544.0,1
84.65518,0.011111111111111112,0.3795392791149495,-3517.6199268776054,11.18331888888889,60544.0,1
84.65518,0.01098901098901099,0.3870381424350374,-3517.6187447068787,11.060425274725276,60544.0,1
84.65518,0.010869565217391304,0.393900194114727,-3511.9399148730286,10.940203260869566,60544.0,1
84.65518,0.010752688172043012,0.40138674195386215,-3511.9369689844293,10.822566666666667,60544.0,1
84.65518,0.010638297872340425,0.40887327723326233,-3511.9340231007727,10.707432978723405,60544.0,1
84.65518,0.010526315789473684,0.416359799952959,-3511.931077222058,10.594723157894737,60544.0,1
84.65518,0.010416666666666666,0.4238460967949421,-3511.926363826394,10.484361458333334,60544.0,1
84.65518,0.010309278350515464,0.4313181187373668,-3511.805587378298,10.37627525773196,60544.0,1
84.65518,0.01020408163265306,0.4378504905334182,-3504.1688018772134,10.270394897959184,60544.0,1
84.65518,0.010101010101010102,0.44532043559798706,-3504.1658690113286,10.166653535353536,60544.0,1
84.65518,0.01,0.452790595540084,-3504.1646958663496,10.064987,60544.0,1
84.65518,0.009900990099009901,0.46026067343603216,-3504.1629361503537,9.965333663366337,60544.0,1
84.65518,0.00980392156862745,0.46773074382935986,-3504.161176436125,9.86763431372549,60544.0,1
82.46312777777779,0.009708737864077669,0.4679424030205125,-178.9994251185536,9.771832038834953,65280.0,1
80.3921945945946,0.009615384615384616,0.4682114058553627,-178.98633472019964,9.677872115384616,65280.0,1
78.43127105263159,0.009523809523809525,0.46850145811856253,-178.98130276534326,9.585701904761907,65280.0,1
76.57166923076925,0.009433962264150943,0.4687943966220211,-178.97737923496135,9.495270754716982,65280.0,1
74.80577000000001,0.009345794392523364,0.4690876362628698,-178.97357567125079,9.406529906542056,65280.0,1
73.12674390243903,0.009259259259259259,0.46938054927035666,-178.9696524796361,9.319432407407408,65280.0,1
71.47684523809525,0.009174311926605505,0.4696309362407478,-178.9495301089494,9.233933027522937,65280.0,1
69.90435348837211,0.00909090909090909,0.4699237979876666,-178.9456079714342,9.149988181818182,65280.0,1
68.40439090909092,0.009009009009009009,0.47021066804926565,-178.93941074582548,9.067555855855856,65280.0,1
68.40439090909092,0.008928571428571428,0.4771109813242784,-3498.1503522585995,8.986595535714287,60544.0,1
68.40439090909092,0.008849557522123894,0.48456790193319227,-3498.1462603398554,8.907068141592921,60544.0,1
68.40439090909092,0.008771929824561403,0.4920247228769496,-3498.1415838730136,8.828935964912281,60544.0,1
68.40439090909092,0.008695652173913044,0.4993767962204775,-3497.4034434446608,8.752162608695652,60544.0,1
68.40439090909092,0.008620689655172414,0.5068323526536198,-3497.4011062026,8.676712931034483,60544.0,1
68.40439090909092,0.008547008547008548,0.5142879850439185,-3497.3993532731047,8.602552991452992,60544.0,1
68.40439090909092,0.00847457627118644,0.5217435227930564,-3497.3970160365106,8.52965,60544.0,1
68.40439090909092,0.008403361344537815,0.5291991389904858,-3497.395263111115,8.457972268907564,60544.0,1
68.40439090909092,0.008333333333333333,0.5366548373729061,-3497.394094495161,8.387489166666667,60544.0,1
66.98282444444446,0.008264462809917356,0.5363280886659606,-178.4792640339461,8.318171074380166,65280.0,1
65.62488695652175,0.00819672131147541,0.5365983072046039,-178.468572404962,8.249989344262296,65280.0,1
64.32548085106383,0.008130081300813009,0.5368869471668198,-178.46401619470217,8.182916260162603,65280.0,1
63.131550000000004,0.008064516129032258,0.5353485059678952,-177.85247563970003,8.116925,65280.0,1
61.981655102040826,0.008,0.5356226434294876,-177.84345582619704,8.0519896,65280.0,1
60.878116000000006,0.007936507936507936,0.5359165348913697,-177.84100141235564,7.988084920634922,65280.0,1
59.8180843137255,0.007874015748031496,0.536212825522329,-177.83934546056764,7.925186614173229,65280.0,1
59.8180843137255,0.0078125,0.5356525193895467,-3429.670308649125,7.863271093750001,60544.0,1
59.8180843137255,0.007751937984496124,0.5429637516364584,-3429.668622956782,7.8023155038759695,60544.0,1
59.8180843137255,0.007692307692307693,0.5502738046989505,-3429.659632625604,7.742297692307693,60544.0,1
59.8180843137255,0.007633587786259542,0.557570756572391,-3429.570293770955,7.683196183206108,60544.0,1
59.8180843137255,0.007575757575757576,0.5648818573834758,-3429.5691700414177,7.624990151515152,60544.0,1
58.737471153846165,0.007518796992481203,0.5637904529469743,-174.7930269587675,7.567659398496241,65280.0,1
57.69970000000001,0.007462686567164179,0.5640426031172265,-174.77940208000308,7.51118432835821,65280.0,1
56.70013333333335,0.007407407407407408,0.5643286480727338,-174.77628893624552,7.455545925925927,65280.0,1
58.876670909090926,0.007462686567164179,0.553273186602883,45521.719782470565,7.51118432835821,69632.0,1
59.13316363636365,0.007462686567164179,0.6130055325986103,-380.8219141864464,7.51118432835821,65024.0,1
59.13316363636365,0.007407407407407408,0.6174829019900253,-3698.855922563126,7.455545925925927,60544.0,1
59.13316363636365,0.007352941176470588,0.6253671560580232,-3698.849386946209,7.4007257352941185,60544.0,1
59.13316363636365,0.0072992700729927005,0.632827488014222,-3696.366870627688,7.346705839416059,60544.0,1
59.13316363636365,0.007246376811594203,0.6407068620155975,-3696.362954530566,7.293468840579711,60544.0,1
59.13316363636365,0.007194244604316547,0.6485865628919724,-3696.3609964851166,7.240997841726619,60544.0,1
59.13316363636365,0.007142857142857143,0.656466255420247,-3696.3590384417416,7.1892764285714295,60544.0,1
59.13316363636365,0.0070921985815602835,0.6625905289714136,-3686.590144048735,7.13828865248227,60544.0,1
59.13316363636365,0.007042253521126761,0.6704477321739871,-3686.5791070787354,7.088019014084508,60544.0,1
59.13316363636365,0.006993006993006993,0.6783064412327677,-3686.576510154222,7.038452447552448,60544.0,1
59.13316363636365,0.006944444444444444,0.6861652600579743,-3686.5745624632377,6.989574305555556,60544.0,1
59.13316363636365,0.006896551724137931,0.6940241928014002,-3686.573264003725,6.941370344827587,60544.0,1
59.13316363636365,0.00684931506849315,0.7018829964026744,-3686.571316316171,6.893826712328768,60544.0,1
59.13316363636365,0.006802721088435374,0.7097419166900741,-3686.570017858945,6.84692993197279,60544.0,1
59.13316363636365,0.006756756756756757,0.7176007050674575,-3686.5680701748206,6.800666891891892,60544.0,1
59.13316363636365,0.006711409395973154,0.725459612898863,-3686.566771719881,6.755024832214766,60544.0,1
59.13316363636365,0.006666666666666667,0.733318515194261,-3686.5654732658563,6.709991333333334,60544.0,1
59.13316363636365,0.006622516556291391,0.7411772814278396,-3686.5635255865345,6.665554304635762,60544.0,1
59.13316363636365,0.006578947368421052,0.7490361712672885,-3686.562227134796,6.621701973684211,60544.0,1
59.13316363636365,0.006535947712418301,0.7568950555707495,-3686.5609286839726,6.578422875816994,60544.0,1
59.13316363636365,0.006493506493506494,0.7647537996606089,-3686.5589810094525,6.535705844155845,60544.0,1
59.13316363636365,0.0064516129032258064,0.7726123993851798,-3686.556384113294,6.49354,60544.0,1
59.13316363636365,0.00641025641025641,0.7804620541965742,-3686.511588230436,6.451914743589744,60544.0,1
59.13316363636365,0.006369426751592357,0.788320819481414,-3686.510289815283,6.4108197452229305,60544.0,1
59.13316363636365,0.006329113924050633,0.7961794390204988,-3686.5083421942695,6.370244936708861,60544.0,1
58.172267857142856,0.006289308176100629,0.7960247103108101,-188.23891182151203,6.330180503144654,65280.0,1
57.23003157894737,0.00625,0.796314598063487,-188.23205420419922,6.290616875,65280.0,1
56.32184137931034,0.006211180124223602,0.7965795114631812,-188.21930102733785,6.251544720496895,65280.0,1
56.32184137931034,0.006172839506172839,0.8040324848784186,-3682.097074113259,6.212954938271605,60544.0,1
56.32184137931034,0.006134969325153374,0.8117640349595646,-3681.5615422278,6.174838650306749,60544.0,1
56.32184137931034,0.006097560975609756,0.8196122369182187,-3681.5602472971873,6.137187195121951,60544.0,1
56.32184137931034,0.006060606060606061,0.8269642067798946,-3679.3511278967253,6.0999921212121215,60544.0,1
55.4465813559322,0.006024096385542169,0.8260513363176506,48053.33923200191,6.063245180722892,130816.0,1
55.4465813559322,0.005988023952095809,0.8338660246593267,-3673.7980024316757,6.026938323353294,60544.0,1
55.4465813559322,0.005952380952380952,0.8416972257263914,-3673.7947787459507,5.991063690476191,60544.0,1
55.4465813559322,0.005917159763313609,0.8495287112276716,-3673.7928445372313,5.9556136094674565,60544.0,1
55.4465813559322,0.0058823529411764705,0.8573601884825905,-3673.7909103305483,5.920580588235294,60544.0,1
55.4465813559322,0.005847953216374269,0.8651916574911611,-3673.788976125902,5.885957309941521,60544.0,1
55.4465813559322,0.005813953488372093,0.8730231182533965,-3673.7870419232927,5.851736627906977,60544.0,1
54.60126666666667,0.005780346820809248,0.8733312968141393,48051.652619972345,5.817911560693642,130816.0,1
53.78397049180328,0.005747126436781609,0.873636555447843,48050.952710742094,5.784475287356322,130816.0,1
52.99328870967742,0.005714285714285714,0.8739437989625791,48050.362441698155,5.751421142857144,130816.0,1
52.22794761904762,0.005681818181818182,0.8742513417681712,48049.78905137029,5.718742613636365,130816.0,1
51.4867546875,0.005649717514124294,0.8745591841777198,48049.232538550525,5.6864333333333335,130816.0,1
50.76859846153846,0.0056179775280898875,0.8748667124082489,48048.659175188695,5.654487078651686,130816.0,1
50.07217272727273,0.00558659217877095,0.8751746940283356,48048.11112006063,5.622897765363129,130816.0,1
49.396744776119405,0.005555555555555556,0.8754829758800792,48047.579940098534,5.591659444444445,130816.0,1
48.71464705882353,0.0055248618784530384,0.8757914045968646,48047.0572030307,5.560766298342542,130816.0,1
48.71464705882353,0.005494505494505495,0.8833750848056698,-3672.3659536695113,5.530212637362638,60544.0,1
48.71464705882353,0.00546448087431694,0.8912033461837633,-3672.3633767306383,5.499992896174864,60544.0,1
48.71464705882353,0.005434782608695652,0.8990303348577968,-3672.355645935717,5.470101630434783,60544.0,1
48.71464705882353,0.005405405405405406,0.906858722365517,-3672.3537132420724,5.440533513513514,60544.0,1
48.71464705882353,0.005376344086021506,0.9146872620943444,-3672.352424780773,5.4112833333333334,60544.0,1
48.71464705882353,0.0053475935828877,0.9225156344955612,-3672.350492090519,5.382345989304813,60544.0,1
48.71464705882353,0.005319148936170213,0.930343998656931,-3672.348559402299,5.353716489361703,60544.0,1
48.71464705882353,0.005291005291005291,0.9381725191591647,-3672.347270944616,5.325389947089947,60544.0,1
48.11505217391304,0.005263157894736842,0.9352179930196274,47865.87465292619,5.297361578947369,130816.0,1
47.50375714285714,0.005235602094240838,0.9355118517896709,47864.70320577086,5.269626701570681,130816.0,1
46.909757746478874,0.005208333333333333,0.9358240180655758,47864.468923220425,5.242180729166667,130816.0,1
46.33232638888889,0.0051813471502590676,0.9361363449308804,47864.24301007601,5.215019170984457,130816.0,1
45.76358219178082,0.005154639175257732,0.9364489962463367,47864.03383314003,5.18813762886598,130816.0,1
45.210243243243234,0.005128205128205128,0.9367614810759276,47863.81629106605,5.161531794871795,130816.0,1
44.67172533333333,0.00510204081632653,0.9370739630650438,47863.598750969526,5.135197448979592,130816.0,1
44.14744342105263,0.005076142131979695,0.9373866060746541,47863.38957966459,5.109130456852792,130816.0,1
44.14744342105263,0.00510204081632653,0.8636989819779803,40447.23043946357,5.135197448979592,60544.0,1
44.14744342105263,0.005076142131979695,0.8708364267097977,40447.19809186483,5.109130456852792,60544.0,1
44.14744342105263,0.005050505050505051,0.877358359324329,40418.810391155625,5.083326767676768,60544.0,1
44.14744342105263,0.005025125628140704,0.884490495304143,40418.76516815033,5.057782412060302,60544.0,1
44.14744342105263,0.005,0.8916229003529362,40418.73286606565,5.0324935,60544.0,1
44.14744342105263,0.004975124378109453,0.898754863038828,40418.68118283755,5.007456218905473,60544.0,1
44.14744342105263,0.0049504950495049506,0.90588753145572,40418.66180166109,4.982666831683169,60544.0,1
44.14744342105263,0.0049261083743842365,0.9130203389664061,40418.64888088711,4.958121674876848,60544.0,1
44.14744342105263,0.004901960784313725,0.9200340272134675,40413.403729082485,4.933817156862745,60544.0,1
44.14744342105263,0.004878048780487805,0.9271656059425941,40413.3778942658,4.909749756097561,60544.0,1
44.14744342105263,0.0048543689320388345,0.9342973248692746,40413.35851817497,4.885916019417476,60544.0,1
44.14744342105263,0.004830917874396135,0.9414290369573896,40413.33914210272,4.862312560386474,60544.0,1
44.14744342105263,0.004807692307692308,0.9485590746663853,40413.248720677875,4.838936057692308,60544.0,1
44.14744342105263,0.004784688995215311,0.9547705087074546,40374.31471883465,4.815783253588517,60544.0,1
44.14744342105263,0.004761904761904762,0.9618953209654338,40374.29538018318,4.792850952380953,60544.0,1
43.65384675324675,0.004739336492890996,0.959967418382748,87231.74291825236,4.770136018957347,130816.0,1
43.16034487179486,0.0047169811320754715,0.9602119972328815,87227.74121421577,4.747635377358491,130816.0,1
42.67953417721518,0.004694835680751174,0.9604885276076004,87226.64358873479,4.725346009389672,130816.0,1
42.21092375,0.004672897196261682,0.9607671934853472,87225.74049987616,4.703264953271028,130816.0,1
41.75167037037037,0.004651162790697674,0.9610460066690888,87224.85132296277,4.681389302325582,130816.0,1
41.303784146341464,0.004629629629629629,0.9613249672875478,87223.97605714429,4.659716203703704,130816.0,1
40.84949518072289,0.004608294930875576,0.9616040754695824,87223.11470158373,4.638242857142858,130816.0,1
40.84949518072289,0.004608294930875576,0.9809423726218173,40797.2601579163,4.638242857142858,60544.0,1
40.84949518072289,0.0045871559633027525,0.988141609475616,40797.227247478106,4.616966513761469,60544.0,1
40.84949518072289,0.0045662100456621,0.9953411558839075,40797.20750124068,4.595884474885845,60544.0,1
40.84949518072289,0.004545454545454545,1.0025405335766715,40797.18117295384,4.574994090909091,60544.0,1
40.84949518072289,0.004524886877828055,1.0097399019772721,40797.15484470098,4.554292760180996,60544.0,1
40.84949518072289,0.0045045045045045045,1.0164505703122935,40777.52343184083,4.533777927927928,60544.0,1
40.84949518072289,0.004484304932735426,1.0236464607941915,40777.497128953895,4.513447085201794,60544.0,1
40.84949518072289,0.004464285714285714,1.0308420095290773,40777.45767468712,4.493297767857143,60544.0,1
40.84949518072289,0.0044444444444444444,1.037278140447222,40747.58641884592,4.473327555555556,60544.0,1
40.84949518072289,0.004424778761061947,1.0444683979991563,40747.547022438106,4.453534070796461,60544.0,1
40.44584523809524,0.004405286343612335,1.041143422722475,87936.8135684235,4.4339149779735685,130816.0,1
40.44584523809524,0.0043859649122807015,1.0414460324751296,87932.33741223426,4.414467982456141,130816.0,1
40.44584523809524,0.004366812227074236,1.0417885903037636,87931.23609350172,4.395190829694323,130816.0,1
40.44584523809524,0.004347826086956522,1.0421331475753404,87930.30422996749,4.376081304347826,130816.0,1
40.44584523809524,0.004329004329004329,1.042477697544007,87929.37238618416,4.35713722943723,130816.0,1
40.44584523809524,0.004310344827586207,1.0428224076527477,87928.45468054971,4.338356465517242,130816.0,1
40.44584523809524,0.004291845493562232,1.0432105469765875,87927.56523029237,4.319736909871245,130816.0,1
40.44584523809524,0.004273504273504274,1.0435985108839672,87926.66168020217,4.301276495726496,130816.0,1
40.44584523809524,0.00425531914893617,1.0439866344425117,87925.77226621889,4.282973191489362,130816.0,1
40.44584523809524,0.00423728813559322,1.0443747501490803,87924.88287022899,4.264825,130816.0,1
40.44584523809524,0.004219409282700422,1.0509944109355491,40579.89894053041,4.246829957805907,60544.0,1
40.44584523809524,0.004201680672268907,1.0481366594723633,87607.08458001795,4.228986134453782,130816.0,1
40.44584523809524,0.0041841004184100415,1.0505768777329334,40274.073162779976,4.211291631799163,60544.0,1
40.44584523809524,0.004166666666666667,1.0576835672224305,40274.03467667504,4.193744583333333,60544.0,1
40.44584523809524,0.004149377593360996,1.0647905823023025,40274.0090193126,4.176343153526972,60544.0,1
40.44584523809524,0.004132231404958678,1.0718977590451095,40273.989776312235,4.159085537190083,60544.0,1
40.44584523809524,0.00411522633744856,1.0790045852961023,40273.95770468582,4.141969958847737,60544.0,1
40.44584523809524,0.004098360655737705,1.0861117461919232,40273.938461734484,4.124994672131148,60544.0,1
40.44584523809524,0.004081632653061225,1.0932187261824142,40273.91280449464,4.108157959183674,60544.0,1
40.44584523809524,0.0040650406504065045,1.1003256971176512,40273.887147287496,4.0914581300813015,60544.0,1
40.44584523809524,0.004048582995951417,1.107432658997651,40273.861490113035,4.074893522267207,60544.0,1
40.44584523809524,0.004032258064516129,1.1145396118224316,40273.835832971265,4.0584625,60544.0,1
40.44584523809524,0.004016064257028112,1.1216463769511948,40273.803761590025,4.042163453815261,60544.0,1
40.44584523809524,0.004,1.1287491757798613,40273.63057701398,4.0259948,60544.0,1
40.44584523809524,0.00398406374501992,1.1358560742764714,40273.60492016643,4.009954980079682,60544.0,1
40.44584523809524,0.003968253968253968,1.1429629637180003,40273.57926335156,3.994042460317461,60544.0,1
40.44584523809524,0.003952569169960474,1.150070027271052,40273.56002076186,3.9782557312252966,60544.0,1
40.44584523809524,0.003937007874015748,1.1571768997342335,40273.53436400421,3.9625933070866144,60544.0,1
40.44584523809524,0.00392156862745098,1.164283763142383,40273.508707279245,3.9470537254901963,60544.0,1
40.44584523809524,0.00390625,1.1713902443718442,40273.47022225308,3.9316355468750004,60544.0,1
40.44584523809524,0.0038910505836575876,1.178376600479116,40269.32709799651,3.9163373540856035,60544.0,1
40.44584523809524,0.003875968992248062,1.1854830855225138,40269.31427231008,3.9011577519379848,60544.0,1
40.44584523809524,0.003861003861003861,1.192589566039115,40269.301446631835,3.886095366795367,60544.0,1
40.44584523809524,0.0038461538461538464,1.1996960420289244,40269.28862096175,3.8711488461538464,60544.0,1
40.44584523809524,0.0038314176245210726,1.206802513491946,40269.275795299836,3.856316858237548,60544.0,1
40.44584523809524,0.003816793893129771,1.2139089804281846,40269.26296964609,3.841598091603054,60544.0,1
40.44584523809524,0.0038022813688212928,1.2206830324582831,40258.28720590218,3.826991254752852,60544.0,1
40.44584523809524,0.003787878787878788,1.227787555778726,40258.274387247155,3.812495075757576,60544.0,1
40.44584523809524,0.0037735849056603774,1.2348920745748626,40258.26156860029,3.798108301886793,60544.0,1
40.44584523809524,0.0037593984962406013,1.2419965888466977,40258.24874996159,3.7838296992481206,60544.0,1
40.44584523809524,0.003745318352059925,1.2491010985942357,40258.23593133105,3.7696580524344574,60544.0,1
40.44584523809524,0.0037313432835820895,1.2562056038174805,40258.22311270868,3.755592164179105,60544.0,1
40.44584523809524,0.0037174721189591076,1.263308294392397,40258.152610431534,3.7416308550185877,60544.0,1
40.44584523809524,0.003703703703703704,1.2704127803880263,40258.139791862224,3.7277729629629635,60544.0,1
40.44584523809524,0.0036900369003690036,1.276994568831552,40241.655460225724,3.714017343173432,60544.0,1
40.44584523809524,0.003676470588235294,1.2840961391667685,40241.64265215994,3.7003628676470592,60544.0,1
40.44584523809524,0.003663003663003663,1.2911974995010982,40241.62344007657,3.6868084249084254,60544.0,1
40.44584523809524,0.0036496350364963502,1.2982990596651327,40241.610632031174,3.6733529197080297,60544.0,1
40.44584523809524,0.0036363636363636364,1.305400823049092,40241.60422801153,3.659995272727273,60544.0,1
40.44584523809524,0.0036231884057971015,1.312502375302106,40241.591419978366,3.6467344202898553,60544.0,1
40.44584523809524,0.0036101083032490976,1.3196039230345797,40241.57861195336,3.6335693140794225,60544.0,1
40.44584523809524,0.0035971223021582736,1.3267054662465183,40241.56580393649,3.6204989208633096,60544.0,1
40.44584523809524,0.0035842293906810036,1.3338072171987323,40241.559399931124,3.6075222222222227,60544.0,1
40.44584523809524,0.0035714285714285713,1.3409085391088058,40241.54018792724,3.5946382142857147,60544.0,1
40.44584523809524,0.0035587188612099642,1.348010283280096,40241.53378393002,3.5818459074733098,60544.0,1
40.44584523809524,0.0035460992907801418,1.3551118095399963,40241.5209759417,3.569144326241135,60544.0,1
40.44584523809524,0.0035335689045936395,1.3622115970328914,40241.45693612238,3.556532508833923,60544.0,1
40.30283373493975,0.0035335689045936395,1.4543775432329649,47444.5029097224,3.556532508833923,130816.0,1
40.30283373493975,0.0035211267605633804,1.454723544208552,47442.02828172996,3.544009507042254,130816.0,1
40.30283373493975,0.0035087719298245615,1.455126119868882,47441.399590010056,3.5315743859649125,130816.0,1
40.30283373493975,0.0034965034965034965,1.455531157697518,47440.85151338772,3.519226223776224,130816.0,1
40.30283373493975,0.003484320557491289,1.4559371755690071,47440.33568813465,3.506964111498258,130816.0,1
40.30283373493975,0.003472222222222222,1.4563880465869559,47439.79569559089,3.494787152777778,130816.0,1
40.30283373493975,0.0034602076124567475,1.456839154838987,47439.26377465635,3.4826944636678205,130816.0,1
40.30283373493975,0.0034482758620689655,1.4572909956913702,47438.75604307339,3.4706851724137935,130816.0,1
40.30283373493975,0.003436426116838488,1.4577884296100716,47438.24832235858,3.4587584192439866,130816.0,1
40.30283373493975,0.003424657534246575,1.4582858528811582,47437.740612511574,3.446913356164384,130816.0,1
40.30283373493975,0.0034129692832764505,1.4587835133228257,47437.24097216111,3.4351491467576794,130816.0,1
40.30283373493975,0.003401360544217687,1.4592799237832623,47436.70105006624,3.423464965986395,130816.0,1
40.30283373493975,0.003389830508474576,1.4597763229437195,47436.16114026183,3.4118600000000003,130816.0,1
40.30283373493975,0.0033783783783783786,1.4602732069295716,47435.6373589132,3.400333445945946,130816.0,1
40.30283373493975,0.003367003367003367,1.4607700799425425,47435.11358913144,3.388884511784512,130816.0,1
40.30283373493975,0.003355704697986577,1.46126644553135,47434.57371546219,3.377512416107383,130816.0,1
40.30283373493975,0.0033444816053511705,1.4617560955573006,47433.81630147688,3.3662163879598666,130816.0,1
40.30283373493975,0.0033333333333333335,1.4622489589476508,47433.16365563562,3.354995666666667,130816.0,1
40.30283373493975,0.0033222591362126247,1.4627425541725312,47432.53519883651,3.34384950166113,130816.0,1
40.30283373493975,0.0033112582781456954,1.4632356392254489,47431.89064505948,3.332777152317881,130816.0,1
40.30283373493975,0.0033003300330033004,1.4637289595042309,47431.25416539485,3.3217778877887794,130816.0,1
40.30283373493975,0.003289473684210526,1.464221023009199,47430.57742094436,3.3108509868421057,130816.0,1
40.30283373493975,0.003278688524590164,1.4647143164075265,47429.94097652283,3.2999957377049185,130816.0,1
40.30283373493975,0.0032679738562091504,1.4652063522307586,47429.264269544445,3.289211437908497,130816.0,1
40.30283373493975,0.003257328990228013,1.465700365594013,47428.65202748837,3.2784973941368083,130816.0,1
40.30283373493975,0.003246753246753247,1.4661936191182268,47428.015634737,3.2678529220779224,130816.0,1
40.30283373493975,0.003236245954692557,1.4666863611885035,47427.36314850859,3.2572773462783173,130816.0,1
40.30283373493975,0.0032258064516129032,1.4671758502539305,47426.60596477414,3.24677,130816.0,1
40.30283373493975,0.003215434083601286,1.4676675670952675,47425.92129817003,3.236330225080386,130816.0,1
40.30283373493975,0.003205128205128205,1.4681615138708508,47425.30914241605,3.225957371794872,130816.0,1
40.30283373493975,0.003194888178913738,1.4686467179334068,47424.4151012227,3.215650798722045,130816.0,1
40.30283373493975,0.0031847133757961785,1.4691373928044162,47423.6982817315,3.2054098726114653,130816.0,1
40.30283373493975,0.0031746031746031746,1.4696288015982932,47423.00564528086,3.1952339682539685,130816.0,1
40.30283373493975,0.0031645569620253164,1.4701216940306479,47422.36135046747,3.1851224683544306,130816.0,1
40.30283373493975,0.0031545741324921135,1.4706033345861738,47421.35467486889,3.1750747634069403,130816.0,1
40.30283373493975,0.0031446540880503146,1.4710907005455298,47420.53325924653,3.165090251572327,130816.0,1
40.30283373493975,0.003134796238244514,1.4715797989166677,47419.76824087831,3.155168338557994,130816.0,1
40.30283373493975,0.003125,1.4720666317025901,47418.93077538719,3.1453084375,130816.0,1
40.30283373493975,0.003115264797507788,1.4725574482025854,47418.22217384475,3.1355099688473524,130816.0,1
40.30283373493975,0.003105590062111801,1.4730477497597625,47417.49748962679,3.1257723602484475,130816.0,1
40.30283373493975,0.0030959752321981426,1.473538286547211,47416.78087923799,3.1160950464396286,130816.0,1
40.30283373493975,0.0030864197530864196,1.4740250540780193,47415.943519260305,3.1064774691358026,130816.0,1
40.30283373493975,0.003076923076923077,1.4745150592722434,47415.21085354007,3.0969190769230774,130816.0,1
40.30283373493975,0.003067484662576687,1.4750058006841857,47414.50236316923,3.0874193251533746,130816.0,1
40.30283373493975,0.0030581039755351682,1.4754937715706564,47413.70533680984,3.077977675840979,130816.0,1
39.0348024691358,0.0030864197530864196,1.4201745170286115,41560.93698346938,3.1064774691358026,60544.0,1
39.0348024691358,0.003076923076923077,1.4274860899106923,41560.89612060631,3.0969190769230774,60544.0,1
39.0348024691358,0.003067484662576687,1.434798353764021,41560.875689204906,3.0874193251533746,60544.0,1
39.0348024691358,0.0030581039755351682,1.4421108467424444,41560.86206828179,3.077977675840979,60544.0,1
39.0348024691358,0.003048780487804878,1.4379481979285138,89569.29532586846,3.0685935975609757,130816.0,1
39.0348024691358,0.00303951367781155,1.4383305734962255,89562.39046192206,3.0592665653495446,130816.0,1
39.0348024691358,0.0030303030303030303,1.4387786820274917,89559.58200830157,3.0499960606060608,130816.0,1
39.0348024691358,0.0030211480362537764,1.4392338139212886,89557.21251255696,3.040781570996979,130816.0,1
37.2032582278481,0.0030303030303030303,1.5211287624113548,-1383.5937760935853,3.0499960606060608,60544.0,1
37.2032582278481,0.0030211480362537764,1.5274263114465492,-1382.3540171545808,3.040781570996979,60544.0,1
37.2032582278481,0.0030120481927710845,1.5350858026002383,-1382.3530679996293,3.031622590361446,60544.0,1
37.2032582278481,0.003003003003003003,1.5427338960335357,-1382.3419155265826,3.022518618618619,60544.0,1
37.2032582278481,0.0029940119760479044,1.5492792867176914,-1381.3476961710917,3.013469161676647,60544.0,1
37.2032582278481,0.0029850746268656717,1.5492397649887053,49158.287320999225,3.0044737313432837,130816.0,1
37.2032582278481,0.002976190476190476,1.5546293272643905,-1378.8439581497714,2.9955318452380957,60544.0,1
37.2032582278481,0.002967359050445104,1.5622696183913258,-1378.8432498939721,2.986643026706232,60544.0,1
37.2032582278481,0.0029585798816568047,1.5699101704686846,-1378.8427777238435,2.9778068047337283,60544.0,1
37.2032582278481,0.0029498525073746312,1.5773044176462179,-1378.6270298123811,2.969022713864307,60544.0,1
37.2032582278481,0.0029411764705882353,1.5837462031002172,-1377.584885106942,2.960290294117647,60544.0,1
37.2032582278481,0.002932551319648094,1.5817293934762013,48963.59852417027,2.9516090909090913,130816.0,1
37.2032582278481,0.0029239766081871343,1.5821508565463966,48960.68018968846,2.9429786549707604,130816.0,1
37.2032582278481,0.0029154518950437317,1.5826209168017638,48959.26713840358,2.9343985422740526,130816.0,1
37.2032582278481,0.0029069767441860465,1.5830952754446945,48957.987937466634,2.9258683139534885,130816.0,1
37.2032582278481,0.002898550724637681,1.5879449134533394,-1372.8284201363851,2.9173875362318844,60544.0,1
37.2032582278481,0.002890173410404624,1.595551854953622,-1372.8277180469759,2.908955780346821,60544.0,1
37.2032582278481,0.005763688760806916,1.603159061968008,-1372.8272499877685,2.9005726224783865,60544.0,1
37.2032582278481,0.008620689655172414,1.6107659892036306,-1372.826547899556,2.892237643678161,60544.0,1
37.2032582278481,0.011461318051575931,1.618373184546734,-1372.8260798411468,2.883950429799427,60544.0,1
37.2032582278481,0.011428571428571429,1.6259800975177339,-1372.8253777541313,2.875710571428572,60544.0,1
37.2032582278481,0.014245014245014245,1.6335836609380119,-1372.8218673298254,2.8675176638176643,60544.0,1
37.2032582278481,0.017045454545454544,1.6411905427883648,-1372.8211652471186,2.8593713068181823,60544.0,1
37.2032582278481,0.019830028328611898,1.648797697931716,-1372.8206971923796,2.851271104815864,60544.0,1
37.2032582278481,0.022598870056497175,1.656404847887846,-1372.8202291379598,2.8432166666666667,60544.0,1
37.2032582278481,0.02535211267605634,1.6640119926567594,-1372.8197610838592,2.835207605633803,60544.0,1
37.2032582278481,0.028089887640449437,1.671618847274789,-1372.8190590033068,2.827243539325843,60544.0,1
37.2032582278481,0.03081232492997199,1.6792259803725826,-1372.8185909500041,2.8193240896358547,60544.0,1
37.2032582278481,0.0335195530726257,1.686832533169317,-1372.8176548443562,2.8114488826815647,60544.0,1
37.2032582278481,0.036211699164345405,1.694439653299321,-1372.817186792011,2.8036175487465185,60544.0,1
37.2032582278481,0.03888888888888889,1.7020467682421403,-1372.8167187399847,2.7958297222222224,60544.0,1
37.2032582278481,0.04155124653739612,1.7096363913612846,-1372.802209285477,2.7880850415512466,60544.0,1
37.2032582278481,0.04419889502762431,1.717243418128954,-1372.8017412436636,2.780383149171271,60544.0,1
37.2032582278481,0.046831955922865015,1.724850439709561,-1372.8012732021696,2.7727236914600555,60544.0,1
37.2032582278481,0.04945054945054945,1.7324574561031107,-1372.8008051609947,2.765106318681319,60544.0,1
37.2032582278481,0.052054794520547946,1.7400644673096088,-1372.800337120139,2.757530684931507,60544.0,1
37.2032582278481,0.0546448087431694,1.7476714733290601,-1372.7998690796023,2.749996448087432,60544.0,1
37.2032582278481,0.05722070844686648,1.7552784741614704,-1372.799401039385,2.742503269754769,60544.0,1
37.2032582278481,0.059782608695652176,1.7628854698068448,-1372.7989329994866,2.7350508152173916,60544.0,1
37.2032582278481,0.06233062330623306,1.7704924602651886,-1372.7984649599073,2.7276387533875344,60544.0,1
37.2032582278481,0.06486486486486487,1.778099748647456,-1372.7982309402375,2.720266756756757,60544.0,1
37.2032582278481,0.0673854447439353,1.7857067300284053,-1372.797762901137,2.7129345013477093,60544.0,1
37.2032582278481,0.06989247311827956,1.7933137062223383,-1372.7972948623558,2.7056416666666667,60544.0,1
37.2032582278481,0.07238605898123325,1.80092067722926,-1372.7968268238935,2.6983879356568368,60544.0,1
37.2032582278481,0.0748663101604278,1.808527643049176,-1372.7963587857505,2.6911729946524066,60544.0,1
37.2032582278481,0.07733333333333334,1.816134913276383,-1372.7961247667986,2.6839965333333335,60544.0,1
37.2032582278481,0.0797872340425532,1.8237300562379564,-1372.7867640741492,2.6768582446808513,60544.0,1
37.2032582278481,0.08222811671087533,1.8312901321812747,-1372.751194606271,2.6697578249336873,60544.0,1
37.2032582278481,0.08465608465608465,1.8388965213253645,-1372.7504925958485,2.6626949735449736,60544.0,1
37.2032582278481,0.0870712401055409,1.8465035322110497,-1372.7502585925338,2.655669393139842,60544.0,1
37.2032582278481,0.08947368421052632,1.8541102244459695,-1372.749790586144,2.6486807894736843,60544.0,1
37.2032582278481,0.08923884514435695,1.853388754707223,48837.31698433143,2.6417288713910763,130816.0,1
37.2032582278481,0.08900523560209424,1.853811296193322,48834.8961563921,2.6348133507853406,130816.0,1
37.2032582278481,0.08877284595300261,1.8543017030920235,48834.2639521934,2.627933942558747,130816.0,1
37.2032582278481,0.08854166666666667,1.8547987320345805,48833.80644620607,2.6210903645833334,130816.0,1
37.2032582278481,0.08831168831168831,1.8552966997334759,48833.37390297442,2.614282337662338,130816.0,1
37.2032582278481,0.08808290155440414,1.8485940123165812,48643.46526525613,2.6075095854922283,130816.0,1
37.2032582278481,0.08785529715762273,1.8489649207014704,48639.743223938654,2.6007718346253235,130816.0,1
39.6996975,0.08762886597938144,1.8494418207699206,48638.81073962823,2.59406881443299,130816.0,1
39.29273827160494,0.08740359897172237,1.8499375334847339,48638.3733920477,2.587400257069409,130816.0,1
41.477665853658536,0.08717948717948718,1.8504341790854562,48637.96080720039,2.5807658974358976,130816.0,1
41.477665853658536,0.08695652173913043,1.8509305022452671,48637.53997786713,2.57416547314578,130816.0,1
41.059471084337346,0.08673469387755102,1.851426502719931,48637.11090447609,2.567598724489796,130816.0,1
40.65137023809524,0.08651399491094147,1.851922808621322,48636.69008984983,2.561065394402036,130816.0,1
40.25300705882353,0.08629441624365482,1.8524194201941047,48636.277533559805,2.554565228426396,130816.0,1
39.864051162790695,0.08607594936708861,1.8529147659782519,48635.831980627714,2.5480979746835444,130816.0,1
41.91765287356321,0.08585858585858586,1.853411360375228,48635.419438895166,2.541663383838384,130816.0,1
41.91765287356321,0.08564231738035265,1.8539076318439576,48634.99865353783,2.5352612090680102,130816.0,1
41.91765287356321,0.08542713567839195,1.8544035801402567,48634.56962498382,2.528891206030151,130816.0,1
41.91765287356321,0.08521303258145363,1.8548988903539434,48634.124103343056,2.5225531328320803,130816.0,1
43.92513409090909,0.085,1.855393876745671,48633.670339692086,2.51624675,130816.0,1
43.50890449438202,0.08478802992518704,1.8558809832256367,48633.010334951214,2.509971820448878,130816.0,1
45.454346666666666,0.0845771144278607,1.856325374647308,48632.424595747696,2.5037281094527364,130816.0,1
45.03065054945055,0.08436724565756824,1.8567716451796106,48631.888368002896,2.497515384615385,130816.0,1
44.61633586956522,0.08415841584158416,1.8572169607460502,48631.32740394141,2.4913334158415843,130816.0,1
44.211091397849465,0.08395061728395062,1.8576632113796658,48630.79120039177,2.485181975308642,130816.0,1
43.81461063829787,0.08374384236453201,1.8581119736629714,48630.32100085594,2.479060837438424,130816.0,1
43.426663157894744,0.08353808353808354,1.858554422094291,48629.68583346437,2.4729697788697793,130816.0,1
45.25085416666667,0.08333333333333333,1.8589409206194392,48628.77848025795,2.4669085784313727,130816.0,1
44.85659793814433,0.08312958435207823,1.8593315046317922,48627.97838779637,2.460877017114915,130816.0,1
44.47081326530612,0.08292682926829269,1.8596971564103808,48626.52674086043,2.4548748780487806,130816.0,1
44.09321212121212,0.0827250608272506,1.8600665721693286,48625.1741478567,2.4489019464720196,130816.0,1
43.723553,0.0825242718446602,1.8604356518388627,48623.81338326948,2.442958009708738,130816.0,1
43.361401980198025,0.08232445520581114,1.8608309053891992,48623.137152834606,2.4370428571428575,130816.0,1
43.0065068627451,0.0821256038647343,1.861230567251217,48622.57639064261,2.431156280193237,130816.0,1
42.658641747572815,0.0819277108433735,1.8616321142741816,48622.06511874022,2.425298072289157,130816.0,1
42.31761538461539,0.08173076923076923,1.862032389673528,48621.520873368754,2.419468028846154,130816.0,1
41.98316285714286,0.0815347721822542,1.862429813386301,48620.90242750851,2.4136659472422064,130816.0,1
41.65482264150944,0.08133971291866028,1.862831018052638,141854.9749598023,2.4078916267942585,261888.0,1
41.33313271028038,0.081145584725537,1.8631784978584676,141849.36976674458,2.4021448687350837,261888.0,1
42.97712037037037,0.08095238095238096,1.863505078031436,141845.64123559173,2.3964254761904766,261888.0,1
42.65040458715597,0.08076009501187649,1.8637886447423089,141843.8371779814,2.39073325415677,261888.0,1
41.81799245283019,0.0819277108433735,1.8484046836436352,-1370.2628729759515,2.425298072289157,60544.0,1
41.81799245283019,0.08173076923076923,1.8559963288975871,-1370.2614740412116,2.419468028846154,60544.0,1
41.81799245283019,0.0815347721822542,1.86358827574735,-1370.2603082644437,2.4136659472422064,60544.0,1
41.81799245283019,0.08133971291866028,1.8711805280675498,-1370.2593756444576,2.4078916267942585,60544.0,1
41.81799245283019,0.081145584725537,1.876083958137533,-1368.2973930853018,2.4021448687350837,60544.0,1
41.81799245283019,0.08095238095238096,1.883665325975322,-1368.2964631353807,2.3964254761904766,60544.0,1
41.81799245283019,0.08076009501187649,1.8912473261913367,-1368.2959981608942,2.39073325415677,60544.0,1
41.81799245283019,0.08056872037914692,1.8988289986244093,-1368.295300699757,2.3850680094786734,60544.0,1
41.81799245283019,0.08037825059101655,1.906410987246227,-1368.2948357260605,2.3794295508274232,60544.0,1
41.81799245283019,0.08018867924528301,1.9139750845441132,-1368.2815841085537,2.3738176886792455,60544.0,1
41.81799245283019,0.08,1.9215566655246576,-1368.2808866621108,2.368232235294118,60544.0,1
41.81799245283019,0.07981220657276995,1.929085468271053,-1368.2427606717165,2.362673004694836,60544.0,1
41.49305420560748,0.07962529274004684,1.92256730345656,141612.02535403223,2.3571398126463703,261888.0,1
41.17537222222222,0.0794392523364486,1.922688525051865,141598.36078660405,2.351632476635514,261888.0,1
40.845473394495414,0.07925407925407925,1.9229363406876794,141594.02223875155,2.346150815850816,261888.0,1
40.52198181818182,0.07906976744186046,1.9231802345687434,141589.3963452463,2.340694651162791,261888.0,1
40.204392792792795,0.07888631090487239,1.9234563452184656,141587.14342884874,2.335263805104409,261888.0,1
39.89225535714286,0.0787037037037037,1.9237418903945327,141585.58560305554,2.329858101851852,261888.0,1
39.89225535714286,0.07852193995381063,1.92203119230144,-1356.60819972457,2.3244773672055428,60544.0,1
39.89225535714286,0.07834101382488479,1.9295458122548403,-1356.605914404622,2.319121428571429,60544.0,1
39.89225535714286,0.07816091954022988,1.937061385831186,-1356.6043146852394,2.313790114942529,60544.0,1
39.89225535714286,0.0779816513761468,1.9445775968418837,-1356.6031720308474,2.3084832568807343,60544.0,1
39.89225535714286,0.07780320366132723,1.9520934663454064,-1356.6018008481178,2.303200686498856,60544.0,1
39.89225535714286,0.0776255707762557,1.957242643926771,-1354.9620241791422,2.2979422374429226,60544.0,1
39.89225535714286,0.0774487471526196,1.9636521750196831,-1354.2039654168673,2.2927077448747153,60544.0,1
39.89225535714286,0.07727272727272727,1.9693551737539048,-1352.9662841384816,2.2874970454545456,60544.0,1
39.58873539823009,0.07709750566893424,1.9671821691220122,140351.34293054123,2.2823099773242634,261888.0,1
39.58873539823009,0.07692307692307693,1.9745813003109607,-1351.2035448803917,2.277146380090498,60544.0,1
39.291762280701754,0.07674943566591422,1.9747769719733044,140337.30837552677,2.2720060948081264,261888.0,1
38.9852895652174,0.07657657657657657,1.9750422058898092,140334.5535995039,2.266888963963964,261888.0,1
38.66621206896553,0.07640449438202247,1.9753249937885322,140333.04675923387,2.261794831460674,261888.0,1
38.66621206896553,0.07623318385650224,1.981595144356019,-1350.2590303831869,2.256723542600897,60544.0,1
38.66621206896553,0.07606263982102908,1.9835058702222865,-1346.476579719043,2.2516749440715884,60544.0,1
38.66621206896553,0.07589285714285714,1.9909659301486897,-1346.4754540619415,2.2466488839285716,60544.0,1
38.66621206896553,0.0757238307349666,1.9984216338258765,-1346.4714017119597,2.241645211581292,60544.0,1
38.66621206896553,0.07555555555555556,2.0058819879773324,-1346.4705011930541,2.236663777777778,60544.0,1
38.37399914529915,0.07538802660753881,2.005514635937146,139806.6748081355,2.2317044345898007,261888.0,1
38.37399914529915,0.0752212389380531,2.0107633901705415,-1344.542554443692,2.2267670353982303,60544.0,1
38.37399914529915,0.07505518763796909,2.016599957292334,-1343.4670083279948,2.2218514348785874,60544.0,1
38.08745423728814,0.07488986784140969,2.0149727277970926,139407.9448424828,2.2169574889867842,261888.0,1
37.80612521008404,0.07472527472527472,2.0152001560374133,139402.78692217363,2.2120850549450553,261888.0,1
37.80612521008404,0.07456140350877193,2.021544186143696,-1341.406418444867,2.2072339912280703,60544.0,1
37.80612521008404,0.07439824945295405,2.0289761235369044,-1341.405301249131,2.202404157549234,60544.0,1
37.80612521008404,0.07423580786026202,2.0337098537793796,-1339.6268537416183,2.1975954148471617,60544.0,1
37.80612521008404,0.07407407407407407,2.0396322488360745,-1338.6414816331796,2.1928076252723314,60544.0,1
37.53586833333334,0.07391304347826087,2.0396154232881143,139018.55257873554,2.188040652173913,261888.0,1
37.25263471074381,0.0737527114967462,2.039794863436397,139010.2583361378,2.183294360086768,261888.0,1
37.25263471074381,0.0735930735930736,2.044227347868188,-1336.4020186762905,2.178568614718615,60544.0,1
37.25263471074381,0.0734341252699784,2.0500965024265203,-1335.401010140875,2.1738632829373654,60544.0,1
37.25263471074381,0.07327586206896551,2.0574954849525326,-1335.4001243688283,2.169178232758621,60544.0,1
37.25263471074381,0.07311827956989247,2.064894800074223,-1335.399460040564,2.1645133333333337,60544.0,1
37.25263471074381,0.07296137339055794,2.0722941078339683,-1335.398795712961,2.1598684549356224,60544.0,1
37.25263471074381,0.0728051391862955,2.0796927185022835,-1335.397688501758,2.15524346895075,60544.0,1
37.25263471074381,0.07264957264957266,2.0870850872785667,-1335.3925953538721,2.150638247863248,60544.0,1
37.25263471074381,0.07249466950959488,2.0940523740253005,-1335.116516303529,2.1460526652452026,60544.0,1
37.25263471074381,0.07234042553191489,2.10144975112335,-1335.1156309088512,2.141486595744681,60544.0,1
37.25263471074381,0.07218683651804671,2.108847817660485,-1335.115188211953,2.13693991507431,60544.0,1
37.25263471074381,0.07203389830508475,2.1162455284398862,-1335.1145241671557,2.1324125,60544.0,1
37.25263471074381,0.07188160676532769,2.1236432318605085,-1335.113860123019,2.1279042283298097,60544.0,1
37.25263471074381,0.07172995780590717,2.131040927922363,-1335.113196079543,2.1234149789029537,60544.0,1
37.25263471074381,0.07157894736842105,2.138438971155957,-1335.1127533842593,2.1189446315789477,60544.0,1
37.25263471074381,0.07142857142857142,2.145837009483483,-1335.1123106892692,2.114493067226891,60544.0,1
37.25263471074381,0.07127882599580712,2.153235042904947,-1335.1118679945728,2.110060167714885,60544.0,1
37.25263471074381,0.07112970711297072,2.160633071420353,-1335.1114253001697,2.1056458158995817,60544.0,1
37.25263471074381,0.0709812108559499,2.166856734749566,-1334.3877912684702,2.1012498956158665,60544.0,1
37.25263471074381,0.07083333333333333,2.1742500260051774,-1334.38690684005,2.0968722916666667,60544.0,1
37.25263471074381,0.07068607068607069,2.181638969510915,-1334.3833691380926,2.09251288981289,60544.0,1
37.25263471074381,0.07053941908713693,2.1890322264677553,-1334.3824847155342,2.088171576763486,60544.0,1
37.25263471074381,0.07039337474120083,2.1964254736241755,-1334.3816002941483,2.0838482401656315,60544.0,1
37.25263471074381,0.07024793388429752,2.2038187109801948,-1334.3807158739346,2.0795427685950414,60544.0,1
37.25263471074381,0.07010309278350516,2.211211572141595,-1334.3796103503162,2.075255051546392,60544.0,1
37.25263471074381,0.06995884773662552,2.218604788672071,-1334.3787259327405,2.0709849794238684,60544.0,1
37.25263471074381,0.06981519507186858,2.225753478842089,-1334.2312656971408,2.0667324435318277,60544.0,1
37.25263471074381,0.06967213114754098,2.2316779798543207,-1333.3533696253808,2.062497336065574,60544.0,1
37.002084426229516,0.06952965235173825,2.2304335926751797,138395.14274600343,2.0582795501022497,261888.0,1
36.72809024390244,0.06938775510204082,2.2305853946994603,138385.9611130505,2.054078979591837,261888.0,1
36.458706451612905,0.06924643584521385,2.2308456798347294,138383.51135704687,2.049895519348269,261888.0,1
36.1937416,0.06910569105691057,2.2311214586151755,138382.023229859,2.0457290650406508,261888.0,1
35.93070238095238,0.06896551724137931,2.2313972314644306,138380.53513467638,2.041579513184584,261888.0,1
35.67191181102363,0.06882591093117409,2.2316737367861177,138379.09285758008,2.0374467611336033,261888.0,1
35.4172796875,0.06868686868686869,2.2319483901269517,138377.53614778537,2.033330707070707,261888.0,1
35.4172796875,0.06854838709677419,2.2393013307155196,-1332.2434070354402,2.02923125,60544.0,1
35.16682170542636,0.06841046277665996,2.239584042419375,138374.62885710577,2.0251482897384308,261888.0,1
34.920443846153844,0.06827309236947791,2.239836365748192,138371.69879798105,2.0210817269076307,261888.0,1
34.67210534351145,0.06813627254509018,2.2400886783914284,138368.76886294072,2.017031462925852,261888.0,1
34.42772803030303,0.068,2.240339868549646,138365.77038602045,2.0129974,261888.0,1
34.18723458646617,0.06786427145708583,2.240593642258047,138362.9322527797,2.0089794411177646,261888.0,1
33.95054328358209,0.06772908366533864,2.2408459228824977,138360.002688976,2.004977490039841,261888.0,1
33.74510296296297,0.06759443339960239,2.2350893276547166,137986.10824597624,2.0009914512922466,261888.0,1
33.52740073529412,0.06746031746031746,2.2352820389182417,137979.55275446945,1.9970212301587305,261888.0,1
33.52740073529412,0.06732673267326733,2.235183913341033,-1324.0107491789736,1.9930667326732676,60544.0,1
33.52740073529412,0.06719367588932806,2.24251929610396,-1324.0096607714477,1.9891278656126483,60544.0,1
33.52740073529412,0.0670611439842209,2.2498554066066427,-1324.0090077277912,1.985204536489152,60544.0,1
33.52740073529412,0.06692913385826772,2.2571915098725226,-1324.008354684779,1.9812966535433072,60544.0,1
33.52740073529412,0.06679764243614932,2.2645276059016113,-1324.007701642411,1.977404125736739,60544.0,1
33.52740073529412,0.06666666666666667,2.2718640682118942,-1324.0072662811901,1.9735268627450981,60544.0,1
33.52740073529412,0.06653620352250489,2.2791994015256614,-1324.0061778793906,1.9696647749510765,60544.0,1
33.52740073529412,0.06640625,2.2865358505682347,-1324.005742519172,1.9658177734375002,60544.0,1
33.52740073529412,0.06627680311890838,2.29387154051459,-1324.0048717995933,1.961985769980507,60544.0,1
33.52740073529412,0.06614785992217899,2.3012026807243493,-1324.0013889327315,1.9581686770428017,60544.0,1
33.52740073529412,0.06601941747572816,2.3085387164498843,-1324.0007358972348,1.9543664077669904,60544.0,1
33.52740073529412,0.06589147286821706,2.315874744938736,-1324.0000828623824,1.9505788759689924,60544.0,1
33.52740073529412,0.06576402321083172,2.3232100022757542,-1323.9989944723932,1.9468059961315283,60544.0,1
33.52740073529412,0.06563706563706563,2.330546013879431,-1323.9983414392584,1.9430476833976835,60544.0,1
33.52740073529412,0.06551059730250482,2.337881633877232,-1323.9974707294143,1.9393038535645475,60544.0,1
33.52740073529412,0.06538461538461539,2.3452180153768554,-1323.9970353749218,1.9355744230769232,60544.0,1
33.52740073529412,0.06525911708253358,2.352553618489568,-1323.9961646667955,1.9318593090211134,60544.0,1
33.52740073529412,0.06513409961685823,2.359889599940813,-1323.9955116364524,1.928158429118774,60544.0,1
33.52740073529412,0.06500956022944551,2.3672255741554564,-1323.9948586067535,1.9244717017208415,60544.0,1
33.52740073529412,0.0648854961832061,2.3710998544233965,-1322.0640584468192,1.920799045801527,60544.0,1
33.52740073529412,0.06476190476190476,2.378424730892086,-1322.0631902792268,1.917140380952381,60544.0,1
33.52740073529412,0.06463878326996197,2.3813627968609636,-1319.6313779084344,1.913495627376426,60544.0,1
33.32663211678832,0.06451612903225806,2.3796795430209112,136951.75262247553,1.909864705882353,261888.0,1
33.12918913043479,0.06439393939393939,2.3798799673088746,136946.21431260012,1.906247537878788,261888.0,1
32.93489424460432,0.06427221172022685,2.3801045346046674,136942.06647915364,1.9026440453686202,261888.0,1
32.743593571428576,0.06415094339622641,2.3803485731426264,136939.0398403446,1.8990541509433965,261888.0,1
32.55520992907801,0.064030131826742,2.380590652237981,136935.90124511014,1.895477777777778,261888.0,1
32.36968873239437,0.06390977443609022,2.380836228095421,136932.9645470044,1.8919148496240603,261888.0,1
32.186961538461546,0.06378986866791744,2.3810833525988886,136930.11763931654,1.8883652908067543,261888.0,1
32.00697222222223,0.06367041198501873,2.381330466826876,136927.2708500036,1.8848290262172287,261888.0,1
31.829660689655178,0.06355140186915888,2.3815783504996477,136924.4690076046,1.8813059813084114,261888.0,1
31.640478767123295,0.06343283582089553,2.3818242745670073,136921.5552131427,1.8777960820895525,261888.0,1
31.640478767123295,0.0633147113594041,2.386564805708773,-1316.8283345597254,1.8742992551210431,60544.0,1
31.45401428571429,0.06319702602230483,2.385007451267129,136668.3502946692,1.8708154275092939,261888.0,1
31.45401428571429,0.06307977736549165,2.3893922340506606,-1314.2067976902913,1.86734452690167,60544.0,1
31.45401428571429,0.06296296296296296,2.3933563722149684,-1312.3869706899845,1.8638864814814817,60544.0,1
31.45401428571429,0.06284658040665435,2.3973282740207122,-1310.582414443796,1.8604412199630316,60544.0,1
31.275035810810813,0.06273062730627306,2.396110535089072,136039.94729401724,1.857008671586716,261888.0,1
31.275035810810813,0.06261510128913444,2.3983544148490137,-1307.0229375599197,1.8535887661141806,60544.0,1
31.09442416107383,0.0625,2.3980378327930074,135721.55418088875,1.8501814338235296,261888.0,1
31.09442416107383,0.062385321100917435,2.391552078142439,-1299.232869799278,1.8467866055045874,60544.0,1
31.09442416107383,0.06227106227106227,2.3987500586296915,-1299.2318217480297,1.8434042124542127,60544.0,1
31.09442416107383,0.062157221206581355,2.4059491919864207,-1299.2314025280039,1.8400341864716638,60544.0,1
31.09442416107383,0.06204379562043796,2.4131483206972972,-1299.2309833082486,1.8366764598540148,60544.0,1
30.921052666666675,0.061930783242258654,2.4051623331970453,134483.9120589292,1.8333309653916212,261888.0,1
30.750475496688747,0.06181818181818182,2.4053287437905024,134476.92839536024,1.8299976363636365,261888.0,1
29.433425170068027,0.062385321100917435,2.6296485101154365,145635.43708924414,1.8467866055045874,261888.0,1
29.433425170068027,0.06227106227106227,2.495150036327794,-3501.988105757382,1.8434042124542127,60544.0,1
29.433425170068027,0.062157221206581355,2.5026136119231404,-3501.985176540692,1.8400341864716638,60544.0,1
29.433425170068027,0.06204379562043796,2.510078014847876,-3501.98341901303,1.8366764598540148,60544.0,1
29.433425170068027,0.061930783242258654,2.517542831436615,-3501.9822473289023,1.8333309653916212,60544.0,1
29.255625000000002,0.06181818181818182,2.5123498473174313,137472.1965263558,1.8299976363636365,261888.0,1
29.08059328859061,0.06170598911070781,2.512549968059158,137466.59760411136,1.8266764065335754,261888.0,1
29.08059328859061,0.06159420289855073,2.5199611684779915,-3494.1431092071025,1.8233672101449276,60544.0,1
29.08059328859061,0.06148282097649186,2.5131411198537323,-3474.4162337706525,1.8200699819168176,60544.0,1
29.08059328859061,0.061371841155234655,2.518976868407168,-3472.250514316348,1.8167846570397113,60544.0,1
29.08059328859061,0.06126126126126126,2.526377465408921,-3472.2482105717463,1.8135111711711713,60544.0,1
29.08059328859061,0.06115107913669065,2.5337780525904874,-3472.2459068302014,1.8102494604316548,60544.0,1
29.08059328859061,0.06104129263913824,2.5411786299518866,-3472.243603091714,1.8069994614003593,60544.0,1
29.08059328859061,0.06093189964157706,2.5485791974931384,-3472.241299356283,1.8037611111111114,60544.0,1
29.08059328859061,0.06082289803220036,2.5559793312595436,-3472.2384196912935,1.8005343470483006,60544.0,1
29.08059328859061,0.060714285714285714,2.563370523966134,-3472.223445510343,1.7973191071428574,60544.0,1
29.08059328859061,0.06060606060606061,2.570770181009234,-3472.2199899484654,1.794115329768271,60544.0,1
29.08059328859061,0.060498220640569395,2.57817110622261,-3472.2182621701054,1.7909229537366549,60544.0,1
29.08059328859061,0.06039076376554174,2.5855720240705824,-3472.2165343934653,1.7877419182948493,60544.0,1
29.08059328859061,0.06028368794326241,2.592972074377905,-3472.2136547695522,1.7845721631205675,60544.0,1
29.08059328859061,0.06017699115044248,2.6003725437256437,-3472.2113510738614,1.7814136283185842,60544.0,1
29.08059328859061,0.06007067137809187,2.6073829088300857,-3471.6896427457327,1.7782662544169614,60544.0,1
29.08059328859061,0.059964726631393295,2.6147826854102934,-3471.687915495135,1.7751299823633158,60544.0,1
29.08059328859061,0.05985915492957746,2.622182019760996,-3471.685612497011,1.772004753521127,60544.0,1
29.08059328859061,0.05975395430579965,2.629579599923448,-3471.681006509929,1.768890509666081,60544.0,1
29.08059328859061,0.05964912280701754,2.6369797843720626,-3471.6798550150684,1.7657871929824562,60544.0,1
29.08059328859061,0.0595446584938704,2.6443795253649705,-3471.6781277742093,1.7626947460595448,60544.0,1
29.08059328859061,0.05944055944055944,2.646508953261914,-3464.776581866379,1.759613111888112,60544.0,1
29.08059328859061,0.059336823734729496,2.6538922184952423,-3464.772567652269,1.7565422338568937,60544.0,1
29.08059328859061,0.059233449477351915,2.6612767880318304,-3464.770273819811,1.753482055749129,60544.0,1
29.08059328859061,0.059130434782608696,2.6686595810212714,-3464.765686164007,1.7504325217391306,60544.0,1
29.08059328859061,0.059027777777777776,2.672711809889117,-3460.4489316197637,1.747393576388889,60544.0,1
29.08059328859061,0.058925476603119586,2.680086708867577,-3460.4460714812917,1.7443651646447143,60544.0,1
29.08059328859061,0.058823529411764705,2.6874567089242194,-3460.436919069953,1.7413472318339103,60544.0,1
28.926801333333334,0.05872193436960276,2.6873675261960743,136118.7949809052,1.7383397236614855,261888.0,1
28.76943509933775,0.05862068965517241,2.687574165420856,136114.09311726238,1.7353425862068967,261888.0,1
28.614358552631575,0.058519793459552494,2.687808331429308,136110.78625941835,1.7323557659208264,261888.0,1
28.46150065359477,0.058419243986254296,2.688049149722798,136107.81697296666,1.7293792096219933,261888.0,1
28.31078181818182,0.058319039451114926,2.688290401784975,136104.8703091893,1.7264128644939967,261888.0,1
28.162193548387098,0.05821917808219178,2.6885334206257396,136102.01374167917,1.723456678082192,261888.0,1
28.015691025641026,0.05811965811965812,2.688775984928629,136099.13480283605,1.7205105982905984,261888.0,1
27.869868152866243,0.05802047781569966,2.6890189833377263,136096.2784760718,1.7175745733788397,261888.0,1
27.726062658227853,0.05792163543441227,2.6892624159461658,136093.44475854674,1.7146485519591144,261888.0,1
27.58424591194969,0.05782312925170068,2.6895062828475047,136090.6336474438,1.7117324829931975,261888.0,1
27.58424591194969,0.057724957555178265,2.6947527044278208,-3456.491024566716,1.7088263157894739,60544.0,1
27.58424591194969,0.0576271186440678,2.702120042459771,-3456.4893124063797,1.7059300000000002,60544.0,1
27.58424591194969,0.05752961082910321,2.709487820571068,-3456.4881709670976,1.7030434856175976,60544.0,1
27.58424591194969,0.057432432432432436,2.716855593816232,-3456.487029528569,1.700166722972973,60544.0,1
27.58424591194969,0.05733558178752108,2.724222912384388,-3456.4853173721904,1.697299662731872,60544.0,1
27.58424591194969,0.05723905723905724,2.731590674680919,-3456.484175935547,1.694442255892256,60544.0,1
27.58424591194969,0.05714285714285714,2.7389584321113327,-3456.483034499657,1.6915944537815129,60544.0,1
27.58424591194969,0.05704697986577181,2.7463261846756337,-3456.4818930645215,1.6887562080536915,60544.0,1
27.447755625000003,0.05695142378559464,2.7422749470861225,135767.5019377714,1.6859274706867673,261888.0,1
27.31337204968944,0.056856187290969896,2.7424429944239286,135761.03391766746,1.6831081939799333,261888.0,1
27.169764814814815,0.05676126878130217,2.7426747713820294,135757.72181379944,1.6802983305509183,261888.0,1
27.01799018404908,0.056666666666666664,2.7429133190634096,135754.74553400042,1.6774978333333335,261888.0,1
26.868243902439023,0.056572379367720464,2.74315456928412,135751.9036442631,1.6747066555740435,261888.0,1
26.72048606060606,0.05647840531561462,2.743396713799062,135749.10662488083,1.671924750830565,261888.0,1
26.574681927710845,0.05638474295190713,2.743638848335964,135746.30972075526,1.669152072968491,261888.0,1
26.574681927710845,0.056291390728476824,2.7381015080177127,-3434.297026792206,1.6663885761589405,60544.0,1
26.574681927710845,0.05619834710743802,2.745420618538665,-3434.294209720632,1.6636342148760332,60544.0,1
26.574681927710845,0.056105610561056105,2.7527406202543774,-3434.292519479906,1.6608889438943897,60544.0,1
26.574681927710845,0.05601317957166392,2.7565983122884807,-3429.982752244694,1.6581527182866558,60544.0,1
26.574681927710845,0.05592105263157895,2.7599626160122686,-3425.0834992255272,1.6554254934210528,60544.0,1
26.574681927710845,0.05582922824302135,2.7672625257310117,-3425.0812576438934,1.6527072249589492,60544.0,1
26.574681927710845,0.05573770491803279,2.7733245754225475,-3423.55094243534,1.6499978688524592,60544.0,1
26.45483053892216,0.05564648117839607,2.7698253607725345,134503.02486748362,1.6472973813420624,261888.0,1
26.336882142857142,0.05555555555555555,2.7699656627315723,134495.4687152152,1.6446057189542485,261888.0,1
26.197298224852076,0.05546492659053834,2.7702330673337445,134494.08497698102,1.6419228384991844,261888.0,1
26.197298224852076,0.05537459283387622,2.7774747836306704,-3418.581824031093,1.6392486970684041,60544.0,1
26.197298224852076,0.055284552845528454,2.7821665412283645,-3415.3948416761036,1.6365832520325205,60544.0,1
26.197298224852076,0.05519480519480519,2.789445331847125,-3415.3920555291975,1.6339264610389612,60544.0,1
26.078553529411767,0.055105348460291734,2.7849233055611973,134134.3152870096,1.6312782820097247,261888.0,1
25.94141695906433,0.05501618122977346,2.7850297197706353,134125.2277487137,1.6286386731391587,261888.0,1
25.94141695906433,0.05492730210016155,2.7903059568879964,-3406.831128107299,1.626007592891761,60544.0,1
25.94141695906433,0.054838709677419356,2.797566945444899,-3406.8289103529087,1.623385,60544.0,1
25.94141695906433,0.05475040257648953,2.804827924548396,-3406.826692601406,1.6207708534621579,60544.0,1
25.94141695906433,0.05466237942122187,2.8120893518463275,-3406.825029289674,1.618165112540193,60544.0,1
25.94141695906433,0.05457463884430177,2.819350772053783,-3406.823365979566,1.6155677367576247,60544.0,1
25.94141695906433,0.05448717948717949,2.826607585068888,-3406.8161583211995,1.612978685897436,60544.0,1
25.94141695906433,0.0544,2.8338689792802745,-3406.814495019754,1.6103979200000003,60544.0,1
25.94141695906433,0.054313099041533544,2.8411303664012393,-3406.812831719932,1.6078253993610225,60544.0,1
25.94141695906433,0.05422647527910686,2.8483917464317927,-3406.8111684217342,1.6052610845295057,60544.0,1
25.94141695906433,0.054140127388535034,2.855652654636543,-3406.8089506933306,1.6027049363057326,60544.0,1
25.94141695906433,0.05405405405405406,2.8629140193048013,-3406.8072873989227,1.6001569157392688,60544.0,1
25.94141695906433,0.05396825396825397,2.870111852915655,-3406.7302232055968,1.5976169841269843,60544.0,1
25.94141695906433,0.05388272583201268,2.8773735109820775,-3406.729114393726,1.5950851030110937,60544.0,1
25.94141695906433,0.05379746835443038,2.8842676389666453,-3406.2939614668344,1.5925612341772153,60544.0,1
25.94141695906433,0.053712480252764615,2.8909648103299026,-3405.6289743550115,1.5900453396524488,60544.0,1
25.94141695906433,0.05362776025236593,2.8934932742851194,-3400.068779137181,1.5875373817034701,60544.0,1
25.94141695906433,0.05354330708661417,2.9007397831996156,-3400.066570178261,1.585037322834646,60544.0,1
25.94141695906433,0.05345911949685535,2.907987227329198,-3400.065465699877,1.5825451257861636,60544.0,1
25.94141695906433,0.05337519623233909,2.915234666750259,-3400.064361222211,1.5800607535321822,60544.0,1
25.94141695906433,0.05329153605015674,2.9224821014628035,-3400.063256745262,1.577584169278997,60544.0,1
25.94141695906433,0.053208137715179966,2.929729531466836,-3400.0621522690312,1.575115336463224,60544.0,1
25.94141695906433,0.053125,2.9369764797389326,-3400.0604955560298,1.57265421875,60544.0,1
25.94141695906433,0.0530421216848674,2.944223899148985,-3400.0593910815924,1.5702007800312014,60544.0,1
25.94141695906433,0.0529595015576324,2.9514708344733305,-3400.057734371282,1.5677549844236762,60544.0,1
25.94141695906433,0.05287713841368585,2.9587182432894275,-3400.0566298986387,1.5653167962674963,60544.0,1
25.94141695906433,0.052795031055900624,2.965964202204553,-3400.0538687201697,1.5628861801242238,60544.0,1
25.94141695906433,0.05271317829457364,2.9732067690050816,-3400.047241910141,1.560463100775194,60544.0,1
25.94141695906433,0.05263157894736842,2.980453664312401,-3400.04558521167,1.5580475232198143,60544.0,1
25.94141695906433,0.05255023183925812,2.987700552557516,-3400.043928514814,1.5556394126738795,60544.0,1
25.94141695906433,0.05246913580246913,2.9949474337404367,-3400.042271819572,1.5532387345679013,60544.0,1
25.94141695906433,0.05238828967642527,3.0021947954744235,-3400.0411673569743,1.5508454545454546,60544.0,1
25.94141695906433,0.052307692307692305,3.009441663709777,-3400.0395106644232,1.5484595384615387,60544.0,1
25.94141695906433,0.05222734254992319,3.0166890148499528,-3400.038406203619,1.5460809523809524,60544.0,1
25.94141695906433,0.05214723926380368,3.0223684606768897,-3398.2743940943988,1.5437096625766873,60544.0,1
25.94141695906433,0.05206738131699847,3.0296110615679366,-3398.272187466417,1.541345635528331,60544.0,1
25.94141695906433,0.05198776758409786,3.0368531600676416,-3398.2694291854696,1.5389888379204895,60544.0,1
25.94141695906433,0.051908396946564885,3.044094752650308,-3398.266119254243,1.5366392366412216,60544.0,1
25.94141695906433,0.051829268292682924,3.0513378171339074,-3398.264464291048,1.5342967987804879,60544.0,1
25.94141695906433,0.0517503805175038,3.0585798815397247,-3398.261706022638,1.531961491628615,60544.0,1
25.94141695906433,0.05167173252279635,3.0658214365027328,-3398.2583961064565,1.5296332826747723,60544.0,1
25.94141695906433,0.051593323216995446,3.073063975082429,-3398.256189499251,1.527312139605463,60544.0,1
25.94141695906433,0.051515151515151514,3.0803065042564675,-3398.253982894911,1.5249980303030304,60544.0,1
25.83133546511628,0.05143721633888049,3.0736740730669414,133391.5189222222,1.5226909228441756,261888.0,1
25.723068208092492,0.0513595166163142,3.073767910923067,133382.85578574115,1.5203907854984895,261888.0,1
25.61626321839081,0.05128205128205128,3.073979222909068,133379.29148027816,1.5180975867269986,261888.0,1
25.510757142857145,0.05120481927710843,3.0742358298320704,133377.69300515638,1.515811295180723,261888.0,1
25.406507954545454,0.05112781954887218,3.0745048784946896,133376.6345764978,1.5135318796992483,261888.0,1
25.303491525423727,0.05105105105105105,3.0747749188020355,133375.61936479283,1.5112593093093094,261888.0,1
25.2015095505618,0.050974512743628186,3.0750434610067368,133374.5393693066,1.5089935532233885,261888.0,1
25.098189944134077,0.05089820359281437,3.0752746465803438,133371.8394571096,1.5067345808383235,261888.0,1
24.982870000000002,0.05082212257100149,3.075503830588671,133369.05326233178,1.5044823617339314,261888.0,1
24.868984530386744,0.050746268656716415,3.0757344992558138,133366.33197515935,1.5022368656716418,261888.0,1
24.756515934065938,0.05067064083457526,3.075963166089343,133363.52441431093,1.4999980625931446,261888.0,1
24.645432786885245,0.050595238095238096,3.0761943139543657,133360.82494804435,1.4977659226190478,261888.0,1
24.535722826086957,0.05052005943536404,3.0764214671910755,133357.952835931,1.4955404160475485,261888.0,1
24.427342162162166,0.050445103857566766,3.07665159975245,133355.21040824728,1.493321513353116,261888.0,1
24.320288172043014,0.05037037037037037,3.0768792317896323,133352.36013050834,1.4911091851851854,261888.0,1
24.214536898395725,0.05029585798816568,3.077107850572055,133349.5531578794,1.4889034023668641,261888.0,1
24.110069148936173,0.050221565731166914,3.077336459730154,133346.74630341752,1.4867041358936486,261888.0,1
24.002833862433864,0.05014749262536873,3.077565557555658,133343.96115694358,1.4845113569321535,261888.0,1
23.896875789473683,0.050073637702503684,3.07779464581126,133341.1761268111,1.4823250368188514,261888.0,1
23.792183246073304,0.05,3.078021731120581,133338.30486095606,1.4801451470588236,261888.0,1
23.68874166666667,0.049926578560939794,3.0782453180646243,133335.28260943125,1.477971659324523,261888.0,1
23.68874166666667,0.04985337243401759,3.0371985182301935,-3336.1601807863503,1.4758045454545456,60544.0,1
23.68874166666667,0.04978038067349927,3.0443067876607737,-3336.1559273910416,1.473643777452416,60544.0,1
23.68874166666667,0.049707602339181284,3.048346204392417,-3332.796477329047,1.4714893274853802,60544.0,1
23.68874166666667,0.049635036496350364,3.0554497249158037,-3332.7948855192985,1.4693411678832118,60544.0,1
23.587878756476687,0.04817518248175182,3.061442563412397,134716.1907522095,0.0,261888.0,1
23.490350515463916,0.048104956268221574,3.057731843281712,134540.20110439532,0.0,261888.0,1
23.040960317460318,0.04896142433234421,3.0470032451334426,-3214.55084812276,0.0,60544.0,1
23.040960317460318,0.04888888888888889,3.0542231475599464,-3214.548767330558,0.0,60544.0,1
22.933264210526318,0.04881656804733728,3.0491813261801917,133214.13382481298,0.0,261888.0,1
22.915773684210528,0.04881656804733728,3.138181398077519,140405.00993162117,0.0,261888.0,1
22.915773684210528,0.04874446085672083,3.1009876349587406,0.0,0.0,60544.0,1
22.915773684210528,0.048672566371681415,3.108297504161593,0.0,0.0,60544.0,1
22.915773684210528,0.048600883652430045,3.115609394393139,0.0,0.0,60544.0,1
22.915773684210528,0.04852941176470588,3.1146930610589667,0.0,0.0,60544.0,1
22.915773684210528,0.048458149779735685,3.1219861792466803,0.0,0.0,60544.0,1
22.915773684210528,0.04838709677419355,3.1292803109711245,0.0,0.0,60544.0,1
22.915773684210528,0.048316251830161056,3.1365739251967377,0.0,0.0,60544.0,1
22.820698429319375,0.04824561403508772,3.134916627773651,137962.3804631071,0.0,261888.0,1
22.820698429319375,0.04817518248175182,3.141359953731502,0.0,0.0,60544.0,1
22.820698429319375,0.048104956268221574,3.143692410850151,0.0,0.0,60544.0,1
22.820698429319375,0.048034934497816595,3.1509675226907277,0.0,0.0,60544.0,1
22.820698429319375,0.04796511627906977,3.1582436550375874,0.0,0.0,60544.0,1
22.820698429319375,0.047895500725689405,3.165519782638522,0.0,0.0,60544.0,1
22.820698429319375,0.04782608695652174,3.17083627975646,0.0,0.0,60544.0,1
22.820698429319375,0.04775687409551375,3.1781073866127714,0.0,0.0,60544.0,1
22.820698429319375,0.0476878612716763,3.185377448156561,0.0,0.0,60544.0,1
22.732,0.047619047619047616,3.182895107491982,137502.62461740963,0.0,261888.0,1
22.644708290155442,0.04755043227665706,3.18298282708513,137493.6698339945,0.0,261888.0,1
22.55180206185567,0.04748201438848921,3.183192318224703,137489.97632561743,0.0,261888.0,1
22.55180206185567,0.04741379310344827,3.1886399590689702,0.0,0.0,60544.0,1
22.55180206185567,0.047345767575322814,3.1958993804877087,0.0,0.0,60544.0,1
22.55180206185567,0.04727793696275072,3.2031593136549428,0.0,0.0,60544.0,1
22.55180206185567,0.04721030042918455,3.2104197621137947,0.0,0.0,60544.0,1
22.46293282051282,0.047142857142857146,3.2061920455970667,137217.87514979046,0.0,261888.0,1
22.375333673469385,0.047075606276747506,3.20632912210879,137211.1421528765,0.0,261888.0,1
22.375333673469385,0.04700854700854701,3.213528338590558,0.0,0.0,60544.0,1
22.375333673469385,0.04694167852062589,3.2207723258382623,0.0,0.0,60544.0,1
22.375333673469385,0.046875,3.228021527157779,0.0,0.0,60544.0,1
22.375333673469385,0.04680851063829787,3.235270721410478,0.0,0.0,60544.0,1
22.28421218274112,0.046742209631728045,3.2355477656885165,137207.7759021941,0.0,261888.0,1
22.28421218274112,0.04667609618104668,3.2427663559677624,0.0,0.0,60544.0,1
22.28421218274112,0.046610169491525424,3.2500154287886756,0.0,0.0,60544.0,1
22.191095454545454,0.0465444287729196,3.2466485363043702,137051.7944377122,0.0,261888.0,1
22.09932311557789,0.04647887323943662,3.2467592275415567,137044.05471194957,0.0,261888.0,1
22.0132975,0.046413502109704644,3.2401530892735,136752.82810653953,0.0,261888.0,1
21.928703482587064,0.046348314606741575,3.2401836311898857,136741.73440367263,0.0,261888.0,1
21.845037623762373,0.04628330995792426,3.2403857264461746,136737.88192197745,0.0,261888.0,1
21.845037623762373,0.046218487394957986,3.2410922162826346,0.0,0.0,60544.0,1
21.77165320197044,0.046153846153846156,3.226192581369017,135823.78161605765,0.0,261888.0,1
21.77165320197044,0.046153846153846156,3.239870424713443,-2503.8392402562868,0.0,60544.0,1
21.77165320197044,0.046089385474860335,3.247075824501127,-2503.8372182119715,0.0,60544.0,1
21.77165320197044,0.04602510460251046,3.252154907454859,-2502.1992226824736,0.0,60544.0,1
21.77165320197044,0.04596100278551532,3.258595026771623,-2501.613330622283,0.0,60544.0,1
21.77165320197044,0.0458970792767733,3.2630206148724343,-2499.486883542627,0.0,60544.0,1
21.77165320197044,0.04583333333333333,3.27021452559804,-2499.4856745298193,0.0,60544.0,1
21.77165320197044,0.04576976421636616,3.275334589837522,-2497.9028714652522,0.0,60544.0,1
21.688423529411764,0.045706371191135735,3.2727825416525396,133462.35247698688,0.0,261888.0,1
21.600129268292683,0.04564315352697095,3.2728360906606824,133452.64129583334,0.0,261888.0,1
21.506770873786408,0.04558011049723757,3.2730445286922163,133449.24701275,0.0,261888.0,1
21.506770873786408,0.04551724137931035,3.279197044011753,-2494.7043290158936,0.0,60544.0,1
21.506770873786408,0.045454545454545456,3.28637665313663,-2494.7027231620855,0.0,60544.0,1
21.416785507246377,0.0453920220082531,3.280294024737472,133148.4659487535,0.0,261888.0,1
21.416785507246377,0.04532967032967033,3.2865897703829936,-2489.203984808004,0.0,60544.0,1
21.416785507246377,0.04526748971193416,3.2937530162270274,-2489.2019863328023,0.0,60544.0,1
21.416785507246377,0.045205479452054796,3.3009104202226993,-2489.1955912337216,0.0,60544.0,1
21.416785507246377,0.04514363885088919,3.3080746927759295,-2489.1943921563025,0.0,60544.0,1
21.416785507246377,0.045081967213114756,3.3152394907577807,-2489.193592771998,0.0,60544.0,1
21.416785507246377,0.045020463847203276,3.322403750656654,-2489.192393696504,0.0,60544.0,1
21.416785507246377,0.04495912806539509,3.3295685382845646,-2489.1915943134827,0.0,60544.0,1
21.416785507246377,0.044897959183673466,3.336733321310655,-2489.1907949309752,0.0,60544.0,1
21.416785507246377,0.04483695652173913,3.3438975628031073,-2489.1895958581767,0.0,60544.0,1
21.416785507246377,0.04477611940298507,3.3510623354752913,-2489.188796476953,0.0,60544.0,1
21.416785507246377,0.044715447154471545,3.3582082305214596,-2489.17400801692,0.0,60544.0,1
21.416785507246377,0.044654939106901215,3.365372953730593,-2489.173208645708,0.0,60544.0,1
21.416785507246377,0.0445945945945946,3.372537672337982,-2489.172409275009,0.0,60544.0,1
21.416785507246377,0.044534412955465584,3.3797018436666995,-2489.171210219924,0.0,60544.0,1
21.416785507246377,0.0444743935309973,3.386866551920354,-2489.1704108505087,0.0,60544.0,1
21.416785507246377,0.04441453566621804,3.394031255572278,-2489.169611481607,0.0,60544.0,1
21.416785507246377,0.04435483870967742,3.4011959546224766,-2489.168812113219,0.0,60544.0,1
21.416785507246377,0.04429530201342282,3.4083606490709544,-2489.1680127453437,0.0,60544.0,1
21.416785507246377,0.04423592493297587,3.4155253389177154,-2489.167213377982,0.0,60544.0,1
21.416785507246377,0.04417670682730924,3.4226900241627645,-2489.1664140111343,0.0,60544.0,1
21.416785507246377,0.04411764705882353,3.428905511416593,-2488.476751777369,0.0,60544.0,1
21.416785507246377,0.044058744993324434,3.436067653405625,-2488.4755533923976,0.0,60544.0,1
21.416785507246377,0.044,3.436701269823356,-2483.7560956148873,0.0,60544.0,1
21.416785507246377,0.043941411451398134,3.4438492696693714,-2483.7545038250128,0.0,60544.0,1
21.416785507246377,0.043882978723404256,3.4509978132719796,-2483.753309983946,0.0,60544.0,1
21.416785507246377,0.043824701195219126,3.458146904066413,-2483.752514090539,0.0,60544.0,1
21.416785507246377,0.04376657824933687,3.4652959902791416,-2483.7517181976423,0.0,60544.0,1
21.416785507246377,0.04370860927152318,3.4724445155558175,-2483.750524359253,0.0,60544.0,1
21.416785507246377,0.04365079365079365,3.479593033960487,-2483.749330522012,0.0,60544.0,1
21.416785507246377,0.043593130779392336,3.4867421041376403,-2483.748534631155,0.0,60544.0,1
21.416785507246377,0.04353562005277045,3.4938911697331094,-2483.7477387408085,0.0,60544.0,1
21.416785507246377,0.043478260869565216,3.501039669811936,-2483.746544906245,0.0,60544.0,1
21.416785507246377,0.04342105263157895,3.508179731840092,-2483.739381922965,0.0,60544.0,1
21.416785507246377,0.04336399474375821,3.5153282009991895,-2483.7381880964354,0.0,60544.0,1
21.416785507246377,0.04330708661417323,3.5224772276537863,-2483.7373922127194,0.0,60544.0,1
21.416785507246377,0.04325032765399738,3.5296256842141016,-2483.7361983881024,0.0,60544.0,1
21.416785507246377,0.04319371727748691,3.536774133902516,-2483.7350045646326,0.0,60544.0,1
21.416785507246377,0.043137254901960784,3.5439225767190385,-2483.7338107423107,0.0,60544.0,1
21.416785507246377,0.04308093994778068,3.5510710126636793,-2483.7326169211365,0.0,60544.0,1
21.416785507246377,0.04302477183833116,3.558220011829257,-2483.7318210409912,0.0,60544.0,1
21.416785507246377,0.04296875,3.565367863937356,-2483.730229282231,0.0,60544.0,1
21.416785507246377,0.04291287386215865,3.572516279266411,-2483.7290354644997,0.0,60544.0,1
21.416785507246377,0.04285714285714286,3.579664687723625,-2483.7278416479157,0.0,60544.0,1
21.416785507246377,0.042801556420233464,3.586813089309006,-2483.7266478324796,0.0,60544.0,1
21.416785507246377,0.042746113989637305,3.5939614840225653,-2483.725454018191,0.0,60544.0,1
21.416785507246377,0.042690815006468305,3.6011104488272996,-2483.7246581426366,0.0,60544.0,1
21.416785507246377,0.04263565891472868,3.6082588309422663,-2483.7234643302604,0.0,60544.0,1
21.416785507246377,0.04258064516129032,3.6154072061854383,-2483.7222705190325,0.0,60544.0,1
21.416785507246377,0.04252577319587629,3.622556154955059,-2483.721474645518,0.0,60544.0,1
21.416785507246377,0.04247104247104247,3.629684163696832,-2483.706353145651,0.0,60544.0,1
21.416785507246377,0.042416452442159386,3.6368324793944318,-2483.705159350872,0.0,60544.0,1
21.416785507246377,0.04236200256739409,3.6439813720472647,-2483.7043634883235,0.0,60544.0,1
21.416785507246377,0.04230769230769231,3.6511302601186086,-2483.703567626285,0.0,60544.0,1
21.416785507246377,0.04225352112676056,3.6582785574911867,-2483.7023738341836,0.0,60544.0,1
21.416785507246377,0.04219948849104859,3.6653416969541612,-2483.6434815152807,0.0,60544.0,1
21.416785507246377,0.0421455938697318,3.672489226183892,-2483.641889869747,0.0,60544.0,1
21.416785507246377,0.042091836734693876,3.6796379253017846,-2483.6410940477454,0.0,60544.0,1
21.416785507246377,0.04203821656050955,3.686785438499026,-2483.6395024052717,0.0,60544.0,1
21.416785507246377,0.04198473282442748,3.6939341261641845,-2483.6387065848003,0.0,60544.0,1
21.331553365384615,0.04193138500635324,3.693327377982914,132783.2858459027,0.0,261888.0,1
21.247512440191386,0.04187817258883249,3.69341054745375,132775.84232876875,0.0,261888.0,1
21.16449523809524,0.04182509505703422,3.6935818482786456,132771.56800044846,0.0,261888.0,1
21.082417535545027,0.04177215189873418,3.6937886326568132,132768.56975526255,0.0,261888.0,1
21.001261320754715,0.041719342604298354,3.6939989573102463,132765.69922186734,0.0,261888.0,1
20.920974178403753,0.041666666666666664,3.6942092728691938,132762.82881259464,0.0,261888.0,1
20.841578504672896,0.0416141235813367,3.6944219459146614,132760.04357113838,0.0,261888.0,1
20.76306139534884,0.041561712846347604,3.6946340183699156,132757.23718649955,0.0,261888.0,1
20.68541064814815,0.04150943396226415,3.6948472652366156,132754.47343880188,0.0,261888.0,1
20.60861382488479,0.0414572864321608,3.695061094935424,132751.73106444688,0.0,261888.0,1
20.530782110091742,0.04140526976160602,3.695269590212473,132748.79748707975,0.0,261888.0,1
20.44816484018265,0.041353383458646614,3.691545343833623,132604.59572300824,0.0,261888.0,1
20.366633181818184,0.04130162703379224,3.691648577335114,132597.89332901256,0.0,261888.0,1
20.285985067873302,0.04125,3.6918563158290056,132594.94533861626,0.0,261888.0,1
20.20612837837838,0.04119850187265917,3.692107153509556,132593.54561928858,0.0,261888.0,1
20.12704349775785,0.04114713216957606,3.6923633010061234,132592.33679456002,0.0,261888.0,1
20.048699553571428,0.0410958904109589,3.6926218062514273,132591.2128194121,0.0,261888.0,1
19.971102666666667,0.041044776119402986,3.6928803071141103,132590.08886331972,0.0,261888.0,1
19.8942592920354,0.040993788819875775,3.6931293527729396,132588.62562827975,0.0,261888.0,1
19.818219823788546,0.04094292803970223,3.693344132181008,132585.93251197878,0.0,261888.0,1
19.74297412280702,0.040892193308550186,3.6935589028641322,132583.23950507978,0.0,261888.0,1
19.676449344978167,0.04084158415841584,3.6892753335800696,132419.08809140636,0.0,261888.0,1
19.610799999999998,0.0407911001236094,3.6893920909804163,132412.89088228004,0.0,261888.0,1
19.545868398268397,0.040740740740740744,3.6895936965974356,132409.7396229929,0.0,261888.0,1
19.481626293103446,0.040690505548705305,3.689805311278813,132406.9480286518,0.0,261888.0,1
19.418024034334763,0.04064039408866995,3.6900198638193697,132404.26228762505,0.0,261888.0,1
19.355089316239315,0.04059040590405904,3.690234997035403,132401.59780183484,0.0,261888.0,1
19.292665106382977,0.04054054054054054,3.690450121592986,132398.93342328203,0.0,261888.0,1
19.230887711864405,0.04049079754601227,3.6906670057665365,132396.33258574543,0.0,261888.0,1
19.1697523206751,0.04044117647058824,3.6908827025237656,132393.68956285267,0.0,261888.0,1
19.1697523206751,0.04039167686658507,3.688830197447324,-2469.604587284286,0.0,60544.0,1
19.1697523206751,0.040342298288508556,3.6959373100400783,-2469.603013581572,0.0,60544.0,1
19.1697523206751,0.040293040293040296,3.7030450034963125,-2469.601833305853,0.0,60544.0,1
19.1697523206751,0.04024390243902439,3.7101526901587145,-2469.6006530312616,0.0,60544.0,1
19.1697523206751,0.040194884287454324,3.71377042216221,-2469.5927845628185,0.0,60544.0,1
14.171832911392405,0.040194884287454324,3.71299520118553,131345.1095509761,0.0,261888.0,1
14.135783613445378,0.040145985401459854,3.713091593111248,131338.31082394617,0.0,261888.0,1
14.51827903930131,0.04150943396226415,3.604841424204163,134850.79187524223,0.0,261376.0,1
13.935019125683061,0.049475262368815595,3.04190825741231,-41000.87600602349,0.0,251.0,1
14.461448022598871,0.05108359133126935,2.8766165329226823,-39699.37823099275,0.0,1047.0,1
5.788976,0.0,1.4506101054470533,-41163.434362843545,0.0,255.0,1
5.913646534653466,0.0,1.4331164816178061,-40125.26553890669,0.0,1038.0,1
6.286688607594937,0.0,1.0680425350112845,-142026.10897981268,0.0,49152.0,1
7.023384210526315,0.0,0.7675401707026839,-40455.159245606126,0.0,255.0,1
7.023384210526315,0.0,0.7680703738198241,-40452.26639296467,0.0,255.0,1
7.653303571428571,0.0,0.7393080952131861,-7643.480071031887,0.0,49152.0,1
0.0,0.0,0.012,0.0,0.0,255.0,1
27.935100000000002,0.0,0.02576,15720.0,0.0,1041.0,1
27.935100000000002,0.0,0.004484149140073071,-7.125236981048311,0.0,252.0,1
39.98155,0.0,0.005445319694826997,103368.06408270192,0.0,49155.0,1
39.98155,0.0,0.005515147311412628,-439.4883013781938,0.0,0.0,1
39.98155,0.0,0.004072004557845549,0.0,0.0,255.0,1
41.24986666666666,0.0,0.004626464957645401,805.5371508112678,0.0,1042.0,1
41.24986666666666,0.0,0.003916945973640714,-1.5300570209534037,0.0,253.0,1
43.662225,0.0,0.0043003141062711355,36007.76708846892,0.0,49155.0,1
48.904599999999995,0.0,0.003485056454095798,2.0293418793259694,0.0,255.0,1
47.58655,0.0,0.003564829299585177,-33429.79903670152,0.0,16.0,1
46.10606666666666,0.0,0.003608815080797742,178.61953524911183,0.0,255.0,1
39.896175,0.0,0.004052780384433173,721.9360153469174,0.0,1046.0,1
32.44945,0.0,0.0029596386331589295,40836.16521524788,0.0,49154.0,1
25.785866666666664,0.0,0.0036498815228019482,-2.479539077990454,0.0,252.0,1
25.785866666666664,0.0,0.0043705276761587634,-2.479497546988709,0.0,252.0,1
35.009699999999995,0.0,0.004645593727770099,38424.37207277235,0.0,49154.0,1
0.0,0.0,0.02352,0.0,0.0,1041.0,1
6.6487,0.0,0.0416,-15720.0,0.0,255.0,1
6.6487,0.0,0.0536,-15720.0,0.0,255.0,1
24.23875,0.0,0.06544,0.0,0.0,1041.0,1
24.23875,0.0,0.08624,0.0,0.0,1041.0,1
24.23875,0.0,0.09808,0.0,0.0,1041.0,1
17.86,0.0,0.10250844806517312,-14660.050978752924,0.0,255.0,1
17.86,0.0,0.11697826159558027,-14640.909811166575,0.0,255.0,1
17.86,0.0,0.1279106461287216,-14630.059350578462,0.0,255.0,1
24.2372,0.0,0.10330427806754912,40.993761137916316,0.0,1044.0,1
24.2372,0.0,0.08446882370030732,-10786.5610245363,0.0,0.0,1
24.2372,0.0,0.08677842967337707,-10331.238024929726,0.0,0.0,1
24.2372,0.0,0.03284009003027939,112277.54203004348,0.0,49152.0,1
24.10056,0.0,0.03305794345417195,-1743.1517292483604,0.0,253.0,1
24.10056,0.0,0.034981987270094425,-1742.9062954498233,0.0,253.0,1
28.81641666666667,0.0,0.03252238923861754,95361.08414548566,0.0,49152.0,1
37.97485,0.0,0.006704507706704599,-39671.31199783981,0.0,253.0,1
37.97485,0.0,0.006780161217319788,-37495.329000191516,0.0,0.0,1
0.0,0.0,0.002350862811315125,1.2888502255017134,0.0,254.0,1
31.1598,0.0,0.003152239716891586,962.7713286260857,0.0,1030.0,1
0.0,0.0,0.2128,0.0,0.0,252.0,1
0.0,0.0,0.4256,0.0,0.0,252.0,1
0.0,0.0,0.6384,0.0,0.0,252.0,1
0.0,0.0,0.8512,0.0,0.0,252.0,1
0.0,0.0,1.064,0.0,0.0,252.0,1
0.0,0.0,1.09408,0.0,0.0,252.0,1
0.0,0.0,1.14,0.0,0.0,252.0,1
34.9394,0.0,1.15248,978060.0,0.0,49155.0,1
35.248400000000004,0.0,1.16496,978060.0,0.0,49155.0,1
37.62716666666667,0.0,1.17744,978060.0,0.0,49155.0,1
38.761625,0.0,1.18992,978060.0,0.0,49155.0,1
39.43438,0.0,1.2024,978040.0,0.0,49154.0,1
39.43438,0.0,0.25254152173779915,174451.7105890758,0.0,49154.0,1
39.43438,0.0,0.2906110512440612,174450.8203370456,0.0,49154.0,1
39.43438,0.0,0.3054787498430789,174450.22684073995,0.0,49154.0,1
39.43438,0.0,0.3085886859025663,174449.78172116083,0.0,49154.0,1
34.02755,0.0,0.3031395461907477,10.441566071601946,0.0,255.0,1
30.175714285714285,0.0,0.3051227900420115,6.959282685019877,0.0,254.0,1
30.175714285714285,0.0,0.30813505291711946,6.95878619957361,0.0,254.0,1
39.01225,0.0,0.2296932087899537,125947.00054097502,0.0,49154.0,1
39.01225,0.0,0.0744541290346306,0.0,0.0,252.0,1
39.01225,0.0,0.07345116865297394,-204.73513959549413,0.0,0.0,1
0.0,0.0,0.012,0.0,0.0,255.0,1
36.5768,0.0,0.0264,15660.0,0.0,1038.0,1
36.5768,0.0,0.006375797209110042,46894.90916574213,0.0,49152.0,1
26.330849999999998,0.0,0.007102527311855851,-3.777940059497793,0.0,251.0,1
26.330849999999998,0.0,0.007925500743383013,-3.777645730878462,0.0,251.0,1
36.959666666666664,0.0,0.008043005840319077,43775.47379497795,0.0,49152.0,1
42.25365,0.0,0.008572991781895582,43774.54116202656,0.0,49151.0,1
42.25365,0.0,0.007177175501992049,46370.35003662321,0.0,65535.0,1
44.696659999999994,0.0,0.00729279688148878,44643.07768413237,0.0,65535.0,1
37.63166666666667,0.0,0.00757627755419383,44398.652483908954,0.0,65280.0,1
37.63166666666667,0.0,0.014840640743339264,44396.97572394349,0.0,65280.0,1
37.63166666666667,0.0,0.018570972587056925,44396.231340932965,0.0,65280.0,1
42.16207142857143,0.0,0.018073767035472556,47175.844328992476,0.0,71680.0,1
42.16207142857143,0.0,0.025200677279287844,47175.80677240438,0.0,71680.0,1
42.16207142857143,0.0,0.032327591617219716,47175.79174978589,0.0,71680.0,1
42.16207142857143,0.0,0.03550283550938832,47114.354261613495,0.0,71680.0,1
37.45728571428572,0.0,0.10696893532438005,32585.2785756951,0.0,65280.0,1
33.3129,0.0,0.10830478029127233,31385.2332435516,0.0,64768.0,1
33.3129,0.0,0.11063877544250172,31381.413784330627,0.0,64768.0,1
33.3129,0.0,0.12329657696260081,31378.737709386805,0.0,64768.0,1
33.3129,0.0,0.1327391762456072,31376.46791371097,0.0,64768.0,1
36.4915,0.0,0.1200402009693918,40266.016191757866,0.0,71680.0,1
36.4915,0.0,0.12199900956819336,40265.964714490445,0.0,71680.0,1
39.50614,0.0,0.1217715165769256,48992.125877747945,0.0,76800.0,1
39.50614,0.0,0.12369459897407253,48922.92676291997,0.0,76800.0,1
36.60296363636363,0.0,0.1240381881587716,27538.96079230234,0.0,64768.0,1
34.171425,0.0,0.12403276176897285,26826.957597885306,0.0,64512.0,1
37.0296,0.0,0.11101342486671748,42939.27211408792,0.0,76800.0,1
37.0296,0.0,0.09950760011127593,34800.47217006372,0.0,76800.0,1
37.684149999999995,0.0,0.09455367811399074,19184.804255012612,0.0,65280.0,1
37.684149999999995,0.0,0.06736264698274336,-41032.64574119498,0.0,251.0,1
37.77192,0.0,0.0656050503839756,-39085.64040326397,0.0,1047.0,1
37.77192,0.0,0.06364843718479533,-38260.735659201935,0.0,254.0,1
37.0631875,0.0,0.06288615727756079,-37473.19509510589,0.0,270.0,1
37.0631875,0.0,0.05578612287391587,-32288.856493042196,0.0,1047.0,1
35.18922352941176,0.0,0.056089525102198404,-32709.52533566717,0.0,250.0,1
36.534000000000006,0.0,0.05292109885089913,-32955.79769343547,0.0,1047.0,1
33.648340000000005,0.0,0.055068501461371835,-44490.98731928655,0.0,255.0,1
35.2952625,0.0,0.05492690085854036,-43790.922553297576,0.0,1040.0,1
35.96286666666666,0.0,0.0130726823747977,-51243.06727486888,0.0,253.0,1
35.96286666666666,0.0,0.013634348682889647,-51240.597438587676,0.0,253.0,1
35.96286666666666,0.0,0.015390634436944889,-51239.861440710694,0.0,253.0,1
35.96286666666666,0.0,0.01901580642758127,-51239.19088327455,0.0,253.0,1
35.96286666666666,0.0,0.020924360422299115,-43060.63920837055,0.0,1040.0,1
35.96286666666666,0.0,0.027884802744195122,-43060.570391516696,0.0,1040.0,1
35.96286666666666,0.0,0.03484526736860072,-43060.55662817232,0.0,1040.0,1
35.96286666666666,0.0,0.041805727543495305,-43060.542864836745,0.0,1040.0,1
37.14597142857143,0.0,0.04222399256930241,-10808.703965265453,0.0,49155.0,1
37.14597142857143,0.0,0.04918444704862554,-43060.522219849874,0.0,1040.0,1
37.14597142857143,0.0,0.053200782105395215,-43060.405231964876,0.0,1040.0,1
37.14597142857143,0.0,0.05378527103752461,-10808.667690429766,0.0,49155.0,1
38.019825,0.0,0.05420353267826995,-10811.347182526415,0.0,49151.0,1
38.019825,0.041666666666666664,0.058219962217642335,-43060.357060667586,6.666666666666666e-05,1040.0,1
34.41614444444444,0.04,0.05839837575664168,-43424.14215963344,6.4e-05,255.0,1
31.53471,0.038461538461538464,0.058793099608647335,-43423.68584793608,6.153846153846154e-05,255.0,1
29.17808181818182,0.037037037037037035,0.0591878434356662,-43423.25028662554,5.925925925925925e-05,255.0,1
29.17808181818182,0.03571428571428571,0.05964663936171043,-43422.78016676243,5.7142857142857135e-05,255.0,1
30.327372727272735,0.03571428571428571,0.07459148719762933,1.6672214393748175,5.7142857142857135e-05,253.0,1
30.327372727272735,0.034482758620689655,0.06997891949742181,34920.903373988964,5.5172413793103446e-05,49151.0,1
28.01177500000001,0.03333333333333333,0.07047380274369222,2.85134337043584,5.3333333333333326e-05,255.0,1
29.304284615384624,0.03225806451612903,0.06872321860362471,33778.60033086652,5.1612903225806444e-05,49151.0,1
28.683890909090906,0.03571428571428571,0.0673809632737714,-16.579961435475244,5.7142857142857135e-05,1023.0,1
31.0317,0.037037037037037035,0.0645509225382682,43182.15656273693,5.925925925925925e-05,65535.0,1
30.186379999999996,0.037037037037037035,0.07887028990316225,53267.80049741797,5.925925925925925e-05,65535.0,1
28.003436363636357,0.03571428571428571,0.07895559351990955,52793.758932133496,5.7142857142857135e-05,65280.0,1
28.003436363636357,0.034482758620689655,0.08758918458675251,52790.73416648359,5.5172413793103446e-05,65280.0,1
28.003436363636357,0.03333333333333333,0.09157502074443036,52789.58975094489,5.3333333333333326e-05,65280.0,1
29.623291666666663,0.03225806451612903,0.08866849052143964,53434.52296349947,5.1612903225806444e-05,68608.0,1
31.010307692307688,0.03125,0.08913960144635322,55425.404718760925,4.9999999999999996e-05,71168.0,1
31.010307692307688,0.030303030303030304,0.09727957059001288,55310.986122911985,4.848484848484848e-05,71168.0,1
31.010307692307688,0.029411764705882353,0.10560345874665035,55310.93469408249,4.705882352941176e-05,71168.0,1
31.010307692307688,0.02857142857142857,0.11392739498258649,55310.914122577466,4.571428571428571e-05,71168.0,1
31.010307692307688,0.027777777777777776,0.1222513022926358,55310.88326534863,4.444444444444444e-05,71168.0,1
31.010307692307688,0.02702702702702703,0.12815394602121527,55310.77012247078,4.324324324324324e-05,71168.0,1
29.13715714285714,0.02631578947368421,0.12813773781066212,50529.76664769494,4.210526315789473e-05,65280.0,1
27.52303333333333,0.02564102564102564,0.12858373880405544,50524.25321312545,4.1025641025641023e-05,65280.0,1
26.113368750000003,0.025,0.12943694005929662,49925.743477419215,3.9999999999999996e-05,64512.0,1
26.113368750000003,0.024390243902439025,0.13034348976667415,49877.808610869346,3.902439024390244e-05,64512.0,1
26.113368750000003,0.023809523809523808,0.1338083733568529,49875.427205388274,3.809523809523809e-05,64512.0,1
26.113368750000003,0.023255813953488372,0.1348557313467361,49874.6703721983,3.7209302325581394e-05,64512.0,1
27.510847058823533,0.022727272727272728,0.13029649457026973,54902.70201849782,3.636363636363636e-05,73728.0,1
27.510847058823533,0.022222222222222223,0.13183265275109862,54902.62376763631,3.555555555555555e-05,73728.0,1
27.510847058823533,0.021739130434782608,0.13255928606807685,54834.74701197984,3.478260869565217e-05,73728.0,1
27.510847058823533,0.02127659574468085,0.13978184853329764,54545.1210766856,3.404255319148936e-05,73728.0,1
27.510847058823533,0.020833333333333332,0.14664649993044024,54544.78317567044,3.333333333333333e-05,73728.0,1
27.510847058823533,0.02040816326530612,0.14729372372054841,54544.7349044386,3.265306122448979e-05,73728.0,1
26.412794444444447,0.02,0.14766504818900045,47491.00878966944,3.2e-05,64256.0,1
26.412794444444447,0.0196078431372549,0.14828137990767948,47488.77399655421,3.137254901960784e-05,64256.0,1
25.27514210526316,0.019230769230769232,0.14826928128919267,48102.14943636622,3.076923076923077e-05,65280.0,1
24.254330000000003,0.018867924528301886,0.14869952818155557,47342.200449437565,3.0188679245283015e-05,64256.0,1
24.254330000000003,0.018518518518518517,0.1527777109993073,53962.37193414018,2.9629629629629627e-05,73728.0,1
24.254330000000003,0.01818181818181818,0.15333795034778186,53934.161971499445,2.909090909090909e-05,73728.0,1
23.432438095238098,0.017857142857142856,0.15306662788475459,47513.64081633648,2.8571428571428567e-05,65280.0,1
24.666227272727273,0.017543859649122806,0.14868693311697287,46024.06710999638,2.807017543859649e-05,65280.0,1
24.666227272727273,0.034482758620689655,0.14909686218625734,543.5498716394146,5.309284482758621,1023.0,1
24.666227272727273,0.03389830508474576,0.14348455042325187,44351.45010999413,5.219296610169492,65535.0,1
24.666227272727273,0.03333333333333333,0.14349943214857566,0.0,5.1323083333333335,255.0,1
25.571413043478262,0.03333333333333333,0.14245973043450805,17732.67384796447,5.1323083333333335,26883.0,1
26.234395833333338,0.03278688524590164,0.14295122325449153,4.116942532864935,5.048172131147542,1046.0,1
25.314164000000005,0.03225806451612903,0.14293354103299952,43982.07903490904,4.96675,65280.0,1
25.314164000000005,0.031746031746031744,0.1502133645739783,43980.65038755362,4.887912698412699,65280.0,1
25.314164000000005,0.03125,0.15319605212659165,43979.98993874123,4.8115390625000005,65280.0,1
25.286292000000003,0.03125,0.19892923529744894,39858.26325100893,4.8115390625000005,45056.0,1
25.286292000000003,0.03076923076923077,0.2084230977837582,39858.20407207494,4.737515384615385,45056.0,1
25.286292000000003,0.030303030303030304,0.21791702452078657,39858.1618015154,4.665734848484849,45056.0,1
25.286292000000003,0.029850746268656716,0.2274109311207727,39858.119531045515,4.596097014925373,45056.0,1
25.286292000000003,0.029411764705882353,0.2313598604392791,39857.94199605106,4.528507352941177,45056.0,1
24.459300000000002,0.028985507246376812,0.23096784898423559,57655.95754214225,4.462876811594203,65280.0,1
23.695244444444445,0.02857142857142857,0.23134031703948343,57653.32504034251,4.399121428571429,65280.0,1
23.695244444444445,0.028169014084507043,0.2321755062461185,57652.88631341399,4.337161971830986,65280.0,1
23.695244444444445,0.027777777777777776,0.2332078005869566,57652.081998053625,4.276923611111112,65280.0,1
23.695244444444445,0.0273972602739726,0.23619919392595837,57551.42754580072,4.218335616438357,65280.0,1
23.695244444444445,0.02702702702702703,0.2351798218422185,57414.172835157166,4.161331081081082,65535.0,1
23.695244444444445,0.04,0.2313349369685231,56078.7664633181,7.676045333333334,65280.0,1
24.83765,0.039473684210526314,0.2270317439701293,37853.55036281857,7.575044736842105,45056.0,1
24.83765,0.03896103896103896,0.22863346880616944,37853.51986239435,7.476667532467532,45056.0,1
24.83765,0.038461538461538464,0.2294444226903347,37853.49698710844,7.38081282051282,45056.0,1
25.942827586206896,0.0379746835443038,0.22921824009250816,39693.06418376434,7.287384810126582,47360.0,1
25.942827586206896,0.0375,0.2298178587781981,39693.00836485707,7.1962925,47360.0,1
26.73632,0.037037037037037035,0.2302895837153178,22438.792020383575,7.107449382716049,26883.0,1
26.73632,0.036585365853658534,0.23545165165082155,39692.73724668345,7.020773170731707,47360.0,1
26.056393548387096,0.03614457831325301,0.23532852692786066,54679.08741580909,6.9361855421686744,65280.0,1
26.056393548387096,0.03571428571428571,0.2358767672665852,54673.62889615974,6.853611904761904,65280.0,1
25.3694375,0.03529411764705882,0.23594423755975943,54605.18313236175,6.772981176470588,65280.0,1
24.726463636363636,0.03488372093023256,0.23629011270713984,53956.41329474677,6.694225581395349,64512.0,1
24.726463636363636,0.034482758620689655,0.2452201366519734,54600.37331557783,6.6172804597701145,65280.0,1
24.726463636363636,0.03409090909090909,0.24932078625900866,54599.586335319924,6.542084090909091,65280.0,1
24.726463636363636,0.033707865168539325,0.25318634664712786,53779.92016791548,6.468577528089887,64512.0,1
24.726463636363636,0.03333333333333333,0.2541259369506577,53777.55941760517,6.3967044444444445,64512.0,1
33.072173529411764,0.03296703296703297,0.2535872547255412,61214.82489079014,6.326410989010989,73728.0,1
33.50051142857143,0.03260869565217391,0.24525176571685492,39958.40259762181,6.257645652173913,49920.0,1
34.014069444444445,0.03225806451612903,0.2456249245291017,24511.485521408635,6.190359139784946,30720.0,1
34.014069444444445,0.031914893617021274,0.25421067687320537,24511.471416487162,6.124504255319149,30720.0,1
34.014069444444445,0.031578947368421054,0.26279636892818764,24511.452609950447,6.060035789473684,30720.0,1
34.014069444444445,0.03125,0.2713820998631027,24511.43850506685,5.996910416666666,30720.0,1
34.014069444444445,0.030927835051546393,0.27519142907584165,24511.358577699757,5.935086597938144,30720.0,1
33.29403243243243,0.030612244897959183,0.2739153236450047,52007.34551477342,5.874524489795919,65280.0,1
32.61667631578947,0.030303030303030304,0.2742198866904349,51999.58174448533,5.815185858585859,65280.0,1
32.61667631578947,0.03,0.2749636533834403,51997.48007516045,5.757034,65280.0,1
32.61667631578947,0.0297029702970297,0.27589314931319786,51996.63747243536,5.700033663366336,65280.0,1
32.61667631578947,0.029411764705882353,0.27921577300023565,51995.93367226719,5.644150980392157,65280.0,1
32.815587179487174,0.02912621359223301,0.2708508354225404,23600.374090015725,5.589353398058252,30720.0,1
32.815587179487174,0.028846153846153848,0.27231810839639337,23600.252049520175,5.535609615384615,30720.0,1
32.815587179487174,0.02857142857142857,0.27306153886818185,23600.2346152667,5.482889523809524,30720.0,1
33.0391475,0.02830188679245283,0.27312194683185337,25555.274403969735,5.431164150943396,33280.0,1
33.0391475,0.028037383177570093,0.27367266853189065,25555.255546138837,5.380405607476636,33280.0,1
33.0391475,0.027777777777777776,0.2813051431369319,25498.58645950008,5.330587037037037,33280.0,1
33.0391475,0.027522935779816515,0.2893306077233518,25479.75101132474,5.281682568807339,33280.0,1
33.0391475,0.02727272727272727,0.2933162263112579,25479.62915934223,5.233667272727272,33280.0,1
33.0391475,0.02702702702702703,0.2938653029833662,25479.61041298682,5.186517117117117,33280.0,1
32.40568048780488,0.026785714285714284,0.29378703089950325,50096.73485960707,5.140208928571428,65280.0,1
31.770380952380954,0.02654867256637168,0.29429490183177054,49896.799904052124,5.094720353982301,65024.0,1
31.210002325581396,0.02631578947368421,0.29353703212584126,49908.5714122594,5.0500298245614035,65280.0,1
30.65505681818182,0.02608695652173913,0.2938515489823738,49905.67653119665,5.006116521739131,65280.0,1
30.12512222222222,0.02586206896551724,0.29417792460238895,49511.86686247293,4.962960344827586,64768.0,1
31.203821739130436,0.02564102564102564,0.278539399711962,23970.047616073025,4.92054188034188,33280.0,1
32.44375853658537,0.03,0.20990737016992297,528.7512268739881,14.859587999999999,1023.0,1
32.21063157894737,0.030927835051546393,0.21409217472122807,34238.41893869505,15.319162886597937,49920.0,1
32.21063157894737,0.030612244897959183,0.2153907234364355,34237.36152824101,15.162844897959182,49920.0,1
32.21063157894737,0.030303030303030304,0.2158891530867866,34237.34438158262,15.009684848484847,49920.0,1
32.21063157894737,0.03,0.2157880772829559,33583.268494574055,14.859587999999999,49154.0,1
31.604997435897438,0.0297029702970297,0.2155505209855565,44723.308751062024,14.712463366336632,65280.0,1
31.33891,0.029411764705882353,0.2135742362960738,-529.5206265551403,14.568223529411764,253.0,1
31.33891,0.02912621359223301,0.2141642799999082,-529.4968391983346,14.426784466019416,253.0,1
31.956351219512193,0.028846153846153848,0.21003867108339752,43275.62233161642,14.288065384615383,65280.0,1
32.09255238095238,0.02857142857142857,0.20947267780825665,32263.22722719395,14.15198857142857,49154.0,1
32.38043023255813,0.02830188679245283,0.2089302436298984,32115.55172505953,14.018479245283018,49154.0,1
28.022815384615384,0.07407407407407407,0.036268486930159265,-20013.848230357882,112.44238148148149,1023.0,1
0.0,0.5,0.0016063436415455865,-755.9264195508642,1062.84365,255.0,1
0.0,0.3333333333333333,0.0023384530973808494,-755.8636274362342,708.5624333333334,255.0,1
0.0,0.25,0.012809880926642847,-755.8380878658348,531.421825,255.0,1
0.0,0.2,0.02328100537816443,-755.825673420286,425.13746000000003,255.0,1
0.0,0.16666666666666666,0.03375188089690072,-755.8153874743338,354.2812166666667,255.0,1
0.0,0.14285714285714285,0.0442224714255983,-755.8051018083383,303.6696142857143,255.0,1
0.0,0.125,0.054692738478287393,-755.7942844271757,265.7109125,255.0,1
0.0,0.1111111111111111,0.06516273640382356,-755.7838220088271,236.1874777777778,255.0,1
0.0,0.1,0.07563239122689171,-755.772827915229,212.56873000000002,255.0,1
0.0,0.09090909090909091,0.08610180206183632,-755.7623660909104,193.2443,255.0,1
0.0,0.08333333333333333,0.08884806243419015,-755.7517272445733,177.14060833333335,255.0,1
275.7306,0.07692307692307693,0.07023288982801669,-702.9482359329712,163.51440769230769,115.0,1
275.6906,0.07142857142857142,0.07056708468437074,-702.9457707281094,151.83480714285716,115.0,1
275.6906,0.06666666666666667,0.07114305355020559,-702.9456409809641,141.71248666666668,115.0,1
277.3009666666667,0.0625,0.07120710073025342,-698.7439699940387,132.85545625,117.0,1
278.387475,0.058823529411764705,0.07147732115220967,-695.8173889655598,125.0404294117647,120.0,1
280.36866,0.05555555555555555,0.07144199354953092,-686.8832756071304,118.0937388888889,127.0,1
282.26705,0.05263157894736842,0.07158140838409541,-681.2252720480753,111.87827894736843,132.0,1
284.1464857142857,0.05,0.07170925972747899,-677.0203138343257,106.28436500000001,135.0,1
284.1464857142857,0.047619047619047616,0.07227191500319384,-676.4636618057608,101.22320476190477,135.0,1
284.1464857142857,0.045454545454545456,0.07553727812176185,-674.6027734745809,96.62215,135.0,1
249.405425,0.043478260869565216,0.07571609061130181,-582.2914923243591,92.42118695652174,255.0,1
227.38906666666668,0.041666666666666664,0.07333786150927785,-563.0349501689394,88.57030416666667,253.0,1
227.38906666666668,0.0,0.16657598288886594,0.0,0.0,255.0,1
211.07703,0.0,0.1515920387268176,1183.9376638764954,0.0,1044.0,1
211.07703,0.038461538461538464,0.07280093168052397,550.2196064659346,174.5179,1023.0,1
211.07703,0.037037037037037035,0.06939415653446386,521.4338625006677,168.05427407407407,1023.0,1
166.2034,0.16666666666666666,0.007109061228471993,599.1082449878579,404.0525583333333,1023.0,1
64.2687,0.3333333333333333,0.006285007600108293,36480.499954284795,808.1051166666666,49151.0,1
37.572849999999995,0.2857142857142857,0.006879761453256035,0.0,692.6615285714286,255.0,1
37.572849999999995,0.25,0.007524799765404049,0.0,606.0788375,255.0,1
38.275,0.2222222222222222,0.007736059848356417,35154.49650048656,538.7367444444444,49151.0,1
39.74745,0.2,0.008135127683454422,35040.09894381496,484.86307,49151.0,1
31.5737,0.3333333333333333,0.010706848253264354,0.0,640.4263777777777,1023.0,1
31.5737,0.25,0.008287591830886792,-634.7767049752932,153.2965,254.0,1
30.939249999999998,0.2222222222222222,0.008648225670933585,5.642951127566657,136.26355555555557,1030.0,1
29.0359,0.5,0.0020629690534331915,0.0,757.17155,1023.0,1
29.0359,0.25,0.0038989942614733007,53076.036303802895,528.369875,49151.0,1
29.0359,0.2,0.004758144072603517,52495.25512592377,422.6959,49151.0,1
21.41225,0.16666666666666666,0.0056724122989618275,1.0694593323834516,352.2465833333333,255.0,1
21.41225,0.14285714285714285,0.006304713970856116,1.0693205513663697,301.92564285714286,255.0,1
16.2871,0.125,0.006920589653236111,-270.93553821238777,264.1849375,0.0,1
16.2871,0.1111111111111111,0.018229510250160817,-1.0643105003596927,234.83105555555554,253.0,1
16.2871,0.1,0.029549837359916172,-1.0641687323507696,211.34795,253.0,1
16.2871,0.09090909090909091,0.04087178382064754,-1.0641476728975092,192.1345,253.0,1
16.2871,0.08333333333333333,0.0435357799958138,-1.0641322838241543,176.12329166666666,253.0,1
17.33115,0.07692307692307693,0.04343073955736073,51166.94468331408,162.57534615384614,49151.0,1
17.33115,0.07142857142857142,0.04405018899450207,51166.906386929106,150.96282142857143,49151.0,1
21.30696,0.06666666666666667,0.04373529647895317,50063.195999936535,140.89863333333332,49155.0,1
23.936850000000003,0.0625,0.04437406166600886,50063.12268202056,132.09246875,49155.0,1
26.12307142857143,0.058823529411764705,0.04491298903326649,49952.01229793861,124.32232352941176,49155.0,1
27.83865,0.05555555555555555,0.04552152027413324,49919.32053743082,117.41552777777777,49154.0,1
27.83865,0.05263157894736842,0.04593751720607618,1.0042304390975032,111.23576315789474,255.0,1
26.547733333333333,0.05,0.04581783260127765,1665.0070724023647,105.673975,1939.0,1
26.547733333333333,0.047619047619047616,0.03792363532877472,1343.3679265259293,100.64188095238094,1939.0,1
26.547733333333333,0.045454545454545456,0.04500440598913378,37787.00983634344,96.06725,49154.0,1
26.547733333333333,0.043478260869565216,0.05325101398531054,37786.95414269917,91.89041304347826,49154.0,1
26.547733333333333,0.041666666666666664,0.057151717981681865,37786.89844921908,88.06164583333333,49154.0,1
26.547733333333333,0.04,0.06539830786248409,37786.85667921675,84.53918,49154.0,1
26.547733333333333,0.038461538461538464,0.07158010120526322,37786.800986023954,81.28767307692307,49154.0,1
24.19251,0.037037037037037035,0.07187148966124195,0.7709547934141632,78.27701851851852,255.0,1
22.273327272727272,0.03571428571428571,0.0723229097726299,0.7709016561421282,75.48141071428572,255.0,1
21.01255,0.034482758620689655,0.07276714257403684,-1.5369876346324103,72.87860344827585,252.0,1
23.243123076923077,0.03333333333333333,0.07304955295971367,0.7666829655721419,70.44931666666666,255.0,1
25.37330714285714,0.03225806451612903,0.07081379347292215,36106.88293320292,68.17675806451612,49154.0,1
25.09156923076923,0.03333333333333333,0.07535860671307237,-552.0016509821654,70.44931666666666,252.0,1
25.09156923076923,0.03225806451612903,0.08126932513865137,-551.9613255981343,68.17675806451612,252.0,1
25.09156923076923,0.03125,0.08249245913046328,-551.9446507010829,66.046234375,252.0,1
26.301328571428574,0.030303030303030304,0.08052472060729692,33453.73439675472,64.04483333333333,49155.0,1
27.340220000000002,0.029411764705882353,0.08095838621631578,33450.937601466736,62.16116176470588,49151.0,1
27.340220000000002,0.0,0.09068293544744666,0.0,0.0,49151.0,1
27.340220000000002,0.0,0.09140425914659153,0.0,0.0,49151.0,1
27.340220000000002,0.0,0.092064994168875,0.0,0.0,49151.0,1
25.814887499999998,0.0,0.09230833054862142,-36969.30190113191,0.0,255.0,1
27.368235294117646,0.0,0.08942353082700703,-35641.12294846214,0.0,255.0,1
34.767399999999995,0.09090909090909091,0.028626600719194466,754.6194322517414,411.99287272727275,1023.0,1
34.767399999999995,0.16666666666666666,0.024518531482203412,633.5049521708723,1156.1413,1023.0,1
0.0,0.6666666666666666,0.002294992298931387,-896.6265459387807,4624.5652,251.0,1
58.982,0.5,0.002652211495825672,26.087326188449232,3468.4239,1047.0,1
58.982,0.4,0.002965081464703783,20.21646453207125,2774.7391199999997,1047.0,1
31.53195,0.3333333333333333,0.003579483975042801,-648.9073904099637,2312.2826,250.0,1
43.40083333333334,0.2857142857142857,0.0037572367587452274,19.072267810889482,1981.956514285714,1047.0,1
43.40083333333334,0.25,0.006814644108952195,-553.0057772268899,1734.21195,255.0,1
54.792275000000004,0.2222222222222222,0.006826638250184371,8.797214239928314,1541.5217333333333,1036.0,1
54.792275000000004,0.0,0.02031553610012252,826.8195685709343,0.0,1036.0,1
54.792275000000004,0.0,0.031187081128558194,825.0828621568544,0.0,1036.0,1
54.792275000000004,0.0,0.041956342515227264,822.2420829452118,0.0,1036.0,1
54.792275000000004,0.0,0.047654142162256385,822.2371548569382,0.0,1036.0,1
45.42884,0.0,0.04823916856886785,0.0,0.0,251.0,1
45.42884,0.0,0.04875516847535364,0.0,0.0,251.0,1
45.42884,0.0,0.04946652875232353,0.0,0.0,251.0,1
45.42884,0.06666666666666667,0.05757125519985976,779.9502162758856,3.6703333333333332,1036.0,1
38.680733333333336,0.0625,0.05797028276916991,3.9548562402217162,3.4409375,255.0,1
38.680733333333336,0.11764705882352941,0.051338045068020574,583.927862791181,26.35174705882353,1036.0,1
89.35494285714286,0.1111111111111111,0.05163366982067397,2.967111241275369,24.887761111111114,255.0,1
135.4385,0.16666666666666666,0.05024126237163287,-641.737961406602,37.33164166666667,255.0,1
135.4385,0.15384615384615385,0.04458523669680919,-4.333151162706608,34.45997692307692,1030.0,1
103.471175,0.14285714285714285,0.04476804990024814,-561.683593601496,31.99855,254.0,1
103.471175,0.13333333333333333,0.0453274519176386,-561.6375237608282,29.865313333333336,254.0,1
103.471175,0.125,0.04575140022937861,-561.6224252695918,27.998731250000002,254.0,1
103.471175,0.11764705882352941,0.044600743770412746,-718.6507799263967,26.35174705882353,0.0,1
103.471175,0.1111111111111111,0.04501117803263972,-718.6472143048753,24.887761111111114,0.0,1
139.48886000000002,0.1111111111111111,0.036723039330339435,-641.2785433285397,24.887761111111114,75.0,1
283.55960000000005,0.5,0.0007503420146090519,635.110919508376,4667.78385,1023.0,1
0.0,0.5,0.0025633637891520245,-1651.5632467019755,4667.78385,255.0,1
74.47189999999999,0.3333333333333333,0.00354411466310289,31.51147974516168,3111.8559,1040.0,1
74.47189999999999,0.25,0.002707833034621535,52282.82070483052,2333.891925,65280.0,1
74.47189999999999,0.2,0.0033130806793993423,52281.096565855485,1867.1135399999998,65280.0,1
66.448,0.16666666666666666,0.003523129891478559,37978.50138968851,1555.92795,49920.0,1
66.448,0.14285714285714285,0.004095730439427881,37701.229536277315,1333.6525285714285,49920.0,1
66.448,0.125,0.008771208806650282,37700.931524154264,1166.9459625,49920.0,1
46.18973333333333,0.1111111111111111,0.009064642397327518,48738.57394680951,1037.2853,64512.0,1
46.18973333333333,0.1,0.009954650822701224,48736.18338082033,933.5567699999999,64512.0,1
58.765025,0.09090909090909091,0.0135792023533806,34946.43460385533,848.6879727272727,49920.0,1
58.765025,0.08333333333333333,0.014073659690559693,34910.70098870218,777.963975,49920.0,1
47.593560000000004,0.07692307692307693,0.014352296353221501,45782.14390235078,718.1205923076923,65280.0,1
47.593560000000004,0.07142857142857142,0.014858984887138925,45780.29305201793,666.8262642857143,65280.0,1
47.593560000000004,0.06666666666666667,0.015264246724929102,44567.18928588555,622.37118,65280.0,1
47.593560000000004,0.0625,0.016883571961528274,44564.89005635566,583.47298125,65280.0,1
47.593560000000004,0.058823529411764705,0.01751026122614735,44564.197386270214,549.1510411764706,65280.0,1
47.593560000000004,0.05555555555555555,0.0185032104509776,44563.74789911798,518.64265,65280.0,1
47.593560000000004,0.05263157894736842,0.022213107206831798,33366.80473315858,491.3456684210526,49151.0,1
47.593560000000004,0.05,0.02230382141574163,-524.7957980174501,466.77838499999996,255.0,1
43.18175,0.047619047619047616,0.022898306739319408,-526.1308244591771,444.5508428571428,253.0,1
43.18175,0.045454545454545456,0.02349350896810618,-526.1168539274591,424.34398636363636,253.0,1
42.198885714285716,0.043478260869565216,0.023576177500197592,33080.93294384647,405.89424782608694,49920.0,1
42.198885714285716,0.041666666666666664,0.027472843597728062,33067.63571775574,388.9819875,49920.0,1
42.198885714285716,0.04,0.02787800852724727,-519.3651889415365,373.422708,255.0,1
37.589437499999995,0.038461538461538464,0.0284955729370283,42954.2730058378,359.06029615384614,64768.0,1
38.4691,0.037037037037037035,0.028850702528961148,50258.122812906244,345.76176666666663,75776.0,1
39.17066,0.03571428571428571,0.029270222376674513,50258.10670074306,333.41313214285714,75776.0,1
39.74334545454545,0.034482758620689655,0.029689746714492014,50258.09864466534,321.91612758620687,75776.0,1
39.74334545454545,0.03333333333333333,0.030319025679101635,50258.07447644768,311.18559,75776.0,1
39.74334545454545,0.03225806451612903,0.03313607693717079,50215.3170467955,301.14734516129033,75776.0,1
39.74334545454545,0.03125,0.03598427327745757,50215.28487734815,291.736490625,75776.0,1
36.694399999999995,0.030303030303030304,0.03630500538829183,42730.10650806246,282.89599090909087,64768.0,1
37.85622307692307,0.0,0.050361042632195145,59749.80643310494,0.0,64512.0,1
41.709557142857136,0.0,0.05024657441544103,44846.24165116466,0.0,49151.0,1
45.20994666666666,0.0,0.05070488824908446,44745.63629488943,0.0,49151.0,1
47.5125625,0.0,0.051222611891794036,721.8694057584287,0.0,1046.0,1
50.83491764705883,0.0,0.05153823559865315,-214.98454373558147,0.0,18.0,1
53.39092222222222,0.0,0.06048131362338733,44508.719196087186,0.0,49920.0,1
53.39092222222222,0.0,0.06879742642831412,44508.443408219835,0.0,49920.0,1
53.39092222222222,0.0,0.06943538308029108,44508.36732940961,0.0,49920.0,1
50.83472105263158,0.0,0.06952214401799992,58022.864446689135,0.0,65280.0,1
50.829575,0.0,0.06715644200414835,55739.40111967408,0.0,65280.0,1
49.585242105263156,0.0,0.06199541593158942,-12826.116772198639,0.0,49151.0,1
47.559309999999996,0.0,0.06224008971583185,-51340.652450164875,0.0,253.0,1
49.660961904761905,0.0,0.05849781176862951,-11874.637610957327,0.0,49151.0,1
0.0,0.0,0.0168,0.0,0.0,251.0,0
0.0,0.0,0.0336,60.0,0.0,254.0,0
40.3904,0.0,0.04608,35640.0,0.0,2033.0,0
42.008849999999995,0.0,0.05792,900.0,0.0,296.0,0
42.008849999999995,0.0,0.023071695508483973,11052.086396806033,0.0,2033.0,0
46.658633333333334,0.0,0.019853146056833238,0.0,0.0,251.0,0
46.658633333333334,0.0,0.0185768723465922,163.78512061062872,0.0,296.0,0
47.272949999999994,0.0,0.017587513763689888,9.263086603067006,0.0,254.0,0
47.272949999999994,0.0,0.015605366960826081,3633.310628283935,0.0,1959.0,0
46.33353999999999,0.0,0.016899735178907842,1.9505696189875166,0.0,252.0,0
44.57916666666666,0.0,0.016934137549375502,3114.0726673485524,0.0,1959.0,0
44.57916666666666,0.0,0.01563464122597264,6.324693052577929,0.0,255.0,0
44.418971428571425,0.0,0.01569464086283673,1017.9028010587923,0.0,939.0,0
40.61366666666666,0.0,0.002754548195179985,-0.6724971179638635,0.0,251.0,0
41.32223333333333,0.0,0.0022675465588773867,-564.2126461357649,0.0,1115.0,0
44.0797,0.0,0.0020366121386025267,119.80071403544277,0.0,1115.0,0
50.661199999999994,0.0,0.014180969626424738,0.0,0.0,251.0,0
50.661199999999994,0.0,0.003747851309355247,1.009658219115099,0.0,252.0,0
52.06456666666666,0.0,0.004148069669041717,43.04961603018386,0.0,296.0,0
52.06456666666666,0.0,0.004366868596114393,37.90684545238189,0.0,296.0,0
52.06456666666666,0.0,0.005327475129267322,662.6005519035546,0.0,1046.0,0
40.789249999999996,0.0,0.005787295091994481,3.314601999996839,0.0,255.0,0
42.5929,0.0,0.006124850132409981,0.8084543469390154,0.0,252.0,0
41.39946666666666,0.0,0.006601118493607374,639.9864880997393,0.0,1046.0,0
36.02585714285714,0.0,0.007056191635282488,3.2102782690093212,0.0,255.0,0
36.02585714285714,0.0,0.007318753107175324,3.117015803737361,0.0,255.0,0
35.429625,0.0,0.007692454555759719,604.7766388280238,0.0,1046.0,0
35.429625,0.0,0.00838827805709981,588.5467949347137,0.0,1043.0,0
31.989900000000002,0.0,0.008798961027402715,1.4813065702698174,0.0,253.0,0
30.975230000000003,0.0,0.00909036177135632,577.2583806056932,0.0,1043.0,0
28.795918181818184,0.0,0.009473494226800702,1.4503206103491582,0.0,253.0,0
28.795918181818184,0.0,0.009204725837640695,552.76772636913,0.0,1073.0,0
26.90106666666667,0.0,0.009563866554444888,2.678954216931341,0.0,255.0,0
26.90106666666667,0.0,0.009970846101433554,-46.91682903702368,0.0,1046.0,0
25.228369230769236,0.0,0.01033713822876618,-582.7175456698293,0.0,255.0,0
24.0126,0.0,0.01086530683275966,-49.1417259740703,0.0,1046.0,0
22.580942857142855,0.0,0.011255110126179333,-610.7644313802515,0.0,255.0,0
0.0,0.0,0.01184,0.0,0.0,255.0,0
0.0,0.0,0.02368,0.0,0.0,255.0,0
0.0,0.0,0.03552,0.0,0.0,255.0,0
0.0,0.0,0.04928,1305600.0,0.0,65535.0,0
0.0,0.0,0.06304,1305600.0,0.0,65535.0,0
0.0,0.0,0.07552,16360.0,0.0,1073.0,0
25.531399999999998,0.0,0.088,16360.0,0.0,1073.0,0
16.6022,0.0,0.09984,0.0,0.0,255.0,0
21.390200000000004,0.0,0.11232,15820.0,0.0,1046.0,0
17.023425000000003,0.0,0.12416,0.0,0.0,255.0,0
32.21268,0.0,0.07342157163318276,8489.906555944728,0.0,1045.0,0
28.07625,0.0,0.07391037024834976,0.0,0.0,255.0,0
28.07625,0.0,0.03600230970132168,0.0,0.0,255.0,0
28.07625,0.0,0.039647968812376026,-17.450690498404942,0.0,251.0,0
28.07625,0.0,0.08149098380460956,-12.367106000294855,0.0,252.0,0
29.1694,0.0,0.07700190156065019,6698.77272305774,0.0,2029.0,0
29.974200000000003,0.0,0.07935810642841452,6713.871013976067,0.0,2033.0,0
29.66224444444445,0.0,0.08022374021451394,6302.2346748925,0.0,1955.0,0
53.80565,0.0,0.08231723038437096,240669.5091137467,0.0,65535.0,0
49.299754545454554,0.0,0.08319899856680953,236039.0437088477,0.0,65280.0,0
49.299754545454554,0.0,0.12173500071348944,235870.63234191452,0.0,65280.0,0
49.299754545454554,0.0,0.14001987784920947,235826.57887341603,0.0,65280.0,0
68.40892500000001,0.0,0.14098452601577335,234208.82172001438,0.0,65535.0,0
63.519030769230774,0.0,0.14066566608988684,229311.69618669504,0.0,65280.0,0
63.519030769230774,0.0,0.1781025895720004,229202.04415213992,0.0,65280.0,0
63.519030769230774,0.0,0.19497210841115842,229176.8139811203,0.0,65280.0,0
63.519030769230774,0.0,0.17728181101586005,0.0,0.0,255.0,0
63.519030769230774,0.0,0.17832657257979706,205674.1812369108,0.0,65535.0,0
60.65310714285715,0.0,0.16891153953059573,2414.540041521517,0.0,1073.0,0
58.40790000000001,0.0,0.16826082027259895,189563.48107474906,0.0,65535.0,0
55.084149999999994,0.0,0.1674379477235885,185999.25773415234,0.0,65280.0,0
55.084149999999994,0.0,0.19784280151430847,185970.97502700225,0.0,65280.0,0
55.084149999999994,0.0,0.21450355255435435,185954.74489183674,0.0,65280.0,0
53.15205882352941,0.0,0.20337192761216039,1403600.2701850215,0.0,522240.0,0
51.64133888888889,0.0,0.20300240539442685,1388222.2165894874,0.0,521728.0,0
51.64133888888889,0.0,0.2314114914846096,1388216.0489020087,0.0,521728.0,0
51.64133888888889,0.0,0.24914448733534103,1388175.5197476526,0.0,521728.0,0
51.64133888888889,0.0,0.24798619730590687,4659.459350329169,0.0,2029.0,0
51.64133888888889,0.0,0.24820926746158484,4633.7261397175325,0.0,2033.0,0
49.36613157894737,0.0,0.2495197005678231,169306.89675080034,0.0,65280.0,0
49.36613157894737,0.0,0.25238621708071063,169301.536742523,0.0,65280.0,0
49.36613157894737,0.0,0.2558085954460197,169278.2088951949,0.0,65280.0,0
49.36613157894737,0.0,0.2673727124637084,169268.54338297996,0.0,65280.0,0
49.36613157894737,0.0,0.28652019239393317,169261.71515385841,0.0,65280.0,0
49.021615000000004,0.0,0.2594801014151194,1222373.590059682,0.0,521728.0,0
48.70817142857143,0.0,0.26094222299718944,1219370.4438337851,0.0,520448.0,0
48.70817142857143,0.0,0.2657610432883425,1219367.7179587632,0.0,520448.0,0
48.70817142857143,0.0,0.26872334440078444,1219364.9920959286,0.0,520448.0,0
48.70817142857143,0.0,0.2710106951882656,1219362.9477068004,0.0,520448.0,0
46.77891363636365,0.0,0.26845674625001237,149625.45606040076,0.0,65024.0,0
45.0187695652174,0.0,0.27037730875125293,149614.41383457984,0.0,65024.0,0
45.193262499999996,0.0,0.2717392733579068,0.0,0.0,255.0,0
45.47332399999999,0.0,0.2731001296537489,0.0,0.0,255.0,0
45.47332399999999,0.018518518518518517,0.24458834662457093,1067320.530465031,0.0,520448.0,0
43.97899615384615,0.01818181818181818,0.24270295129679118,131110.52455913348,0.0,65024.0,0
43.97899615384615,0.017857142857142856,0.24328322813784062,3417.125122565347,0.0,1955.0,0
45.74370740740739,0.017543859649122806,0.23193232485109416,991727.2626197246,0.0,520448.0,0
46.2334857142857,0.017241379310344827,0.21949477226998854,-5.386462901724083,0.0,252.0,0
54.6645620689655,0.01694915254237288,0.21687257767437984,472757.1493968773,0.0,268032.0,0
62.358036666666656,0.016666666666666666,0.2168629706217217,470468.88719434803,0.0,268032.0,0
69.84491612903226,0.01639344262295082,0.2175158431594247,468734.85633428727,0.0,267520.0,0
69.84491612903226,0.016129032258064516,0.23567040832536773,468732.89635857154,0.0,267520.0,0
69.84491612903226,0.015873015873015872,0.25240634836323234,466111.4828872042,0.0,267520.0,0
69.84491612903226,0.015625,0.270459387939752,466109.9324072596,0.0,267520.0,0
69.84491612903226,0.015384615384615385,0.2844647052003461,466105.8624464816,0.0,267520.0,0
76.71438125,0.015151515151515152,0.2854966688451682,466105.0872239157,0.0,267520.0,0
76.71438125,0.014925373134328358,0.30354985549980645,466104.31200392847,0.0,267520.0,0
76.71438125,0.014705882352941176,0.3215999065432374,466099.0793364623,0.0,267520.0,0
74.61228181818183,0.014492753623188406,0.31856013978205033,111969.58426663688,0.0,65280.0,0
72.63596764705883,0.014285714285714285,0.31953597927199107,111954.32482090403,0.0,65280.0,0
70.77289428571429,0.014084507042253521,0.32054457483504056,111950.60251497719,0.0,65280.0,0
70.77289428571429,0.013888888888888888,0.32243667883773147,111947.61565836299,0.0,65280.0,0
70.77289428571429,0.0136986301369863,0.339328370437381,458867.62257107184,0.0,267520.0,0
70.77289428571429,0.013513513513513514,0.35313153403153147,458866.6834059571,0.0,267520.0,0
69.01654166666667,0.013333333333333334,0.34961954398554596,110213.75100672958,0.0,65280.0,0
69.01654166666667,0.013157894736842105,0.3514353757429837,110196.38390019827,0.0,65280.0,0
69.01654166666667,0.012987012987012988,0.34056045546934044,79939.63185550684,0.0,49152.0,0
67.36918378378378,0.01282051282051282,0.33753599926135974,-4.840752628231984,0.0,252.0,0
67.36918378378378,0.012658227848101266,0.33888294359943255,-4.839894270091298,0.0,252.0,0
66.13355,0.0125,0.3291086126395625,76381.69130256335,0.0,49151.0,0
64.95848974358975,0.012345679012345678,0.33008288724403184,76381.57751241898,0.0,49151.0,0
64.95848974358975,0.012195121951219513,0.32628962570979547,786823.564189021,0.0,520448.0,0
64.581205,0.012048192771084338,0.3042373218051466,90375.83484611721,0.0,64512.0,0
72.0955756097561,0.011904761904761904,0.2274765543452795,280292.30118896434,0.0,267520.0,0
79.05909523809524,0.011764705882352941,0.22782887111911185,279962.3130524213,0.0,267520.0,0
79.05909523809524,0.011627906976744186,0.19054162024138616,41815.44730282098,0.0,49155.0,0
77.73093488372092,0.011494252873563218,0.18776325207370292,0.0,0.0,255.0,0
77.73093488372092,0.011363636363636364,0.18849197462189798,0.0,0.0,255.0,0
76.73171136363636,0.011235955056179775,0.183780381292101,39913.22013316637,0.0,49155.0,0
76.73171136363636,0.011111111111111112,0.1825260353256738,-2.4248003134167377,0.0,252.0,0
76.73171136363636,0.01098901098901099,0.1819161953846855,51399.10021296669,0.0,64512.0,0
76.73171136363636,0.010869565217391304,0.18778622491735356,51394.38570990522,0.0,64512.0,0
75.53206222222222,0.010752688172043012,0.18671027472345939,1411.946451119815,0.0,2034.0,0
74.91633478260869,0.010638297872340425,0.18202410677251887,400960.678606647,0.0,520448.0,0
74.91633478260869,0.010526315789473684,0.1895952499321383,0.0,0.0,255.0,0
74.91633478260869,0.010416666666666666,0.19776007668434284,0.0,0.0,255.0,0
74.91633478260869,0.010309278350515464,0.2059319856291356,0.0,0.0,255.0,0
74.91633478260869,0.01020408163265306,0.21410418523171915,0.0,0.0,255.0,0
74.91633478260869,0.010101010101010102,0.22227623635931737,0.0,0.0,255.0,0
74.91633478260869,0.01,0.22342774197190052,0.0,0.0,255.0,0
74.91633478260869,0.009900990099009901,0.22412040539575315,0.0,0.0,255.0,0
74.91633478260869,0.00980392156862745,0.22588221385328575,0.0,0.0,255.0,0
74.03051276595744,0.009708737864077669,0.2207405413313826,36630.285296269205,0.0,49155.0,0
74.4419875,0.009615384615384616,0.2197114130710929,386461.4117467167,0.0,519680.0,0
73.78635714285714,0.009523809523809525,0.22017552391174972,36382.44140224838,0.0,49155.0,0
73.156732,0.009433962264150943,0.22063975150992235,36382.43494845829,0.0,49155.0,0
72.66534117647059,0.009345794392523364,0.22084895461946857,47758.296573322,0.0,64512.0,0
72.1476,0.009259259259259259,0.22097781984177875,36289.37760358057,0.0,49155.0,0
71.64843396226415,0.009174311926605505,0.22144070311440334,36289.345499525196,0.0,49155.0,0
71.64843396226415,0.00909090909090909,0.2221352033518288,36289.32623711924,0.0,49155.0,0
71.21063148148149,0.009009009009009009,0.21491773992875005,0.0,0.0,255.0,0
71.21063148148149,0.008928571428571428,0.21378693412363156,1265.2934148389154,0.0,2034.0,0
70.82296181818182,0.008849557522123894,0.2067578272981669,-2.060599708635092,0.0,252.0,0
75.04253333333334,0.009615384615384616,0.20828841616717747,32803.3118430107,0.0,49155.0,0
75.04253333333334,0.009523809523809525,0.21556490517656476,32803.29584517742,0.0,49155.0,0
75.04253333333334,0.009433962264150943,0.21821529389637048,32803.205191083565,0.0,49155.0,0
75.04253333333334,0.009345794392523364,0.21880974954100432,32803.18919335431,0.0,49155.0,0
73.72306153846154,0.009259259259259259,0.2182571984726202,-536.3018400809009,0.0,255.0,0
72.4551603773585,0.009174311926605505,0.218644399244583,-536.9446370102862,0.0,254.0,0
72.4551603773585,0.00909090909090909,0.21923153816021884,-536.9329056895206,0.0,254.0,0
72.73409807692309,0.009174311926605505,0.2336818395701815,35446.31720407808,0.0,49155.0,0
72.73409807692309,0.00909090909090909,0.22123542248957334,-1.3706595862012623,0.0,253.0,0
74.31818536585365,0.011235955056179775,0.17140513046805733,-1365.6079111111253,0.0,519680.0,0
74.31818536585365,0.011111111111111112,0.17183444074255924,-304137.7065059529,0.0,65535.0,0
76.04605000000001,0.012345679012345678,0.15153461864070386,-308622.77349886874,0.0,65535.0,0
74.32501707317074,0.012195121951219513,0.1513735315047369,-307653.90993247135,0.0,65280.0,0
74.32501707317074,0.012048192771084338,0.15853244096592536,-307629.38991775794,0.0,65280.0,0
74.32501707317074,0.011904761904761904,0.1627111263570251,-307619.40506399894,0.0,65280.0,0
73.67268095238096,0.011764705882352941,0.16181762134676944,-305866.48792164953,0.0,64256.0,0
77.49107674418605,0.011627906976744186,0.16175473346541844,-337005.9225192185,0.0,16386.0,0
83.29650263157895,0.01282051282051282,0.1614997691431418,-262331.97103998845,0.0,138752.0,0
82.06263333333334,0.012658227848101266,0.16155172988311142,-262108.03976281223,0.0,138240.0,0
82.06263333333334,0.0125,0.1688481921070578,-262107.78263335585,0.0,138240.0,0
82.06263333333334,0.012345679012345678,0.17086156465568758,-262107.69692364917,0.0,138240.0,0
80.07037749999999,0.012195121951219513,0.17098934272262764,-311634.62244687753,0.0,65280.0,0
80.07037749999999,0.012048192771084338,0.17173581449257572,-311617.5820056636,0.0,65280.0,0
80.07037749999999,0.011904761904761904,0.17264014435073882,-311608.83360762754,0.0,65280.0,0
80.07037749999999,0.011764705882352941,0.1745365536367828,-311601.611463127,0.0,65280.0,0
80.07037749999999,0.011627906976744186,0.17733665223068326,-311594.6439367825,0.0,65280.0,0
78.85775365853658,0.011494252873563218,0.1741364154038284,-256340.82213320924,0.0,138240.0,0
77.8481857142857,0.011363636363636364,0.17381720930641417,-255288.8496979078,0.0,138240.0,0
76.88480232558139,0.011235955056179775,0.17421254166043612,-255288.7277357604,0.0,138240.0,0
75.96447272727272,0.011111111111111112,0.1746079292483658,-255288.68708173715,0.0,138240.0,0
75.96447272727272,0.01098901098901099,0.17535061300801044,-255288.6057737295,0.0,138240.0,0
74.36186222222223,0.0,0.17558507764116663,171.30773756874697,0.0,65280.0,0
74.90455555555556,0.0,0.17470073384282325,-255674.75141904497,0.0,138240.0,0
38.681000000000004,0.0,0.05648306234352236,59748.66544210945,0.0,138240.0,0
38.681000000000004,0.0,0.05733614687385517,59748.62722554497,0.0,138240.0,0
36.84010000000001,0.0,0.05744862194377399,10590.75489806865,0.0,65024.0,0
40.77957142857144,0.0,0.04283363162818552,-333711.9175214651,0.0,64256.0,0
40.77957142857144,0.0,0.048223545761586745,-333690.28967006324,0.0,64256.0,0
40.48049333333334,0.0,0.04742274375051585,0.0,0.0,519680.0,0
40.48049333333334,0.0,0.048067932733090867,0.0,0.0,519680.0,0
42.26650000000001,0.0,0.047401886686462454,-535.6145388300843,0.0,518912.0,0
42.685964705882355,0.0,0.047269248770317115,-313995.7752621485,0.0,64256.0,0
42.685964705882355,0.0,0.04427337221451142,0.0,0.0,65535.0,0
31.584721428571434,0.0,0.03187974766465385,-49086.04232761947,0.0,65535.0,0
29.99175333333334,0.0,0.03211108208076933,-49004.34992186532,0.0,65280.0,0
29.99175333333334,0.0,0.037273157770777915,-49000.383762786194,0.0,65280.0,0
31.150584615384616,0.0,0.021386093974493293,8362962.697138807,0.0,12582912.0,0
31.150584615384616,0.0,0.028464808421547902,8342012.159688239,0.0,12582912.0,0
31.150584615384616,0.0,0.035597052886480955,8342001.4940288635,0.0,12582912.0,0
31.150584615384616,0.0,0.0427292996003743,8341994.8280056035,0.0,12582912.0,0
31.150584615384616,0.0,0.04657951422282825,8341969.497214375,0.0,12582912.0,0
29.439907142857145,0.0,0.04675086031641866,-48672.12854860025,0.0,65280.0,0
27.96582,0.0,0.04714159634673916,-48667.80152617853,0.0,65280.0,0
27.96582,0.0,0.047962323621028806,-48666.71021626421,0.0,65280.0,0
27.79532142857143,0.0,0.05469184075111072,-48690.900785838516,0.0,65280.0,0
27.79532142857143,0.0,0.061787416114090325,-48686.81829622462,0.0,65280.0,0
27.79532142857143,0.0,0.06401705179548067,-48685.416308771164,0.0,65280.0,0
28.346499999999992,0.0,0.06211782525999766,8329957.527486196,0.0,12582656.0,0
28.346499999999992,0.0,0.06497188706600923,8329938.916121718,0.0,12582656.0,0
28.93099090909091,0.0,0.20661723989043776,26492236.689421926,0.0,12583680.0,0
29.628716666666666,0.0,0.20787688511930622,26492169.463619422,0.0,12583680.0,0
29.628716666666666,0.0,0.205694658784892,781708.7008721587,0.0,518912.0,0
32.01966153846154,0.0,0.19250548477786747,-139881.71470321898,0.0,65024.0,0
33.47977142857143,0.0,0.18788525504904408,-135252.46870686574,0.0,65280.0,0
33.47977142857143,0.0,0.16092141830007814,17882865.349029616,0.0,12583680.0,0
33.47977142857143,0.0,0.166070759493827,17882810.211764157,0.0,12583680.0,0
31.569613333333336,0.0,0.16577150874270646,-104113.77726971166,0.0,65280.0,0
31.569613333333336,0.0,0.16658557307455765,-104094.58214730838,0.0,65280.0,0
33.370275,0.0,0.15415065024388946,16348018.513287473,0.0,12583680.0,0
33.370275,0.0,0.1548330993149313,16337974.356796602,0.0,12583680.0,0
31.700594117647057,0.0,0.1545984270573979,-95156.75607501308,0.0,65280.0,0
31.700594117647057,0.0,0.10548260141298538,-122171.44067259927,0.0,255.0,0
32.55318888888888,0.0,0.1018763673221489,-116618.58894505764,0.0,1040.0,0
32.55318888888888,0.0,0.10117383556061052,-115079.06637291318,0.0,255.0,0
32.55318888888888,0.0,0.10192480983738114,-115075.7256448504,0.0,255.0,0
32.39295789473683,0.0,0.09998746409275192,-111673.56000596943,0.0,1043.0,0
32.39295789473683,0.0,0.10134833494788308,-111673.4733185935,0.0,1043.0,0
32.39295789473683,0.0,0.10980043470035929,-111673.36495956288,0.0,1043.0,0
32.39295789473683,0.0,0.11825256394746224,-111673.29994424543,0.0,1043.0,0
32.39295789473683,0.0,0.1266450098762999,-111620.64073901942,0.0,1043.0,0
32.39295789473683,0.0,0.1350732002786583,-111604.1015768397,0.0,1043.0,0
32.39295789473683,0.0,0.14341796370951643,-111524.63480011861,0.0,1043.0,0
32.39295789473683,0.0,0.15172793181448507,-111428.448640116,0.0,1043.0,0
30.911014999999992,0.0,0.1522020807537627,-112063.54111248159,0.0,255.0,0
29.57751904761904,0.0,0.15289114499986062,-112052.77356801447,0.0,251.0,0
29.829131818181807,0.0,0.16096670946634467,-111163.31916529463,0.0,1043.0,0
29.829131818181807,0.0,0.1693801075094459,-111163.19031979951,0.0,1043.0,0
28.821260869565208,0.0,0.16964122369414128,-111657.81459376114,0.0,255.0,0
27.892358333333334,0.0,0.17011177136132527,-111655.4721373431,0.0,251.0,0
27.003216000000002,0.0,0.1705891169314715,-111651.13696632782,0.0,255.0,0
26.142365384615385,0.0,0.1710654960743847,-111652.65040398206,0.0,251.0,0
26.142365384615385,0.0,0.17942082662326966,-110982.86361691942,0.0,1043.0,0
26.142365384615385,0.0,0.18782050932178465,-110982.71378484688,0.0,1043.0,0
25.339807407407406,0.0,0.18792470639647854,-111398.0419464124,0.0,255.0,0
24.59704285714286,0.0,0.1883919063414529,-111394.9246004197,0.0,251.0,0
24.59704285714286,0.0,0.19654452671788303,-110626.04381549034,0.0,1043.0,0
24.59704285714286,0.0,0.20491733825682826,-110625.98001393769,0.0,1043.0,0
24.59704285714286,0.0,0.2132393076567067,-110599.55123460302,0.0,1043.0,0
24.59704285714286,0.0,0.22157769593361074,-110583.31326209728,0.0,1043.0,0
23.909220689655175,0.0,0.2220220060985662,-111202.00115976515,0.0,255.0,0
23.26953,0.0,0.22248653026016774,-111198.94317779217,0.0,251.0,0
22.67115483870968,0.0,0.2222495083748618,-110839.59235617069,0.0,255.0,0
22.112428125,0.0,0.22271203676876125,-110836.33126202645,0.0,251.0,0
21.57978181818182,0.0,0.2231804943779085,-110829.61634733432,0.0,255.0,0
21.07409705882353,0.0,0.22364995023563183,-110829.83660996567,0.0,251.0,0
21.07409705882353,0.0,0.23135706596491495,-109893.00435946697,0.0,1043.0,0
21.07409705882353,0.0,0.23967423966193735,-109892.87844189911,0.0,1043.0,0
21.07409705882353,0.0,0.2477525098024776,-109786.89532366901,0.0,1043.0,0
21.07409705882353,0.0,0.25606182936546773,-109786.8534321298,0.0,1043.0,0
21.07409705882353,0.0,0.2643710921490585,-109786.79059488092,0.0,1043.0,0
21.07409705882353,0.0,0.27139871125785414,-109786.20411735999,0.0,1043.0,0
20.626545714285715,0.0,0.2709627487626711,-110047.31359349517,0.0,255.0,0
20.20657777777778,0.0,0.27141341808417374,-110041.7993207374,0.0,251.0,0
19.777462162162163,0.0,0.27187972949170086,-110036.26626085935,0.0,255.0,0
19.371521052631582,0.0,0.2723468495108594,-110037.44763871183,0.0,251.0,0
18.98694871794872,0.0,0.27281405621361454,-110032.29143761138,0.0,255.0,0
18.62199,0.0,0.2732813501282624,-110032.75911406273,0.0,252.0,0
18.62199,0.0,0.27399757096735555,-110030.89734658299,0.0,252.0,0
19.081058536585367,0.0,0.2712883273285963,-108122.07949250938,0.0,1043.0,0
19.081058536585367,0.0,0.27210715383224837,-106969.31885320172,0.0,1955.0,0
19.211221428571427,0.0,0.27162156133531207,-107299.83919137358,0.0,1043.0,0
20.077132558139535,0.0,0.2614771935473524,-103711.96121946101,0.0,251.0,0
20.077132558139535,0.0,0.2611879177662122,-103245.84503449599,0.0,251.0,0
20.0818,0.0,0.2577433606855702,-100446.53166973477,0.0,1955.0,0
20.37705813953488,0.0,0.2261026501510634,-305125.8381259648,0.0,65535.0,0
20.23396046511628,0.0,0.22597141766715542,-305165.7435591622,0.0,65535.0,0
19.883013636363636,0.0,0.22564201948725035,-304355.6001095422,0.0,65280.0,0
19.883013636363636,0.0,0.2291339288000878,-304331.16198627825,0.0,65280.0,0
18.59593023255814,0.0,0.23595497651647487,140669.03347574224,0.0,268800.0,0
18.59593023255814,0.0,0.2375990853419774,140668.91742600963,0.0,268800.0,0
18.235211363636363,0.0,0.24195953682164256,-176.1398674505517,0.0,65280.0,0
18.80519111111111,0.0,0.23525919038370338,135758.481542748,0.0,268032.0,0
15.418568571428574,0.0,0.17882475236542109,-8427567.85698781,0.0,254.0,0
15.418568571428574,0.0,0.16984894623157448,0.0,0.0,65280.0,0
15.418568571428574,0.0,0.17475518311704374,0.0,0.0,65280.0,0
18.739972727272725,0.0,0.2129796009068839,425841.7920877474,0.0,518912.0,0
18.739972727272725,0.0,0.21372170191671308,425841.54200863856,0.0,518912.0,0
22.568032352941174,0.0,0.21423399302885435,425210.8950197769,0.0,518144.0,0
26.452879999999997,0.0,0.21468281856948368,33.65706470384227,0.0,296.0,0
27.368830555555554,0.0,0.2051942442238705,50904.78776499046,0.0,65280.0,0
27.368830555555554,0.0,0.20203824764294667,31.507957860514917,0.0,296.0,0
27.368830555555554,0.0,0.20323000220546708,396645.14536233805,0.0,518144.0,0
26.83758378378378,0.0,0.20270046968917219,49314.51229527763,0.0,65024.0,0
26.66596052631579,0.0,0.2000806645806042,388309.3570084262,0.0,518144.0,0
27.25877435897436,0.0,0.19795056087582683,-1.480336231497359,0.0,253.0,0
27.25877435897436,0.0,0.18505237886126805,1168.8850397722922,0.0,1955.0,0
27.8635225,0.0,0.1844885826768745,-540.8634245862712,0.0,251.0,0
27.8635225,0.0,0.18199279439644186,-531.2095459276414,0.0,251.0,0
27.421465,0.0,0.18109847609725138,1139.3381937610184,0.0,1955.0,0
57.08691428571429,0.0,0.027965419869426984,-44301.655238696214,0.0,255.0,0
55.395813333333344,0.0,0.027892075027339237,-43048.86613810267,0.0,2033.0,0
62.731525000000005,0.0,0.021562261727987777,170.29164831011158,0.0,65535.0,0
68.18672727272728,0.0,0.0176867111049333,-181321.96833721033,0.0,253.0,0
65.82070833333334,0.0,0.01797311951557006,-135599.954640253,0.0,65535.0,0
65.82070833333334,0.0,0.018474806565261966,-177641.70299136487,0.0,2033.0,0
62.76779166666666,0.0,0.024017725938860358,56520.57928851815,0.0,65280.0,0
62.76779166666666,0.0,0.028464612955876815,56513.79830449578,0.0,65280.0,0
60.042776923076914,0.0,0.028782100479729216,687.1449205330343,0.0,1047.0,0
57.89233571428571,0.0,0.028664406267039876,227473.7483861847,0.0,268800.0,0
57.89233571428571,0.0,0.030667376581005802,227402.2893561626,0.0,268800.0,0
54.47489333333333,0.0,0.039455695873930205,54755.977460692025,0.0,65280.0,0
54.47489333333333,0.0,0.04841107483976444,54751.261870921844,0.0,65280.0,0
54.47489333333333,0.0,0.05736810123720082,54749.59127407274,0.0,65280.0,0
54.47489333333333,0.0,0.06632587249255915,54748.986806910114,0.0,65280.0,0
54.47489333333333,0.0,0.07528217656002033,54747.45921302543,0.0,65280.0,0
54.47489333333333,0.0,0.0842379470302814,54745.909726463964,0.0,65280.0,0
54.47489333333333,0.0,0.09319304222255363,54744.26143278684,0.0,65280.0,0
54.47489333333333,0.0,0.10214950495753806,54743.63510721361,0.0,65280.0,0
54.47489333333333,0.0,0.11110536134326605,54742.81101645162,0.0,65280.0,0
54.47489333333333,0.0,0.12005930947621272,54741.23981881562,0.0,65280.0,0
54.155581250000004,0.0,0.11967415887634285,0.8356667146831381,0.0,255.0,0
53.16457647058824,0.0,0.1174166975504968,217345.62815812454,0.0,266496.0,0
52.414888888888896,0.0,0.11769443789641516,215041.49740754295,0.0,264192.0,0
52.414888888888896,0.0,0.11804082301878556,-2.4412810849351745,0.0,251.0,0
52.414888888888896,0.0,0.12667738396939426,52906.4559782771,0.0,65280.0,0
52.414888888888896,0.0,0.13533044207538666,52904.94737395449,0.0,65280.0,0
52.414888888888896,0.0,0.1439830067191578,52903.4388556638,0.0,65280.0,0
52.414888888888896,0.0,0.15263522597278661,52901.981729204446,0.0,65280.0,0
52.414888888888896,0.0,0.16084624346440232,52828.44991270116,0.0,65280.0,0
52.41263684210527,0.0,0.16014834161167202,210969.60449341516,0.0,261888.0,0
52.408145000000005,0.0,0.16065147557967135,209111.72483374245,0.0,259584.0,0
52.426452380952384,0.0,0.1610868803656436,207166.7426189852,0.0,257280.0,0
51.02560909090909,0.0,0.16040037696065954,624.5647256215854,0.0,1035.0,0
50.07505217391304,0.0,0.1599017209974498,202437.80405523063,0.0,254976.0,0
49.22685416666667,0.0,0.16031811133107343,200507.25892840742,0.0,252672.0,0
48.800776000000006,0.0,0.1594750882177007,198031.4961244401,0.0,251648.0,0
48.800776000000006,0.0,0.15749927612173054,187281.81888478794,0.0,251648.0,0
48.800776000000006,0.0,0.1581248851848602,187281.6193001034,0.0,251648.0,0
47.14272692307692,0.0,0.1578964230025444,48238.05157747994,0.0,65280.0,0
47.14272692307692,0.0,0.14943177264206217,1184.8497411253904,0.0,1955.0,0
47.14272692307692,0.0,0.15018198807446145,552.365016803866,0.0,1047.0,0
45.629162962962965,0.0,0.15004423203260261,-1.3870380863833256,0.0,252.0,0
44.75476428571428,0.0,0.14932201409296447,0.6864496253032458,0.0,255.0,0
44.334927586206895,0.0,0.14784121244432658,537.8091006475054,0.0,1047.0,0
43.737899999999996,0.0,0.14739531228549368,1146.8484749406484,0.0,1955.0,0
31.694177777777778,0.0,0.14471939955701935,-43410.19207347405,0.0,2029.0,0
30.79050714285714,0.0,0.14468866544762124,-44434.17451291402,0.0,253.0,0
30.79050714285714,0.0,0.1447532075888802,-44283.03571702838,0.0,251.0,0
30.074332142857145,0.0,0.14375102555169963,1171.7804669853972,0.0,2029.0,0
30.392437931034486,0.0,0.14369055463535035,551.9198788426816,0.0,1115.0,0
31.202428571428563,0.0,0.14310660147359622,-346570.1560480307,0.0,255.0,0
31.92427037037037,0.0,0.14891763048249612,-643.1384705442235,0.0,1034.0,0
31.92427037037037,0.0,0.14545321719105694,-570.7245069155822,0.0,1115.0,0
32.92647857142857,0.0,0.1438685853154158,0.0,0.0,251.0,0
32.35106538461538,0.0,0.19964813093570621,241949.57258132964,0.0,268032.0,0
32.35106538461538,0.0,0.2043458360625508,241948.68651981634,0.0,268032.0,0
32.35106538461538,0.0,0.2088415182452442,241948.26955193805,0.0,268032.0,0
32.35106538461538,0.0,0.20960031449465463,241948.06106853785,0.0,268032.0,0
32.35106538461538,0.016666666666666666,0.21035920006807315,241947.95682697248,9.999999999999999e-06,268032.0,0
31.27592222222222,0.01639344262295082,0.2102635871962646,58577.21139565527,9.836065573770491e-06,65280.0,0
30.342999999999996,0.016129032258064516,0.21044907369287771,58020.090133113765,9.677419354838709e-06,64768.0,0
30.342999999999996,0.015873015873015872,0.2110652502814803,58019.38101398085,9.523809523809523e-06,64768.0,0
30.342999999999996,0.015625,0.21551744463633948,57772.150823655254,9.375e-06,64768.0,0
30.342999999999996,0.015384615384615385,0.2158071064957214,58370.71129321776,9.23076923076923e-06,65535.0,0
30.342999999999996,0.015151515151515152,0.21640803236945622,58366.86643975418,9.09090909090909e-06,65535.0,0
30.342999999999996,0.014925373134328358,0.22188455113658034,684.7528972498499,8.955223880597014e-06,1034.0,0
30.342999999999996,0.014705882352941176,0.23063180620257706,683.6252208144635,8.823529411764705e-06,1034.0,0
29.50545862068965,0.014492753623188406,0.2299296761049596,0.0,8.695652173913043e-06,255.0,0
29.50545862068965,0.014285714285714285,0.23888927229112566,679.7137272988447,8.571428571428571e-06,1034.0,0
29.50545862068965,0.014084507042253521,0.24794958887266477,679.7131616923998,8.450704225352112e-06,1034.0,0
29.543249999999997,0.013888888888888888,0.24792656609511163,56810.557955017015,8.333333333333332e-06,65535.0,0
29.581641935483866,0.0136986301369863,0.24854876964614908,56809.55604360036,8.21917808219178e-06,65535.0,0
29.581641935483866,0.013513513513513514,0.2574989970692564,677.6930414232504,8.108108108108107e-06,1034.0,0
29.581641935483866,0.013333333333333334,0.2627514395848457,677.6877000999722,8e-06,1034.0,0
29.682787499999996,0.013157894736842105,0.2632940126508267,232505.79632032142,7.894736842105263e-06,267520.0,0
28.972466666666662,0.012987012987012988,0.2631644469412727,0.0,7.792207792207792e-06,255.0,0
28.972466666666662,0.01282051282051282,0.26374666345238346,56648.051531149955,7.692307692307692e-06,65535.0,0
28.972466666666662,0.012658227848101266,0.2643415018738106,56647.58273255672,7.594936708860759e-06,65535.0,0
28.282991176470585,0.0125,0.2643450093724801,56317.60534980316,7.499999999999999e-06,65280.0,0
27.63661714285714,0.012345679012345678,0.26482333936322733,56310.291562332764,7.407407407407407e-06,65280.0,0
27.63661714285714,0.012195121951219513,0.2740287007292338,56308.512820174015,7.3170731707317065e-06,65280.0,0
27.63661714285714,0.012048192771084338,0.27640053537443743,56307.629303750706,7.2289156626506016e-06,65280.0,0
27.63661714285714,0.011904761904761904,0.2809274699210276,56306.89693615398,7.142857142857142e-06,65280.0,0
27.017774999999997,0.011764705882352941,0.2814344045547579,0.0,7.058823529411764e-06,255.0,0
27.017774999999997,0.011627906976744186,0.2857786564385806,0.0,6.976744186046511e-06,255.0,0
27.00868108108108,0.011494252873563218,0.28052856085815,55366.13995894313,6.896551724137931e-06,65535.0,0
27.025442105263156,0.011363636363636364,0.28025336200862544,226460.55488069335,6.8181818181818174e-06,268032.0,0
27.039292307692303,0.011235955056179775,0.2807808559536327,657.1128559431479,6.7415730337078645e-06,1032.0,0
27.054027499999997,0.011111111111111112,0.2813084624891396,226243.7804948325,6.666666666666666e-06,267776.0,0
27.127299999999995,0.01098901098901099,0.28191719937897464,55207.57270230707,6.593406593406593e-06,65535.0,0
27.13935476190476,0.010869565217391304,0.2824403629116747,227105.98144212662,6.521739130434782e-06,268800.0,0
27.13935476190476,0.010752688172043012,0.2909839873625943,226055.0798095847,6.4516129032258055e-06,267776.0,0
27.13935476190476,0.010638297872340425,0.29975809860863395,226054.8065587589,6.382978723404255e-06,267776.0,0
27.13935476190476,0.010526315789473684,0.30853225080061436,226054.578850242,6.31578947368421e-06,267776.0,0
27.13935476190476,0.010416666666666666,0.31730638531593314,226054.35114218385,6.2499999999999995e-06,267776.0,0
27.13935476190476,0.010309278350515464,0.3223950863725712,226053.2581498905,6.185567010309278e-06,267776.0,0
27.13935476190476,0.01020408163265306,0.32439344325746494,226911.99342447208,6.122448979591836e-06,268800.0,0
26.611590697674416,0.010101010101010102,0.3248857449728353,54942.719885511244,6.06060606060606e-06,65280.0,0
26.611590697674416,0.01,0.3291842944998232,54939.24466616106,5.999999999999999e-06,65280.0,0
26.085281818181816,0.009900990099009901,0.3287655855930995,54786.11971869181,5.94059405940594e-06,65280.0,0
25.583668888888887,0.00980392156862745,0.32924743748325275,54783.30251368605,5.88235294117647e-06,65280.0,0
25.10349782608695,0.009708737864077669,0.3347677558600725,54782.24613650396,5.825242718446601e-06,65280.0,0
24.665978723404248,0.009615384615384616,0.3352624633696904,54781.58592145314,5.769230769230769e-06,65280.0,0
24.39145208333333,0.009523809523809525,0.33406446889964375,53988.89004099041,5.714285714285714e-06,64768.0,0
24.39145208333333,0.009433962264150943,0.3429499994804654,54414.391827265514,5.660377358490565e-06,65280.0,0
24.39145208333333,0.009345794392523364,0.34513969351433194,54413.42562158001,5.607476635514018e-06,65280.0,0
24.41990204081632,0.009259259259259259,0.3415608959320817,222054.43796258493,5.555555555555555e-06,268800.0,0
24.41990204081632,0.009174311926605505,0.3429101091757221,221656.6098972538,5.5045871559633025e-06,268800.0,0
24.042969999999997,0.00909090909090909,0.3460001094001932,53425.762523146754,5.4545454545454545e-06,65280.0,0
24.284743137254896,0.009009009009009009,0.34249989131609554,217462.7105470383,5.405405405405405e-06,268032.0,0
24.516828846153842,0.008928571428571428,0.3430063120015242,217462.50002091101,5.357142857142857e-06,268032.0,0
24.516828846153842,0.008849557522123894,0.3514388491305192,217462.28949519133,5.309734513274336e-06,268032.0,0
24.516828846153842,0.008771929824561403,0.3598713002541263,217462.0368648658,5.263157894736841e-06,268032.0,0
24.516828846153842,0.008695652173913044,0.36830380309636845,217461.8263400429,5.217391304347826e-06,268032.0,0
24.516828846153842,0.008620689655172414,0.3767363625551913,217461.65792047806,5.1724137931034475e-06,268032.0,0
24.516828846153842,0.008547008547008548,0.3816258658104604,217460.18426041363,5.128205128205128e-06,268032.0,0
24.74206226415094,0.00847457627118644,0.3821322427352519,217252.07779114172,5.084745762711864e-06,267776.0,0
25.107157407407403,0.008403361344537815,0.38262528371386656,217660.07324158872,5.042016806722689e-06,268288.0,0
24.706676363636358,0.008333333333333333,0.382167290782969,52675.10319301555,4.9999999999999996e-06,65280.0,0
24.32063571428571,0.008264462809917356,0.3826437510578985,52674.67590934848,4.958677685950412e-06,65280.0,0
24.06145614035087,0.00819672131147541,0.3816424088042617,51987.56887614093,4.9180327868852455e-06,64768.0,0
24.06145614035087,0.008130081300813009,0.384830719752368,51984.57255679623,4.878048780487805e-06,64768.0,0
24.271399999999996,0.008064516129032258,0.3815381994136872,213853.67671151992,4.838709677419354e-06,268288.0,0
24.271399999999996,0.008,0.3773085101816474,51433.11075795999,4.8e-06,65535.0,0
24.39768644067796,0.007936507936507936,0.37678124482904873,210408.39728012684,4.7619047619047615e-06,268032.0,0
24.51858166666666,0.007874015748031496,0.3772714175774809,210207.16401549825,4.7244094488188975e-06,267776.0,0
24.5598475409836,0.0078125,0.3709572969988758,50360.383042088724,4.6875e-06,65535.0,0
24.261820967741933,0.007751937984496124,0.3696793871624725,49929.3841707511,4.651162790697674e-06,65280.0,0
24.261820967741933,0.007692307692307693,0.3736734461703157,49926.26743902519,4.615384615384615e-06,65280.0,0
24.261820967741933,0.007633587786259542,0.3733877746102316,201342.7755623103,4.580152671755725e-06,268288.0,0
24.261820967741933,0.007575757575757576,0.37522614158801343,201342.4870839139,4.545454545454545e-06,268288.0,0
24.261820967741933,0.007518796992481203,0.3758214639410757,201323.3772314657,4.511278195488721e-06,268288.0,0
23.934777777777775,0.007462686567164179,0.37527064097434454,48711.97864303546,4.477611940298507e-06,65280.0,0
24.121517187499997,0.007407407407407408,0.3747780781188845,200660.28731584916,4.444444444444444e-06,268800.0,0
24.121517187499997,0.007352941176470588,0.3758809467622972,200301.9161817208,4.4117647058823526e-06,268800.0,0
23.822610769230767,0.0072992700729927005,0.3790949935633414,48331.579109656406,4.37956204379562e-06,65280.0,0
23.822610769230767,0.007246376811594203,0.37542853629266426,47807.894085036765,4.347826086956521e-06,65280.0,0
23.822610769230767,0.007194244604316547,0.3770003659652778,194987.84878083112,4.316546762589928e-06,267776.0,0
23.822610769230767,0.007142857142857143,0.37761117255767906,194987.1033311513,4.2857142857142855e-06,267776.0,0
23.899990909090906,0.0070921985815602835,0.3774250020411739,195029.06392104545,4.25531914893617e-06,268288.0,0
23.7551223880597,0.007042253521126761,0.3779485028103844,182921.09715186624,4.225352112676056e-06,251648.0,0
24.049324999999996,0.006993006993006993,0.3781614556873711,47286.9078183581,4.195804195804196e-06,65280.0,0
23.746379710144925,0.006944444444444444,0.37858559768977623,47286.112564112926,4.166666666666666e-06,65280.0,0
23.746379710144925,0.006896551724137931,0.37121905071440786,46486.41008301722,4.137931034482758e-06,65535.0,0
23.905872857142853,0.00684931506849315,0.3627145599560003,45358.77535157486,4.10958904109589e-06,65535.0,0
23.646636619718308,0.006802721088435374,0.3617434477175348,45009.58211093726,4.081632653061224e-06,65280.0,0
23.646636619718308,0.006756756756756757,0.3690921958736211,45007.61378698506,4.054054054054054e-06,65280.0,0
23.646636619718308,0.006711409395973154,0.3710428717948041,45007.13101683568,4.026845637583892e-06,65280.0,0
23.821054166666663,0.006666666666666667,0.3623935396974272,180638.35417703024,4e-06,267776.0,0
23.821054166666663,0.006622516556291391,0.3694048959361305,180638.23785502955,3.973509933774834e-06,267776.0,0
23.821054166666663,0.006578947368421052,0.3764163037431647,180638.15061362734,3.9473684210526315e-06,267776.0,0
23.821054166666663,0.006535947712418301,0.38342770477771526,180638.0633723094,3.92156862745098e-06,267776.0,0
23.821054166666663,0.006493506493506494,0.39043916189548905,180638.0052114776,3.896103896103896e-06,267776.0,0
23.53427671232876,0.0064516129032258064,0.39007898236938193,43821.41346690714,3.870967741935483e-06,65280.0,0
23.25719324324324,0.00641025641025641,0.39043979884656843,43817.13297526839,3.846153846153846e-06,65280.0,0
23.25719324324324,0.006369426751592357,0.3972923003392996,180203.51556302095,3.821656050955414e-06,267776.0,0
23.25719324324324,0.006329113924050633,0.4042536454286983,180188.64128122508,3.7974683544303794e-06,267776.0,0
23.25719324324324,0.006289308176100629,0.41124751948630267,180188.52553768814,3.773584905660377e-06,267776.0,0
23.25719324324324,0.00625,0.4182009557840481,180170.99210938095,3.7499999999999997e-06,267776.0,0
23.25719324324324,0.006211180124223602,0.42420133829859663,180170.268856418,3.726708074534161e-06,267776.0,0
23.005130666666663,0.006172839506172839,0.423402060905742,43669.53286255642,3.7037037037037033e-06,65280.0,0
22.758813157894732,0.006134969325153374,0.42377751621895665,43667.25350866758,3.680981595092024e-06,65280.0,0
22.62177402597402,0.006097560975609756,0.4222707572031784,42751.98169389739,3.6585365853658533e-06,64256.0,0
22.62177402597402,0.006060606060606061,0.42313850618047977,42750.027678943115,3.636363636363636e-06,64256.0,0
22.62177402597402,0.006024096385542169,0.4242075170948127,42749.517077294964,3.6144578313253008e-06,64256.0,0
22.644882051282046,0.006024096385542169,0.42647292748400123,178200.69329734112,3.6144578313253008e-06,267520.0,0
22.644882051282046,0.005988023952095809,0.42705795962496895,178200.57922632046,3.5928143712574848e-06,267520.0,0
22.644882051282046,0.005952380952380952,0.42914645751098457,178200.43663775004,3.571428571428571e-06,267520.0,0
22.644882051282046,0.005917159763313609,0.4361162064898842,178200.3510847173,3.5502958579881654e-06,267520.0,0
22.406635443037967,0.0058823529411764705,0.43539671365598265,41658.50111607713,3.529411764705882e-06,64256.0,0
22.175251249999995,0.005847953216374269,0.4357714268238823,42341.97049150446,3.508771929824561e-06,65280.0,0
22.175251249999995,0.005813953488372093,0.43632626010998177,42341.240599570425,3.4883720930232555e-06,65280.0,0
22.175251249999995,0.005780346820809248,0.442265084165198,177326.4280877965,3.4682080924855487e-06,267520.0,0
22.175251249999995,0.005747126436781609,0.4492004997334213,177326.28689471193,3.4482758620689654e-06,267520.0,0
22.175251249999995,0.005714285714285714,0.45401896910084893,177325.7786014692,3.428571428571428e-06,267520.0,0
22.054426582278477,0.005714285714285714,0.4763524181964264,141482.5296584475,3.428571428571428e-06,267520.0,0
21.839184999999997,0.005681818181818182,0.47637042861688705,-178.46884042457512,3.4090909090909087e-06,65280.0,0
21.63010987654321,0.005649717514124294,0.4770290724872923,-715.9383195933535,3.389830508474576e-06,64512.0,0
21.4253243902439,0.0056179775280898875,0.47646936685544156,-714.1511590632424,3.3707865168539322e-06,64512.0,0
21.47459518072289,0.00558659217877095,0.46971110221658746,138877.7270376394,3.3519553072625697e-06,267520.0,0
21.60570595238095,0.005555555555555556,0.4667547693887097,137877.69985342937,3.333333333333333e-06,267520.0,0
21.60570595238095,0.0055248618784530384,0.47018375540372265,137364.79388958355,3.314917127071823e-06,268288.0,0
21.60570595238095,0.005494505494505495,0.47075247369839096,137364.68294826127,3.2967032967032963e-06,268288.0,0
21.408683529411764,0.00546448087431694,0.46960763158498053,-172.1950471853036,3.2786885245901638e-06,65280.0,0
21.359805,0.006060606060606061,0.39170445688926886,178792.3365395381,3.636363636363636e-06,268288.0,0
21.359805,0.006024096385542169,0.39517181501977866,178791.73941148844,3.6144578313253008e-06,268288.0,0
21.359805,0.005988023952095809,0.3958971889714027,178791.56880420685,3.5928143712574848e-06,268288.0,0
21.359805,0.005952380952380952,0.39645725925488867,178791.4550662,3.571428571428571e-06,268288.0,0
20.79245125,0.005952380952380952,0.4030020441545727,-136436.9108068837,3.571428571428571e-06,65280.0,0
20.585916049382718,0.005917159763313609,0.40337939383452526,-136428.77235502278,3.5502958579881654e-06,65280.0,0
18.235992537313432,0.00684931506849315,0.3493366036636569,42137.76066132599,4.10958904109589e-06,64768.0,0
18.135832352941176,0.00684931506849315,0.3519080777450439,178901.287766078,4.10958904109589e-06,267520.0,0
18.135832352941176,0.006802721088435374,0.3588586168913493,178901.17356205467,4.081632653061224e-06,267520.0,0
18.135832352941176,0.006756756756756757,0.36580920554348073,178901.08790913285,4.054054054054054e-06,267520.0,0
18.135832352941176,0.006711409395973154,0.37275972805113794,178900.97370536468,4.026845637583892e-06,267520.0,0
18.135832352941176,0.006666666666666667,0.3790962857928139,178611.59357016836,4e-06,267520.0,0
18.135832352941176,0.006622516556291391,0.3860339534352961,178610.73981523572,3.973509933774834e-06,267520.0,0
18.135832352941176,0.006578947368421052,0.3925912388980955,178437.02833617438,3.9473684210526315e-06,267520.0,0
18.135832352941176,0.006535947712418301,0.3995238422819577,178436.97153012617,3.92156862745098e-06,267520.0,0
17.937255072463767,0.006493506493506494,0.3997729140164675,43398.47427705278,3.896103896103896e-06,65280.0,0
17.745148571428572,0.0064516129032258064,0.4001527286358873,43396.81701968953,3.870967741935483e-06,65280.0,0
17.524488732394364,0.00641025641025641,0.4005434756422108,43396.34748644774,3.846153846153846e-06,65280.0,0
17.683532857142858,0.00641025641025641,0.40745929177283685,178615.63377951362,3.846153846153846e-06,267520.0,0
17.48921267605634,0.006369426751592357,0.4077639653874289,43449.130419046596,3.821656050955414e-06,65280.0,0
17.48921267605634,0.006329113924050633,0.4141297405568389,178329.36177060634,3.7974683544303794e-06,267520.0,0
17.48921267605634,0.006289308176100629,0.4203473694056022,178328.9646117187,3.773584905660377e-06,267520.0,0
17.332681944444445,0.006289308176100629,0.42822674138275124,43009.66974593559,3.773584905660377e-06,65280.0,0
17.332681944444445,0.00625,0.4270831187499263,179841.90502480124,3.7499999999999997e-06,267520.0,0
17.265597183098592,0.006289308176100629,0.42753236587118876,43444.67493795401,3.773584905660377e-06,64256.0,0
16.67812142857143,0.006329113924050633,0.4211016317745754,43227.55142323927,3.7974683544303794e-06,65280.0,0
16.67812142857143,0.006329113924050633,0.4290676674260464,44654.37767276162,3.7974683544303794e-06,65280.0,0
17.184346478873245,0.006289308176100629,0.4235375414959762,181475.36928505177,3.773584905660377e-06,268288.0,0
17.324631944444448,0.00625,0.42214711092140517,169455.38296657804,3.7499999999999997e-06,251648.0,0
16.723766197183103,0.00625,0.4616380739949637,-149239.95343014126,3.7499999999999997e-06,65535.0,0
16.69587083333333,0.006211180124223602,0.4572101544546084,-147638.77404192474,3.726708074534161e-06,65535.0,0
16.510928767123286,0.006172839506172839,0.45657818629683233,-147481.13780740646,3.7037037037037033e-06,65280.0,0
16.510928767123286,0.006134969325153374,0.461441302005175,-147235.49784108016,3.680981595092024e-06,65280.0,0
16.751445945945942,0.006097560975609756,0.4506661857348369,8725489.575418247,3.6585365853658533e-06,12582912.0,0
16.751445945945942,0.006060606060606061,0.4582271000059969,8725479.257619666,3.636363636363636e-06,12582912.0,0
16.751445945945942,0.006024096385542169,0.4657882324481956,8725473.361745719,3.6144578313253008e-06,12582912.0,0
16.751445945945942,0.005988023952095809,0.4733494346335858,8725468.939845486,3.5928143712574848e-06,12582912.0,0
16.751445945945942,0.005952380952380952,0.4773436923515523,8723674.018571375,3.571428571428571e-06,12582912.0,0
16.603717333333332,0.005917159763313609,0.47594894963715034,-143081.07679976203,3.5502958579881654e-06,65280.0,0
16.45716447368421,0.0058823529411764705,0.4763381897243948,-143072.5071448472,3.529411764705882e-06,65280.0,0
16.45716447368421,0.005847953216374269,0.4772016128458944,-143070.72594095027,3.508771929824561e-06,65280.0,0
16.45716447368421,0.005813953488372093,0.48283071551812123,-142516.12049533866,3.4883720930232555e-06,65280.0,0
16.45716447368421,0.005780346820809248,0.49026554188999744,-142503.29606344656,3.4682080924855487e-06,65280.0,0
16.45716447368421,0.005747126436781609,0.49259545836855717,-142499.021765697,3.4482758620689654e-06,65280.0,0
16.478154545454544,0.005714285714285714,0.4887785131717417,8580312.59834448,3.428571428571428e-06,12582656.0,0
16.478154545454544,0.005681818181818182,0.49177064177175256,8580292.643323643,3.4090909090909087e-06,12582656.0,0
16.56100128205128,0.005649717514124294,0.4886717400802568,8519400.725875584,3.389830508474576e-06,12583680.0,0
16.64014303797468,0.0056179775280898875,0.48910299134397617,8519393.7004835,3.3707865168539322e-06,12583680.0,0
16.71678,0.00558659217877095,0.48953448410847306,8519213.80146963,3.3519553072625697e-06,12583424.0,0
16.71678,0.005555555555555556,0.4745163335575434,-135836.42394653332,3.333333333333333e-06,65280.0,0
17.220335802469133,0.0055248618784530384,0.4748786662622551,-135998.1156901294,3.314917127071823e-06,65024.0,0
17.56239,0.0,0.453112998049874,135203.1795530895,0.0,268288.0,0
18.063425000000002,0.0,0.33955313002993365,-135951.64588617245,0.0,65280.0,0
18.047048936170217,0.0,0.2951819016899508,0.0,0.0,268288.0,0
18.047048936170217,0.0,0.29784455125101583,8233954.447227278,0.0,12583424.0,0
18.047048936170217,0.0,0.3001282169167134,8233946.571899507,0.0,12583424.0,0
17.7788875,0.0,0.29108795067189164,0.0,0.0,65280.0,0
17.7788875,0.0,0.29146150242314756,0.0,0.0,65280.0,0
18.37235,0.0,0.28152258136849106,8455707.790819446,0.0,12583424.0,0
18.37235,0.0,0.28193777565684114,8455518.506773584,0.0,12583424.0,0
18.024841860465116,0.0,0.281685092941757,-171.84796236254982,0.0,65280.0,0
17.622792857142855,0.0,0.279393106939806,-10769.160904433606,0.0,49155.0,0
17.622792857142855,0.0,0.2823314438981655,-10769.152330625433,0.0,49155.0,0
17.652714285714282,0.0,0.2788379652083742,-182260.47929642274,0.0,253.0,0
17.652714285714282,0.0,0.27822036458061766,-181470.15397633213,0.0,253.0,0
17.652714285714282,0.0,0.2787930254985159,-181457.88703442982,0.0,253.0,0
19.847086486486486,0.0,0.20986528120157585,-146600.2307408257,0.0,49155.0,0
20.962623684210524,0.0,0.20935707127724595,-145968.78869656892,0.0,49155.0,0
25.146559259259252,0.0,0.2243483090321628,-492.3799519240911,0.0,64256.0,0
25.146559259259252,0.0,0.21397548348487114,-58243.38639190365,0.0,939.0,0
26.32058928571428,0.0,0.2142190707053334,184678.14572270119,0.0,267520.0,0
25.545034482758616,0.0,0.21439429994634268,-58662.54187210914,0.0,255.0,0
26.13095,0.0,0.20685070276797163,-55850.56475032513,0.0,939.0,0
25.46364516129032,0.0,0.20638548880117766,-56181.41979066962,0.0,255.0,0
25.46364516129032,0.0,0.18925059554853313,407.82646267908416,0.0,65280.0,0
25.46364516129032,0.0,0.1897115120049706,407.7899095962289,0.0,65280.0,0
25.95488125,0.0,0.18425764809195327,144128.6719604885,0.0,251648.0,0
26.544442424242423,0.0,0.18419644555005418,156438.45812891028,0.0,268288.0,0
26.544442424242423,0.0,0.16460156947668744,350.8108976825068,0.0,65280.0,0
27.897318181818182,0.0,0.10487530370875806,135367.02476670622,0.0,268288.0,0
31.219470370370374,0.0,0.09532297817375006,-45942.437599075,0.0,1032.0,0
31.219470370370374,0.0,0.09968717855189561,-45942.1399604197,0.0,1032.0,0
31.219470370370374,0.0,0.1002877902763374,-45942.11646279537,0.0,1032.0,0
31.219470370370374,0.0,0.10364134989897182,-365.21563668837115,0.0,64768.0,0
30.23021071428572,0.0,0.10405892308584463,-46381.00099841692,0.0,255.0,0
29.309724137931042,0.0,0.10762974569904422,-46380.448879230404,0.0,255.0,0
29.309724137931042,0.0,0.10784803072040906,181.42579582082746,0.0,65535.0,0
29.309724137931042,0.0,0.10833107464110855,181.41499444075524,0.0,65535.0,0
29.309724137931042,0.0,0.10482408649048078,0.0,0.0,65280.0,0
30.335376666666672,0.0,0.10479714745517651,173.98870124140586,0.0,65535.0,0
31.292183870967747,0.0,0.10528832403152705,173.9885597234136,0.0,65535.0,0
32.33691875,0.0,0.10563469365779296,-43805.37168581349,0.0,1030.0,0
31.44729090909091,0.0,0.105902819042424,0.0,0.0,65280.0,0
30.612464705882356,0.0,0.10629976548669764,0.0,0.0,65280.0,0
30.612464705882356,0.0,0.11343086032627328,0.0,0.0,65280.0,0
30.612464705882356,0.0,0.11529161943051444,0.0,0.0,65280.0,0
30.612464705882356,0.0,0.12252632862370967,0.0,0.0,65280.0,0
30.612464705882356,0.0,0.12439082557377007,0.0,0.0,65280.0,0
31.542300000000004,0.0,0.12285565310261301,136281.91349588687,0.0,268288.0,0
32.119216666666674,0.0,0.12319729668357851,136024.75765220067,0.0,268032.0,0
32.6629918918919,0.0,0.12361589393955147,135852.96576059077,0.0,267776.0,0
32.6629918918919,0.0,0.1305823539104919,135852.8788402125,0.0,267776.0,0
32.6629918918919,0.0,0.13754884896967084,135852.83538006508,0.0,267776.0,0
33.17746315789474,0.0,0.1379674631671518,136024.56183413582,0.0,268032.0,0
33.8119,0.0,0.13785618164302318,135332.5965617516,0.0,267776.0,0
33.145055,0.0,0.13812184685604836,0.0,0.0,65280.0,0
33.145055,0.0,0.1449698392503095,135125.8127523875,0.0,267776.0,0
33.145055,0.0,0.15189899767814,135125.7267600014,0.0,267776.0,0
33.145055,0.0,0.15882819782482802,135125.68376384937,0.0,267776.0,0
33.145055,0.0,0.1657573935618621,135125.64076772475,0.0,267776.0,0
33.145055,0.0,0.1697820897478466,135125.27530177,0.0,267776.0,0
32.42920243902439,0.0,0.17171607374738354,-137014.34101857073,0.0,65280.0,0
31.748999999999995,0.0,0.17210787245397755,-137008.16800176096,0.0,65280.0,0
31.290241860465116,0.0,0.17199151220035203,-136600.9200579737,0.0,64768.0,0
31.290241860465116,0.0,0.17539916178443218,-136590.99656532248,0.0,64768.0,0
31.29415,0.0,0.1760124686043174,136287.92022001607,0.0,267264.0,0
32.4110975,0.011904761904761904,0.17164906499739335,-8398979.459577886,3.026964285714286,64768.0,0
43.29480294117647,0.014492753623188406,0.12602142862350063,138104.47631781516,3.685,267264.0,0
43.621818749999996,0.014925373134328358,0.12973392784500373,139040.7594121171,3.7950000000000004,267264.0,0
43.621818749999996,0.014705882352941176,0.13031154272183243,139040.09764783946,3.7391911764705883,267264.0,0
42.45772121212121,0.014492753623188406,0.1302522262172978,0.0,3.685,65280.0,0
42.45772121212121,0.014285714285714285,0.13372169021602262,0.0,3.6323571428571433,65280.0,0
42.54237647058823,0.014285714285714285,0.13873514420413088,-1092.8957324577661,3.6323571428571433,266752.0,0
42.54237647058823,0.014084507042253521,0.133241935741212,-138997.15024312297,3.581197183098592,64256.0,0
42.54237647058823,0.013888888888888888,0.13750056329630178,-341.85518028759674,3.5314583333333336,267776.0,0
42.59821818181818,0.014705882352941176,0.1315160236770779,-8495251.972415445,3.7391911764705883,267520.0,0
42.78702647058824,0.014492753623188406,0.13043826468574343,-8538182.066075256,3.685,64256.0,0
42.78702647058824,0.014285714285714285,0.13256513697705033,-8491766.709308516,3.6323571428571433,1030.0,0
43.7128125,0.014705882352941176,0.14060908811011547,149998.53345298805,3.7391911764705883,267776.0,0
43.7128125,0.014492753623188406,0.1447131737380697,149996.86495254378,3.685,267776.0,0
42.49869393939394,0.014285714285714285,0.14475714776479112,11035.82306302837,3.6323571428571433,65280.0,0
42.49869393939394,0.014084507042253521,0.14496913584610588,10987.982342714518,3.581197183098592,65280.0,0
42.63610882352941,0.013888888888888888,0.14497343354020925,-33231.572950572394,3.5314583333333336,253.0,0
43.77456764705883,0.014285714285714285,0.13812800508939588,178369.3345764329,3.6323571428571433,267776.0,0
43.77456764705883,0.014492753623188406,0.14207379209265783,-33148.30142176608,3.685,1030.0,0
43.77456764705883,0.014285714285714285,0.14148949346024248,11029.072637319254,3.6323571428571433,65280.0,0
43.77456764705883,0.014084507042253521,0.1418904139723807,11028.337086456633,3.581197183098592,65280.0,0
42.95681515151515,0.014285714285714285,0.15735883637739764,142453.0776156198,3.6323571428571433,251648.0,0
43.09128235294118,0.014084507042253521,0.1578754974611903,155072.47014250714,3.581197183098592,268288.0,0
43.57422857142858,0.013888888888888888,0.15806928351865607,-48566.13326666032,3.5314583333333336,253.0,0
43.57422857142858,0.0136986301369863,0.14072062227185705,689.7541414872369,3.483082191780822,65280.0,0
43.60100833333334,0.0136986301369863,0.14190215693268393,181490.87103312465,3.483082191780822,268288.0,0
45.6006375,0.014492753623188406,0.1526696990042133,142953.73685129717,3.685,267264.0,0
45.6006375,0.014285714285714285,0.1534113151790341,142953.64036317597,3.6323571428571433,267264.0,0
45.6006375,0.014084507042253521,0.1540057190036848,142953.54387518505,3.581197183098592,267264.0,0
44.36404242424242,0.013888888888888888,0.15390274317802977,0.0,3.5314583333333336,65280.0,0
43.20058235294117,0.0136986301369863,0.15445418275821013,0.0,3.483082191780822,65280.0,0
43.20058235294117,0.013513513513513514,0.1548704983771923,0.0,3.436013513513514,65280.0,0
43.38905714285713,0.013333333333333334,0.15004061287322829,137633.53414559178,3.3902,267264.0,0
43.38905714285713,0.013157894736842105,0.15015024752975786,0.0,3.345592105263158,65280.0,0
42.26549166666666,0.012987012987012988,0.1505511789900971,0.0,3.3021428571428575,65280.0,0
42.26549166666666,0.01282051282051282,0.1547163307610024,134492.28793914896,3.2598076923076924,266752.0,0
42.26549166666666,0.012658227848101266,0.16164802350921958,134492.18091301946,3.2185443037974686,266752.0,0
42.26549166666666,0.0125,0.16857973205567392,134492.0952922385,3.1783125,266752.0,0
42.26549166666666,0.012345679012345678,0.1755114317763673,134492.00967156654,3.1390740740740743,266752.0,0
42.26549166666666,0.012195121951219513,0.18241899626209124,134474.13874263107,3.1007926829268295,266752.0,0
42.26549166666666,0.012048192771084338,0.1893241529195053,134455.86608174676,3.063433734939759,266752.0,0
42.26549166666666,0.012195121951219513,0.20066656131589794,10348.779474020468,3.1007926829268295,266752.0,0
42.26549166666666,0.012048192771084338,0.20778117749193262,10348.771021309225,3.063433734939759,266752.0,0
42.26549166666666,0.011904761904761904,0.21489578204577608,10348.762568611792,3.026964285714286,266752.0,0
42.26549166666666,0.011764705882352941,0.22200954084376864,10348.715233761332,2.9913529411764705,266752.0,0
41.2840054054054,0.011627906976744186,0.22191605032520426,-127406.07507642158,2.9565697674418607,65280.0,0
40.35432105263157,0.011494252873563218,0.22231963381592024,-127405.43133934413,2.922586206896552,65280.0,0
39.46215128205127,0.011363636363636364,0.222723358432893,-127404.8706704156,2.8893750000000002,65280.0,0
38.558370000000004,0.011235955056179775,0.22312704312976644,-127404.28924118335,2.8569101123595506,65280.0,0
37.69864146341464,0.011111111111111112,0.223530760574546,-127403.72858230674,2.825166666666667,65280.0,0
37.69864146341464,0.01098901098901099,0.23040589045435597,10315.295373072113,2.794120879120879,266752.0,0
37.69864146341464,0.010869565217391304,0.23749734665310201,10315.281936116695,2.7637500000000004,266752.0,0
37.69864146341464,0.010752688172043012,0.24452786598309031,10312.699331562859,2.7340322580645164,266752.0,0
37.69864146341464,0.010638297872340425,0.251617682932904,10312.692616462016,2.7049468085106385,266752.0,0
37.69864146341464,0.010526315789473684,0.25291797519488823,10298.469540145989,2.6764736842105266,266752.0,0
36.92389761904762,0.010416666666666666,0.2528442521852682,-126833.17970991165,2.6485937500000003,65280.0,0
36.178558139534886,0.010309278350515464,0.2532329225039158,-126826.05960767975,2.6212886597938145,65280.0,0
35.421586363636365,0.01020408163265306,0.2537629459430562,-126824.31057193139,2.5945408163265307,65280.0,0
35.421586363636365,0.010101010101010102,0.25416275324863274,-126822.78792126605,2.5683333333333334,65280.0,0
35.89988888888889,0.01,0.2517878022292934,11196.071330716599,2.54265,268288.0,0
36.06517272727273,0.010101010101010102,0.27363187628994945,147641.0320832584,2.5683333333333334,266752.0,0
36.06517272727273,0.01,0.27407952567272875,147635.8474224542,2.54265,266752.0,0
35.34154222222223,0.009900990099009901,0.2738107468223645,0.0,2.517475247524753,65280.0,0
41.057391111111116,0.01,0.2503200399915982,177885.75370819285,2.54265,266752.0,0
43.412749999999996,0.012048192771084338,0.2145839495834703,-139188.40891621928,3.063433734939759,64256.0,0
43.412749999999996,0.011904761904761904,0.21221138264955952,-136701.34404882143,3.026964285714286,65280.0,0
41.89108857142856,0.012658227848101266,0.19557289862129035,-171.1657346465359,3.2185443037974686,267520.0,0
47.93892333333333,0.014705882352941176,0.16224300669030725,128361.33022710755,3.7391911764705883,251648.0,0
46.54306451612903,0.014492753623188406,0.16212987599456874,350.5510832315,3.685,65280.0,0
46.54306451612903,0.0,0.15896833862050663,-138191.4548096182,0.0,65280.0,0
38.00720322580646,0.0,0.1650833879076669,727.5400651487869,0.0,268288.0,0
38.88554137931035,0.0,0.14980630938011125,698.0163663737846,0.0,65280.0,0
41.44444285714285,0.0,0.13685666439353877,345.08023485881654,0.0,268288.0,0
42.566492,0.0,0.12347701260916198,43043.30732745918,0.0,65280.0,0
42.566492,0.0,0.12383969234157832,-170018.5229631395,0.0,255.0,0
42.566492,0.0,0.12427924068734923,-170007.5308627723,0.0,252.0,0
45.48252173913043,0.0,0.13007282578241583,144717.99487261416,0.0,268288.0,0
48.02154999999999,0.0,0.12930691293093158,-44668.54366284316,0.0,2033.0,0
50.552767999999986,0.0,0.12917880859486294,-44510.781295712935,0.0,2034.0,0
50.552767999999986,0.0,0.12624499289007118,-182903.97321710072,0.0,2033.0,0
50.552767999999986,0.0,0.12602537356644847,-181927.7803814854,0.0,2034.0,0
51.042987999999994,0.0,0.1304303068023778,-188951.70031791794,0.0,255.0,0
50.9644,0.0,0.13073495734150334,-188952.293063209,0.0,252.0,0
54.81145833333333,0.0,0.11781680467242539,-139086.299357993,0.0,65280.0,0
54.22944,0.0,0.11505668646989531,686.1055610597065,0.0,268288.0,0
52.366626923076915,0.0,0.11500670182789212,-134810.77151913368,0.0,65280.0,0
52.366626923076915,0.0,0.11540642700404645,-135493.36039856958,0.0,64256.0,0
77.60675882352942,0.0,0.012452803621821553,-516.8478805425287,0.0,267520.0,0
85.77869285714287,0.0,0.012194791520738105,-148579.40476936064,0.0,65280.0,0
84.53836666666668,0.0,0.012057653625894093,1079.286478401709,0.0,268288.0,0
79.44844375,0.0,0.012446519821797316,-141258.7450167389,0.0,65280.0,0
79.44844375,0.0,0.0125270415585439,-137584.39363731773,0.0,65280.0,0
62.896275,0.0,0.012939987658120659,143925.61937754438,0.0,268288.0,0
59.32415294117647,0.0,0.01333717219240992,721.2328012794549,0.0,65280.0,0
61.56604285714286,0.0,0.011252846609568322,-43933.12375882618,0.0,252.0,0
61.551460000000006,0.0,0.01113117459913383,-178840.8718927502,0.0,296.0,0
62.87568571428572,0.0,0.011512121673589934,-44508.788364860084,0.0,296.0,0
62.87568571428572,0.0,0.0118752127887551,-698.8630974531737,0.0,64256.0,0
62.15762666666667,0.0,0.01271321957673802,-195929.19287434174,0.0,252.0,0
56.304164285714286,0.037037037037037035,0.011557666299034994,-685.2159732637699,0.0,64256.0,0
56.304164285714286,0.08,0.011095133452662139,-143639.73785619045,12.339071999999998,64256.0,0
73.66523333333333,0.07692307692307693,0.01146787913644477,-537.5568345208486,11.864492307692306,267520.0,0
69.4512125,0.07407407407407407,0.01183056710021733,-142189.81306500602,11.425066666666666,64256.0,0
69.4512125,0.07142857142857142,0.011838910470142013,-513.8044327005575,11.01702857142857,267520.0,0
69.4512125,0.06896551724137931,0.012320185515664304,-513.7870588634984,10.637131034482758,267520.0,0
64.95932666666667,0.10344827586206896,0.012219457185825811,177080.07805094632,13.523227586206895,267520.0,0
58.20076000000001,0.10344827586206896,0.012197750422120414,-1356.6395646649673,13.523227586206895,0.0,0
54.40781428571429,0.10344827586206896,0.012553638097283876,-1383.4316051484236,13.523227586206895,0.0,0
0.0,0.0,0.01872,0.0,0.0,49151.0,0
18.7278,0.0,0.03616,-977980.0,0.0,252.0,0
18.7278,0.0,0.0536,-977980.0,0.0,252.0,0
27.91205,0.0,0.05918571655049884,0.0,0.0,49151.0,0
33.60686666666667,0.0,0.06156063354083684,0.0,0.0,49151.0,0
33.60686666666667,0.0,0.007801782406155774,-80010.81293964032,0.0,253.0,0
36.29152500000001,0.0,0.00817711664178168,-74532.2823757918,0.0,296.0,0
36.29152500000001,0.0,0.007032855844946256,-55850.15804695211,0.0,296.0,0
41.303160000000005,0.0,0.007204351122127442,-52235.81867879414,0.0,253.0,0
41.303160000000005,0.0,0.0066929893211548925,-37462.32495270711,0.0,1955.0,0
38.09601666666667,0.0,0.0074952056927958454,-38143.79449989027,0.0,255.0,0
36.711000000000006,0.0,0.007808976208854054,-36019.58963575801,0.0,1955.0,0
40.23058000000001,0.0,0.008213169446762035,2.6805383311886533,0.0,49155.0,0
34.0301,0.0,0.013039990575605627,-2.0857310581582897,0.0,251.0,0
34.0301,0.0,0.013948419053661737,-2.08558897333459,0.0,251.0,0
34.0301,0.0,0.014109729840625916,0.0,0.0,253.0,0
34.0301,0.0,0.014927734833768897,-1.9871851482652951,0.0,251.0,0
37.51125,0.0,0.015403227583002096,48235.69641803077,0.0,49155.0,0
40.33464285714285,0.0,0.0159490389305946,48119.69106274719,0.0,49154.0,0
40.6333125,0.0,0.01604389777778283,1692.8447275037015,0.0,2029.0,0
40.86,0.0,0.016638669716735395,821.6391668094587,0.0,1115.0,0
0.0,0.0,0.01248,0.0,0.0,49155.0,0
0.0,0.0,0.0008986121973449269,-35900.43827628017,0.0,255.0,0
0.0,0.0,0.004311405362482836,0.0,0.0,255.0,0
280.42089999999996,0.0,0.006846847677761142,2813.6264675799694,0.0,1044.0,0
180.01979999999998,0.0,0.007375327411559714,2204.217169591142,0.0,1044.0,0
180.01979999999998,0.0,0.007300264798392657,150429.69887596992,0.0,65535.0,0
180.01979999999998,0.0,0.006066456164055447,-1.6099936741123797,0.0,254.0,0
138.7882,0.0,0.006624885700178045,20519.727299058603,0.0,14156.0,0
138.7882,0.0,0.004974169038535295,-2.645834594965583,0.0,252.0,0
132.98514999999998,0.0,0.005013471078836868,1404.6362936396397,0.0,2010.0,0
132.98514999999998,0.0,0.005165796628435071,1320.8002743157851,0.0,2010.0,0
117.75537999999999,0.0,0.005381155524873239,-2.165164508398567,0.0,252.0,0
76.24576666666667,0.0,0.003429031636321217,-9551.815668981419,0.0,139.0,0
58.872,0.0,0.0037063654636523466,-9430.74653022668,0.0,253.0,0
147.990825,0.0,0.0037522494510789017,-78.98736735691429,0.0,139.0,0
147.990825,0.0,0.004053839171640447,-78.97997006816732,0.0,139.0,0
119.25542,0.0,0.00434309183100576,-175.61924605479007,0.0,0.0,0
120.175275,0.0,0.004206342494598411,-1266.944597260035,0.0,251.0,0
114.43910000000001,0.0,0.005259906785873207,3427.9942349350945,0.0,7083.0,0
103.05193333333334,0.0,0.004884443302982646,2.0419913474007716,0.0,255.0,0
68.80525,0.0,0.008393830545518914,44386.19108645236,0.0,49154.0,0
50.44173333333333,0.0,0.009072359071406556,0.0,0.0,251.0,0
50.44173333333333,0.0,0.009853264585853883,0.0,0.0,251.0,0
55.352525,0.0,0.009770900223705728,41248.82023824941,0.0,49154.0,0
59.16760000000001,0.0,0.010231954831001935,41095.04657527001,0.0,49154.0,0
59.16760000000001,0.1111111111111111,0.008815688702398336,45302.53630725543,444.72902222222217,65535.0,0
52.74250000000001,0.14285714285714285,0.014420147500098762,25366.88533066128,571.7944571428571,65535.0,0
50.5842,0.125,0.014309890527676354,23744.96725424092,500.32014999999996,65535.0,0
41.808820000000004,0.1111111111111111,0.014792277291012288,23150.258501054363,444.72902222222217,65280.0,0
41.808820000000004,0.1,0.030063536377030076,23147.659836515806,400.25611999999995,65280.0,0
41.808820000000004,0.09090909090909091,0.03790538710295623,23146.859755463203,363.8692,65280.0,0
44.31015,0.08333333333333333,0.03566296358027758,29895.203840776,333.54676666666666,71680.0,0
44.31015,0.07692307692307693,0.049726815016542344,29835.55921219457,307.88932307692306,71680.0,0
44.31015,0.07142857142857142,0.06386167730982895,29835.49326118315,285.89722857142857,71680.0,0
44.31015,0.06666666666666667,0.07025089071579742,29835.436731976857,266.8374133333333,71680.0,0
38.84484285714286,0.0625,0.07025992272461276,21188.87481031391,250.16007499999998,65280.0,0
34.76195,0.058823529411764705,0.07148807060189898,20512.620081925365,235.4447764705882,64768.0,0
34.76195,0.05555555555555555,0.07301821054418466,20511.412266783595,222.36451111111109,64768.0,0
34.76195,0.05263157894736842,0.08129457885534269,20510.172476850454,210.66111578947366,64768.0,0
34.76195,0.05,0.08746903726938182,20509.093403473806,200.12805999999998,64768.0,0
34.03712222222222,0.047619047619047616,0.08574304367819424,28534.567455014236,190.59815238095237,71680.0,0
34.03712222222222,0.045454545454545456,0.08709246118089721,28521.818745069933,181.9346,71680.0,0
33.90566,0.043478260869565216,0.08720934963979439,34816.7409909565,174.02439999999999,76800.0,0
33.90566,0.041666666666666664,0.08870037229909844,34816.70962887431,166.77338333333333,76800.0,0
31.35366363636364,0.04,0.08906818313169827,19625.06507420322,160.10244799999998,64768.0,0
28.879616666666667,0.038461538461538464,0.08991225187643485,19301.022647857073,153.94466153846153,64512.0,0
33.395153846153846,0.037037037037037035,0.08152241893116749,31298.866706075107,148.2430074074074,76800.0,0
33.395153846153846,0.03571428571428571,0.07800332590395403,27099.627374342934,142.94861428571429,76800.0,0
34.56959285714286,0.034482758620689655,0.07477390308565185,15071.042410249245,138.01935172413792,65280.0,0
34.56959285714286,0.03333333333333333,0.057307966914002535,0.7079952425627908,133.41870666666665,49155.0,0
33.28563333333333,0.03225806451612903,0.057304183722768666,-34249.713797342665,129.11487741935483,254.0,0
33.28563333333333,0.03125,0.0579126626309206,-34248.36980761437,125.08003749999999,254.0,0
38.67881333333334,0.03333333333333333,0.05299737128685468,0.6951386580122597,133.41870666666665,49155.0,0
42.49995625,0.03225806451612903,0.053236456343646314,0.6926058537630921,129.11487741935483,49155.0,0
0.0,0.0,0.02512,0.0,0.0,252.0,0
0.0,0.0,0.04688,0.0,0.0,252.0,0
73.1772,0.0,0.04055900495230152,24023.831100453528,0.0,2010.0,0
72.92325,0.0,0.0471944766266434,23097.964896892845,0.0,2010.0,0
72.92325,0.0,0.009097562465882567,6.5106601616526,0.0,255.0,0
60.66433333333333,0.0,0.009884703802237039,1587.7506718169836,0.0,1041.0,0
60.66433333333333,0.0,0.012204025998548937,0.0,0.0,252.0,0
50.787,0.0,0.012897905404488742,3334.4878972192955,0.0,2010.0,0
50.787,0.0,0.009629442025550595,85785.87114547209,0.0,65535.0,0
50.787,0.0,0.010608492697323915,2201.3373656628237,0.0,2010.0,0
49.763459999999995,0.0,0.010735841502113017,0.0,0.0,252.0,0
49.763459999999995,0.0,0.01018855277881336,0.0,0.0,252.0,0
49.763459999999995,0.0,0.011611220691842923,0.0,0.0,252.0,0
49.763459999999995,0.0,0.012746560083092103,0.0,0.0,252.0,0
49.763459999999995,0.0,0.013892529380470175,0.0,0.0,252.0,0
54.5268,0.0,0.013987203899583663,1580.3023428964061,0.0,2010.0,0
57.919314285714286,0.0,0.014548114738748192,1580.300649451268,0.0,2010.0,0
59.58251250000001,0.0,0.015109034090229602,1580.299972074229,0.0,2010.0,0
57.5907888888889,0.0,0.01560934140866227,1574.1866794646783,0.0,2010.0,0
101.22911000000002,0.0,0.014311060166345603,23066.62414784925,0.0,29200.0,0
92.5797181818182,0.0,0.0145845641281796,51566.17203823744,0.0,65280.0,0
92.5797181818182,0.0,0.016423082577423778,51562.38962170305,0.0,65280.0,0
92.5797181818182,0.0,0.016184729335157366,-134.21556841842454,0.0,75.0,0
85.227625,0.0,0.016633305559334604,-0.7557845128741641,0.0,251.0,0
85.227625,0.0,0.017367392275839326,1318.7575855617456,0.0,2010.0,0
85.227625,0.0,0.018231408852185747,1315.7149738153753,0.0,2010.0,0
85.227625,0.0,0.019135484893418313,1315.7142695020882,0.0,2010.0,0
78.97413846153846,0.0,0.019521107669885226,-0.7462197121515759,0.0,251.0,0
78.97413846153846,0.0,0.020126276593599297,1275.3025609698516,0.0,2010.0,0
73.74017142857143,0.0,0.020471102822295542,-0.7224415168794305,0.0,251.0,0
88.72626153846156,0.0,0.0222940233180274,-159.3948282985753,0.0,75.0,0
88.72626153846156,0.0,0.022278072991059668,56579.23299316741,0.0,65535.0,0
88.72626153846156,0.0,0.018626272609784562,46352.66376817384,0.0,65535.0,0
101.55777142857144,0.0,0.01881661344269721,45902.41126828378,0.0,65535.0,0
95.07032666666669,0.0,0.019063463083730366,45586.999375535706,0.0,65280.0,0
95.07032666666669,0.0,0.026520264196327515,45582.58033850171,0.0,65280.0,0
95.07032666666669,0.0,0.030024676318884867,45581.68139791484,0.0,65280.0,0
116.53452142857145,0.0,0.02928993122793055,0.0,0.0,65535.0,0
116.53452142857145,0.0,0.030108208643056685,-47597.44994801706,0.0,251.0,0
109.00976000000001,0.0,0.030358464444483375,-185.52071590642402,0.0,65280.0,0
109.00976000000001,0.0,0.03809673095556408,-185.5076839609846,0.0,65280.0,0
109.00976000000001,0.0,0.042105022122946034,-185.50070216570901,0.0,65280.0,0
104.4031,0.0,0.041583935733432845,-45152.801816394116,0.0,2010.0,0
114.78234705882353,0.0,0.04188193966789999,3639.1579516647867,0.0,70656.0,0
114.78234705882353,0.0,0.049442803180898345,3639.1369881766764,0.0,70656.0,0
114.78234705882353,0.0,0.05700381137608387,3639.1308224908435,0.0,70656.0,0
114.78234705882353,0.0,0.06456487052367361,3639.1289727891676,0.0,70656.0,0
114.78234705882353,0.0,0.06639539350722182,3639.12588995722,0.0,70656.0,0
108.5556,0.0,0.06657470033431583,-180.86325519102675,0.0,65280.0,0
102.98876842105264,0.0,0.06687698746452023,-180.85212313833736,0.0,65280.0,0
102.98876842105264,0.0,0.07437612029595422,3629.6419916480672,0.0,70656.0,0
102.98876842105264,0.0,0.07774978903624394,3629.637084803504,0.0,70656.0,0
97.99723,0.0,0.07788165134955317,-180.333984946027,0.0,65280.0,0
97.99723,0.0,0.07854260600155746,-180.31875297462145,0.0,65280.0,0
97.99723,0.0,0.0793659140103813,-180.3127946600787,0.0,65280.0,0
97.99723,0.0,0.08382080182122979,-180.30692792898498,0.0,65280.0,0
97.99723,0.0,0.09134145583019808,-180.30151749984913,0.0,65280.0,0
97.99723,0.0,0.09886124187986339,-180.29534757527438,0.0,65280.0,0
97.99723,0.0,0.10638069261393805,-180.2894819794383,0.0,65280.0,0
97.99723,0.0,0.11389919332529527,-180.2828874388612,0.0,65280.0,0
97.99723,0.0,0.12141706217945304,-180.2761718357586,0.0,65280.0,0
97.99723,0.0,0.12893263246694955,-180.2670260498297,0.0,65280.0,0
97.99723,0.0,0.13644978590362777,-180.26098000986968,0.0,65280.0,0
97.99723,0.0,0.14396779386905237,-180.25663561851064,0.0,65280.0,0
97.99723,0.0,0.1459396072034509,-180.25438755415186,0.0,65280.0,0
97.99723,0.017241379310344827,0.1424335404338378,-173.96900415099742,16.648724137931033,65280.0,0
112.51671000000002,0.017857142857142856,0.14394958349740755,48972.796875248765,17.243321428571427,70656.0,0
112.51671000000002,0.017543859649122806,0.15134993020293794,48972.5369788571,16.94080701754386,70656.0,0
112.51671000000002,0.017241379310344827,0.15859231239430874,48923.571411459416,16.648724137931033,70656.0,0
121.34940476190476,0.01694915254237288,0.15933141947779184,48923.49035673239,16.366542372881355,70656.0,0
121.34940476190476,0.016666666666666666,0.16007065671152182,48923.4498294696,16.093766666666667,70656.0,0
129.37712272727273,0.01639344262295082,0.16072647865497658,48923.40119684288,15.829934426229508,70656.0,0
129.37712272727273,0.016129032258064516,0.16811985712531918,48923.31203727834,15.574612903225805,70656.0,0
129.37712272727273,0.015873015873015872,0.1699097349818925,48923.263404925565,15.327396825396825,70656.0,0
136.70315652173912,0.015625,0.17020978786202956,52481.07330039487,15.08790625,75776.0,0
143.41480416666664,0.015384615384615385,0.17050984024505347,56038.8773014561,14.855784615384614,80896.0,0
149.587496,0.015151515151515152,0.17080989213096545,58173.5375969696,14.63069696969697,83968.0,0
155.28338461538462,0.014925373134328358,0.17110994351976674,59596.62603975502,14.412328358208955,86016.0,0
160.55473333333333,0.014705882352941176,0.17141002280977502,61731.290078846294,14.200382352941176,89088.0,0
165.44790357142855,0.014492753623188406,0.17171007325404586,63154.373452557236,13.994579710144928,91136.0,0
170.00247586206896,0.014285714285714285,0.1720101516989097,65289.03195100009,13.794657142857142,94208.0,0
174.25286,0.014084507042253521,0.1723102011986544,66712.11025566047,13.600366197183098,96256.0,0
174.25286,0.013888888888888888,0.17287705866177286,66712.04394078736,13.411472222222223,96256.0,0
174.25286,0.0136986301369863,0.18024609226002541,48916.23704620555,13.227753424657534,70656.0,0
174.25286,0.013513513513513514,0.18355264008629757,48916.05877962214,13.049,70656.0,0
168.76048387096773,0.013333333333333334,0.18337269894232072,45062.883071398675,12.875013333333333,65280.0,0
163.61466875,0.013157894736842105,0.18365822809437957,45059.48830597218,12.705605263157894,65280.0,0
158.78189393939394,0.012987012987012988,0.18395191890350165,45058.103745882574,12.540597402597403,65280.0,0
154.23477647058823,0.01282051282051282,0.18441763961217245,45056.77137323546,12.379820512820512,65280.0,0
149.94241428571428,0.012658227848101266,0.1847120827121574,45055.58049231098,12.223113924050633,65280.0,0
149.94241428571428,0.0125,0.1853597470645205,45054.02499892216,12.070325,65280.0,0
149.94241428571428,0.012345679012345678,0.186093040274535,1215.1288286779895,11.921308641975308,2010.0,0
149.94241428571428,0.012195121951219513,0.1892369366499769,66353.18796984799,11.775926829268293,96256.0,0
145.93680555555554,0.012048192771084338,0.1887864755572399,44237.79471144227,11.634048192771084,64512.0,0
143.47329729729728,0.012195121951219513,0.1819292653556966,2.0074584230803656,11.775926829268293,255.0,0
143.47329729729728,0.012195121951219513,0.1829634290714317,2.01946389703567,11.775926829268293,255.0,0
140.69082368421053,0.012195121951219513,0.1822137797450242,0.0,11.775926829268293,2010.0,0
152.46500857142857,0.012658227848101266,0.18173450469151692,27973.272836435593,12.223113924050633,70656.0,0
152.46500857142857,0.0125,0.18245231340697773,27973.250335067863,12.070325,70656.0,0
148.3955361111111,0.012345679012345678,0.1820113359081674,24248.10577927613,11.921308641975308,65280.0,0
147.0698771428571,0.012658227848101266,0.18306375165400635,65704.59555271362,12.223113924050633,96256.0,0
160.42063125,0.013888888888888888,0.17720221628423868,121.62641766188659,13.411472222222223,254.0,0
153.369203125,0.013888888888888888,0.17529167012590696,-43324.42596611792,13.411472222222223,1047.0,0
153.369203125,0.013888888888888888,0.21018007248830287,-50498.1712894783,13.411472222222223,255.0,0
153.369203125,0.0136986301369863,0.2108131464627604,-50494.166817427635,13.227753424657534,255.0,0
150.11361515151518,0.013513513513513514,0.20406154014853084,-47458.083105034864,13.049,2005.0,0
147.19886470588236,0.013333333333333334,0.20373935314402628,-47275.16182079823,12.875013333333333,2005.0,0
147.19886470588236,0.013157894736842105,0.20087427272659178,-47695.000013064535,12.705605263157894,255.0,0
144.15511142857142,0.012987012987012988,0.19552075240264286,-45077.05545122624,12.540597402597403,2005.0,0
144.63076969696968,0.0136986301369863,0.19786742195912044,-48389.83322963985,13.227753424657534,2005.0,0
142.00195882352938,0.013513513513513514,0.19030937161980596,-47714.756726406216,13.049,255.0,0
142.00195882352938,0.013333333333333334,0.19181040052530526,-11825.718757546314,12.875013333333333,49154.0,0
138.32522285714285,0.013157894736842105,0.190607539263474,-46677.996470392485,12.705605263157894,255.0,0
138.32522285714285,0.012987012987012988,0.1912215702053443,-46675.68091162457,12.540597402597403,255.0,0
135.79755555555553,0.01282051282051282,0.18537174179123084,-11329.840742985702,12.379820512820512,49153.0,0
148.1903724137931,0.02,0.07641946071135432,-4059.5950670379525,50.696686,65280.0,0
82.11673636363638,0.045454545454545456,0.02236578506155259,0.0,115.2197409090909,255.0,0
77.639025,0.045454545454545456,0.0221945631502431,-647.8790842064665,115.2197409090909,1046.0,0
81.26627272727272,0.045454545454545456,0.02410054486177171,-51415.22602465425,115.2197409090909,255.0,0
79.1164,0.043478260869565216,0.02366761748846213,-48859.030871569914,110.21018695652174,1045.0,0
42.07142222222222,0.05,0.02219680939201314,1213.9746765809284,126.741715,2005.0,0
38.60995,0.047619047619047616,0.02293240702771299,0.6897379399576814,120.70639523809524,255.0,0
38.282036363636365,0.045454545454545456,0.022812055235986117,1179.2604132679407,115.2197409090909,2005.0,0
31.159500000000005,0.07692307692307693,0.015644543046829232,-32748.395138994118,194.98725384615383,255.0,0
39.93732,0.1,0.01267466116952106,-49143.82411059765,253.48343,2002.0,0
39.93732,0.09090909090909091,0.021364126020260128,-50275.1264645127,230.4394818181818,255.0,0
39.93732,0.08333333333333333,0.022012295211201145,-50272.17954862161,211.23619166666666,255.0,0
39.93732,0.07692307692307693,0.022050143290166056,192.82532712593775,194.98725384615383,65535.0,0
39.06583333333333,0.07142857142857142,0.02242616361710607,-47649.57400555075,181.05959285714286,1997.0,0
38.43261428571429,0.06666666666666667,0.02289600249891301,-47649.55689748461,168.98895333333334,1997.0,0
36.0116875,0.0625,0.023203780649412923,190.08494171165174,158.42714375,65535.0,0
32.374744444444445,0.058823529411764705,0.02358741822086094,0.0,149.1079,65280.0,0
32.374744444444445,0.05555555555555555,0.031497158927672055,0.0,140.8241277777778,65280.0,0
32.374744444444445,0.05263157894736842,0.036403467280455064,0.0,133.41233157894737,65280.0,0
31.203930000000003,0.05,0.03630948918469044,3186.8928874591156,126.741715,69632.0,0
31.203930000000003,0.047619047619047616,0.04412436044778725,3186.889549070136,120.70639523809524,69632.0,0
31.203930000000003,0.045454545454545456,0.04900419951359439,3186.8839851040466,115.2197409090909,69632.0,0
28.870500000000003,0.043478260869565216,0.04923809151703779,0.0,110.21018695652174,65280.0,0
28.870500000000003,0.041666666666666664,0.05003876632261538,0.0,105.61809583333333,65280.0,0
28.870500000000003,0.04,0.051005518228824376,0.0,101.393372,65280.0,0
28.870500000000003,0.038461538461538464,0.05424168412678185,0.0,97.49362692307692,65280.0,0
28.870500000000003,0.037037037037037035,0.05960668226743064,0.0,93.88275185185185,65280.0,0
28.90285,0.03571428571428571,0.05881070544840477,3107.325540397455,90.52979642857143,69632.0,0
28.923615384615385,0.034482758620689655,0.05925618057240365,6762.995739129162,87.40807931034483,74752.0,0
28.923615384615385,0.03333333333333333,0.06072412056264565,6762.991134058175,84.49447666666667,74752.0,0
28.923615384615385,0.03225806451612903,0.061626561858370094,6762.98537772826,81.76884838709677,74752.0,0
28.923615384615385,0.03125,0.06232339169937073,6762.9819239350145,79.213571875,74752.0,0
27.198535714285715,0.030303030303030304,0.06253302882798148,-182.16266932138439,76.8131606060606,65024.0,0
25.711380000000002,0.029411764705882353,0.06312537398849245,-182.14715668455892,74.55395,65024.0,0
28.7664375,0.02857142857142857,0.06036556354095251,6399.7875387256245,72.42383714285714,74752.0,0
28.7664375,0.027777777777777776,0.06101422777417731,-42674.219454390615,70.4120638888889,1997.0,0
30.338882352941173,0.0,0.06952887496666002,0.0,0.0,255.0,0
30.338882352941173,0.0,0.07015660861231796,1356.4732308055618,0.0,1997.0,0
31.700233333333333,0.0,0.06772533421313662,-0.7467948814963018,0.0,254.0,0
31.700233333333333,0.0,0.07088252483358325,55547.16246452339,0.0,74752.0,0
33.20347368421053,0.0,0.06825695314464708,45851.66678740055,0.0,64512.0,0
32.17729411764706,0.0,0.08100943013572125,53517.972113527605,0.0,64512.0,0
32.17729411764706,0.0,0.0873052443164213,53514.44365817983,0.0,64512.0,0
36.77532222222222,0.0,0.07997476819828385,56704.916784800735,0.0,74752.0,0
40.88534736842105,0.0,0.08046110463684858,58700.34494775591,0.0,77312.0,0
40.88534736842105,0.0,0.08116570983993567,58700.31222069026,0.0,77312.0,0
41.76833,0.0,0.0780646987987996,46596.54438327508,0.0,64512.0,0
41.76833,0.0,0.07741858158877503,-5.842470876822506,0.0,1997.0,0
40.24529523809523,0.0,0.07776265521899108,-1269.6979605413408,0.0,254.0,0
40.18830909090909,0.0,0.07606449180079808,-5.641510924927545,0.0,1997.0,0
42.08415999999999,0.0,0.0973278501606294,69976.4140276519,0.0,77312.0,0
42.35740476190475,0.0,0.09379224633685439,55701.11311154534,0.0,64256.0,0
42.35740476190475,0.0,0.09005443506336692,-0.8268550303306057,0.0,254.0,0
41.76593636363636,0.0,0.08842482718226403,1406.2595763174113,0.0,1997.0,0
44.34055882352942,0.0,0.047031207325798775,-3598.0158609900705,0.0,64256.0,0
44.34055882352942,0.0,0.051954981504177544,-3597.8717612126247,0.0,64256.0,0
47.717131249999994,0.0,0.030413281509206743,6677.652238474669,0.0,79616.0,0
47.717131249999994,0.0,0.031017888890235462,6677.647979129525,0.0,79616.0,0
57.94824166666666,0.0,0.027705743917803,-51599.87011611426,0.0,255.0,0
57.96062307692307,0.0,0.02754318372159276,-7121.92689056557,0.0,64256.0,0
56.151021428571426,0.0,0.02798214357371884,-49925.15101015851,0.0,1044.0,0
54.73246153846154,0.0,0.027461394698951407,0.0,0.0,255.0,0
54.73246153846154,0.037037037037037035,0.02871746253480657,43966.68396415985,205.63799629629628,65280.0,0
53.25814285714286,0.03571428571428571,0.028846078319329338,527.3298376726332,198.2937821428571,1044.0,0
52.27372727272727,0.041666666666666664,0.027848145382393056,11034.060541858991,231.3427458333333,79616.0,0
52.342016666666666,0.04,0.02722467073636938,540.1050611059021,222.08903599999996,65280.0,0
52.342016666666666,0.038461538461538464,0.02711384536737011,-44319.32935532327,213.54715,254.0,0
53.84799230769231,0.04,0.022085994852577194,-43071.6704456349,222.08903599999996,14156.0,0
543.4106666666667,0.043478260869565216,0.020083630262682284,-23308.141396951567,241.4011260869565,30336.0,0
905.2056285714286,0.0625,0.015296998734028174,696.5549050002157,347.01411874999997,65280.0,0
905.2056285714286,0.058823529411764705,0.020302305065230404,696.5143522780734,326.60152352941174,65280.0,0
797.8914749999999,0.0625,0.014721400747889015,0.0,347.01411874999997,79616.0,0
804.3083500000001,0.06666666666666667,0.013992631449511024,54856.92768833234,370.1483933333333,82176.0,0
721.2963222222223,0.06666666666666667,0.014114206812823361,691.9258797554156,370.1483933333333,65280.0,0
1061.1399166666665,0.0,0.013930101122309349,1935.5763608940474,0.0,82176.0,0
917.2015714285714,0.0,0.013818010799543182,-10603.30319662043,0.0,65024.0,0
61.1716,0.0,0.020356102482836928,-52047.653352035,0.0,254.0,0
61.1716,0.0,0.021232257046823876,-52044.961803632745,0.0,254.0,0
57.759699999999995,0.0,0.020991644208114953,-48928.962089097644,0.0,1992.0,0
55.47448333333333,0.0,0.021474052726554865,-48928.92601376023,0.0,1992.0,0
55.47448333333333,0.0,0.013633870614884082,-52474.98872519645,0.0,1992.0,0
56.83603333333334,0.0,0.013294915098431453,-54852.237847184806,0.0,254.0,0
47.67406666666667,0.0,0.021721883683977837,2236.530440921415,0.0,1992.0,0
38.986824999999996,0.0,0.022925953760738728,-1.265788083079656,0.0,253.0,0
35.10444,0.0,0.023142391435741854,2146.748308887668,0.0,1992.0,0
16.25,0.0,0.00633902336691512,35287.37972227148,0.0,49153.0,0
14.533133333333334,0.0,0.006933895437383109,-1290.4584937509874,0.0,253.0,0
14.533133333333334,0.0,0.007580781357605132,-1290.4247044709598,0.0,253.0,0
17.757550000000002,0.0,0.007860081515767572,34297.678050066104,0.0,49153.0,0
19.2651,0.0,0.019319841996309678,4.4929865107696925,0.0,49155.0,0
18.106466666666666,0.0,0.02054987016195358,-106088.27080335391,0.0,254.0,0
18.106466666666666,0.0,0.02243771537442323,-106069.39714751755,0.0,254.0,0
24.308574999999998,0.0,0.021768713798723114,3.969495586929817,0.0,49155.0,0
29.03164,0.0,0.0227770406039102,3.9297861635455833,0.0,49155.0,0
29.03164,0.0,0.02033529651491556,-44727.22491376646,0.0,254.0,0
29.03164,0.0,0.030064007333537722,-44721.948606797916,0.0,254.0,0
29.03164,0.0,0.0397941278313398,-44720.83693750425,0.0,254.0,0
29.03164,0.0,0.04952462848518229,-44720.50539771253,0.0,254.0,0
29.03164,0.0,0.05209197635373803,-44719.90083780611,0.0,254.0,0
29.03164,0.0,0.05291808237848261,-44719.36454834476,0.0,254.0,0
29.03164,0.0,0.06172618282892505,-44718.925775625314,0.0,254.0,0
29.03164,0.0,0.06056610450128085,14551.711896339066,0.0,65535.0,0
29.897233333333332,0.0,0.06099884710885706,-42691.033307225276,0.0,1019.0,0
30.493285714285715,0.0,0.061523865039763655,-42698.98850492074,0.0,1010.0,0
32.1915625,0.0,0.061501669900340526,-42326.79248658656,0.0,1005.0,0
33.511066666666665,0.0,0.062022069695999854,-42326.77474377765,0.0,1005.0,0
34.56562,0.0,0.06254248216383891,-42330.28226067091,0.0,1001.0,0
34.56562,0.0,0.06323398165575315,-42261.30752675752,0.0,1001.0,0
35.76079090909091,0.0,0.06200986178358818,13960.058758502935,0.0,65535.0,0
33.21946666666667,0.0,0.06223511475184362,13681.375349004664,0.0,65280.0,0
33.21946666666667,0.0,0.07125647973652692,13680.395817987734,0.0,65280.0,0
33.21946666666667,0.0,0.0751968136812429,13679.93653818929,0.0,65280.0,0
34.71946923076923,0.0,0.07485905445515743,-41018.970235351226,0.0,254.0,0
36.94819285714285,0.0,0.07219373765296426,175840.08172063524,0.0,268032.0,0
38.877159999999996,0.0,0.07269499665039365,175634.31894504256,0.0,267776.0,0
38.877159999999996,0.0,0.08040480509740455,174263.81656762902,0.0,267776.0,0
38.877159999999996,0.0,0.08868159445137465,174263.286687845,0.0,267776.0,0
38.877159999999996,0.0,0.09695825976699389,174262.6243426464,0.0,267776.0,0
38.877159999999996,0.0,0.10523510215400333,174262.35940597672,0.0,267776.0,0
38.877159999999996,0.0,0.11351200566170407,174262.22693794398,0.0,267776.0,0
38.877159999999996,0.0,0.11573101650011479,174262.09447011264,0.0,267776.0,0
36.70220625,0.0,0.11582719420991337,12813.101307573348,0.0,65280.0,0
34.78860588235295,0.0,0.11628831577469959,12812.08441615142,0.0,65280.0,0
33.089711111111114,0.0,0.1167550029636294,12811.68644054795,0.0,65280.0,0
33.089711111111114,0.0,0.1175233793409706,12792.939269343868,0.0,65280.0,0
33.089711111111114,0.0,0.11857010402987152,12792.213457919039,0.0,65280.0,0
33.089711111111114,0.0,0.12700875786178686,12792.094916544072,0.0,65280.0,0
33.089711111111114,0.0,0.1354467942300695,12791.932832913628,0.0,65280.0,0
33.089711111111114,0.0,0.14323710307503634,12791.746562769187,0.0,65280.0,0
33.089711111111114,0.0,0.14257521796782896,-38714.80802123954,0.0,0.0,0
33.089711111111114,0.0,0.14253947567087744,12862.345714759584,0.0,65535.0,0
33.40722105263158,0.0,0.14605814366219763,168195.97542170912,0.0,267776.0,0
33.40722105263158,0.0,0.14672890270693736,168195.852016038,0.0,267776.0,0
33.85902,0.0,0.1468308128173341,165995.7699109086,0.0,265472.0,0
32.55656190476191,0.0,0.1469288360524838,11757.460783438743,0.0,64512.0,0
32.55656190476191,0.0,0.14756198008711793,11756.673300400696,0.0,64512.0,0
33.49489090909091,0.0,0.14719150040799914,163855.1917287496,0.0,264448.0,0
33.11498695652174,0.0,0.14575513030109216,161734.37707795756,0.0,264448.0,0
34.43402380952381,0.0,0.1513548215182287,-39450.54516610748,0.0,253.0,0
35.28322727272727,0.0,0.14561839178553992,-36484.27651817584,0.0,1992.0,0
35.24226315789474,0.02127659574468085,0.15635316808534538,55220.14264109193,21.315465957446808,65535.0,0
35.24226315789474,0.020833333333333332,0.1528066406678185,590.185310736166,20.87139375,1001.0,0
35.24226315789474,0.02040816326530612,0.1555242024202271,590.184199016041,20.445446938775508,1001.0,0
35.24226315789474,0.02,0.15769827415604193,590.1834208144455,20.036537999999997,1001.0,0
35.24226315789474,0.0196078431372549,0.1584123794454044,590.182976128741,19.64366470588235,1001.0,0
33.76852,0.019230769230769232,0.15815975651440817,0.7864888238175208,19.26590192307692,255.0,0
32.4420380952381,0.018867924528301886,0.15860691851158548,0.0,18.90239433962264,254.0,0
32.4420380952381,0.018518518518518517,0.1592891926555829,0.0,18.552349999999997,254.0,0
32.4420380952381,0.01818181818181818,0.15999837057254937,0.0,18.215034545454543,254.0,0
32.94875454545455,0.017857142857142856,0.15514584189523561,567.9516598176041,17.88976607142857,1001.0,0
32.94875454545455,0.017543859649122806,0.16077000534066893,0.0,17.575910526315788,254.0,0
32.94875454545455,0.017241379310344827,0.1687254976986809,0.0,17.272877586206896,254.0,0
32.94875454545455,0.01694915254237288,0.17669039141322132,0.0,16.980116949152542,254.0,0
32.94875454545455,0.016666666666666666,0.1846554299263258,0.0,16.697115,254.0,0
32.94875454545455,0.01639344262295082,0.18676252904066099,0.0,16.423391803278687,254.0,0
32.94875454545455,0.016129032258064516,0.18876756496113736,0.0,16.158498387096774,254.0,0
34.311278260869564,0.015873015873015872,0.18052799321979396,527.216264864062,15.902014285714284,992.0,0
35.85531666666667,0.015625,0.1800364387206979,518.1549010935379,15.653545312499999,983.0,0
37.645412,0.015384615384615385,0.17927714177592685,513.3542430957699,15.412721538461538,981.0,0
46.3784,0.045454545454545456,0.06917141634597694,223298.4157077881,45.53758636363636,264448.0,0
46.3784,0.043478260869565216,0.07794776904525465,223297.74074981624,43.55769130434782,264448.0,0
46.3784,0.041666666666666664,0.08667238848125153,223163.99963749654,41.7427875,264448.0,0
46.3784,0.04,0.09544355911184363,223163.68503569748,40.07307599999999,264448.0,0
46.3784,0.038461538461538464,0.1042147469881071,223163.46032066978,38.53180384615384,264448.0,0
41.4677375,0.037037037037037035,0.10415341677313178,54633.32660449826,37.104699999999994,65280.0,0
37.58074444444444,0.03571428571428571,0.10464175956906485,54628.610304251604,35.77953214285714,65280.0,0
37.58074444444444,0.034482758620689655,0.11308049727306328,221390.3691683732,34.54575517241379,264448.0,0
37.58074444444444,0.03333333333333333,0.12178162886190533,221389.52877058156,33.39423,264448.0,0
37.58074444444444,0.03225806451612903,0.13048285080600852,221388.9537652424,32.31699677419355,264448.0,0
37.58074444444444,0.03125,0.13849362048967373,221388.51145547553,31.307090624999997,264448.0,0
34.31834,0.030303030303030304,0.1384159375285513,54265.98399694391,30.358390909090907,65280.0,0
31.6568,0.029411764705882353,0.1388992750962065,54261.80589273454,29.465497058823527,65280.0,0
32.32925,0.02857142857142857,0.14362075122333773,51904.94952199533,28.623625714285712,64256.0,0
32.32925,0.027777777777777776,0.15224754286633524,51904.267088219916,27.828525,64256.0,0
32.32925,0.02702702702702703,0.1600629355357315,51903.51442471944,27.0764027027027,64256.0,0
32.32925,0.02631578947368421,0.16512309080042317,50805.578323299575,26.36386578947368,64256.0,0
32.32925,0.02564102564102564,0.17355746163769814,50802.1651232877,25.687869230769227,64256.0,0
32.32925,0.025,0.18098704637584787,50800.415435188355,25.0456725,64256.0,0
32.27496153846154,0.024390243902439025,0.18079164434943176,208088.93073669705,24.434802439024388,263424.0,0
32.61465,0.023809523809523808,0.1805110067345547,206394.23428261327,23.853021428571427,262400.0,0
32.90795333333333,0.023255813953488372,0.18100205814719178,205587.7458919214,23.298299999999998,261376.0,0
32.90795333333333,0.022727272727272728,0.1835299842401231,205132.60655897367,22.76879318181818,261376.0,0
32.90795333333333,0.022222222222222223,0.19160980565035682,205049.53641207714,22.262819999999998,261376.0,0
31.29590625,0.021739130434782608,0.19108439351145806,50799.85632407843,21.77884565217391,65280.0,0
29.84810588235294,0.02127659574468085,0.1915343491848041,49996.62693266916,21.315465957446808,64256.0,0
29.84810588235294,0.020833333333333332,0.19962971133415858,203962.45779223985,20.87139375,261376.0,0
29.84810588235294,0.02040816326530612,0.20705142533650678,203285.7923678172,20.445446938775508,261376.0,0
29.84810588235294,0.02,0.2151347516219502,203285.15092702754,20.036537999999997,261376.0,0
28.51377222222222,0.0196078431372549,0.2153333559274274,50562.15925662543,19.64366470588235,65280.0,0
27.298499999999997,0.019230769230769232,0.2151487668820366,49617.21529629799,19.26590192307692,64256.0,0
26.208829999999995,0.018867924528301886,0.2155933991431856,50407.70878068434,18.90239433962264,65280.0,0
26.208829999999995,0.018518518518518517,0.22352518471867738,202311.11807564262,18.552349999999997,261376.0,0
26.208829999999995,0.01818181818181818,0.23156991694659432,202310.66962489477,18.215034545454543,261376.0,0
26.208829999999995,0.017857142857142856,0.23961448072563699,202310.10906425575,17.88976607142857,261376.0,0
26.208829999999995,0.017543859649122806,0.24765945739903109,202309.92221139974,17.575910526315788,261376.0,0
26.208829999999995,0.017241379310344827,0.2557045136788222,202309.81009985178,17.272877586206896,261376.0,0
26.208829999999995,0.01694915254237288,0.26373553055339805,202298.93587025287,16.980116949152542,261376.0,0
26.208829999999995,0.016666666666666666,0.271779890041288,202298.6369388704,16.697115,261376.0,0
26.208829999999995,0.01639344262295082,0.27979326928985526,202275.9580964553,16.423391803278687,261376.0,0
26.208829999999995,0.016129032258064516,0.2874609693060094,202011.62262388607,16.158498387096774,261376.0,0
25.305471428571423,0.015873015873015872,0.2867378106976775,49311.27904087254,15.902014285714284,64256.0,0
24.487463636363632,0.015625,0.2871775656186757,50097.36978078556,15.653545312499999,65280.0,0
23.741221739130427,0.015384615384615385,0.28762957955526247,49307.7738441885,15.412721538461538,64256.0,0
23.05765,0.015151515151515152,0.28808285063004324,50096.17356588105,15.179195454545454,65280.0,0
22.429108,0.014925373134328358,0.28853680183556474,49306.931584364786,14.952640298507461,64256.0,0
21.846715384615383,0.014705882352941176,0.28899021557475296,50095.345450564775,14.732748529411763,65280.0,0
21.30774074074074,0.014492753623188406,0.2894441526100198,49306.116521609445,14.519230434782607,64256.0,0
20.802403571428574,0.014285714285714285,0.2898982959573915,50094.646174507594,14.311812857142856,65280.0,0
20.273989655172414,0.014084507042253521,0.2903522733133588,49305.43732323059,14.110238028169013,64256.0,0
20.273989655172414,0.013888888888888888,0.29705965859647854,200287.92328109383,13.9142625,261376.0,0
21.140756666666668,0.0136986301369863,0.2969945618470014,198157.92113334738,13.723656164383561,259072.0,0
21.950364516129035,0.013513513513513514,0.30494362782655804,197373.16602614018,13.53820135135135,258048.0,0
21.950364516129035,0.013333333333333334,0.3128936038157753,197373.02191369236,13.357691999999998,258048.0,0
21.950364516129035,0.013157894736842105,0.3208432167993107,197372.66163349347,13.18193289473684,258048.0,0
21.366959375,0.012987012987012988,0.3210786135562383,49752.127942222935,13.01073896103896,65280.0,0
20.863872727272728,0.01282051282051282,0.3205809854027396,48823.896386732464,12.843934615384613,64256.0,0
20.39260294117647,0.012658227848101266,0.3210132017319242,49602.04702267331,12.681353164556961,65280.0,0
20.39260294117647,0.0125,0.32800631465082,196089.2433756195,12.52283625,258048.0,0
20.39260294117647,0.012345679012345678,0.3359038888627543,196088.70996307526,12.368233333333333,258048.0,0
20.39260294117647,0.012195121951219513,0.34380204359221184,196088.53215953876,12.217401219512194,258048.0,0
20.39260294117647,0.012048192771084338,0.3517001839983708,196088.3543563247,12.07020361445783,258048.0,0
20.39260294117647,0.011904761904761904,0.3595983100812701,196088.1765534331,11.926510714285714,258048.0,0
20.39260294117647,0.011764705882352941,0.3674692991927999,196073.5267030282,11.78619882352941,258048.0,0
19.931579999999997,0.011627906976744186,0.3667605451047488,49302.383875763844,11.649149999999999,65280.0,0
19.49820833333333,0.011494252873563218,0.36718828242326107,49299.54997674592,11.51525172413793,65280.0,0
19.08599459459459,0.011363636363636364,0.3676327153371512,49298.961849849315,11.38439659090909,65280.0,0
19.08599459459459,0.011235955056179775,0.37394573817226173,194630.65424894248,11.256482022471909,258048.0,0
19.08599459459459,0.011111111111111112,0.3817836872965764,194629.74337263475,11.131409999999999,258048.0,0
19.08599459459459,0.01098901098901099,0.3896218435855473,194628.9726378028,11.009086813186812,258048.0,0
19.08599459459459,0.010869565217391304,0.39746086785249435,194628.6573389491,10.889422826086955,258048.0,0
19.08599459459459,0.010752688172043012,0.40529928309118013,194628.0617772349,10.772332258064516,258048.0,0
18.724084210526314,0.010638297872340425,0.40412248405635387,48897.11213834034,10.657732978723404,65280.0,0
18.382223076923076,0.010526315789473684,0.40454769409112773,48894.70154428754,10.545546315789473,65280.0,0
18.382223076923076,0.010416666666666666,0.41200901186935807,193676.7210085578,10.435696875,258048.0,0
18.382223076923076,0.010309278350515464,0.4198097216948054,193676.44347863313,10.32811237113402,258048.0,0
18.382223076923076,0.01020408163265306,0.42761056235055867,193676.2353317116,10.222723469387754,258048.0,0
18.382223076923076,0.010101010101010102,0.43541130824856833,193675.99249420193,10.119463636363635,258048.0,0
18.04633,0.01,0.4342438927698586,48672.723036627634,10.018268999999998,65280.0,0
17.728029268292683,0.009900990099009901,0.4346698620115664,48670.803515879845,9.919078217821781,65280.0,0
17.728029268292683,0.00980392156862745,0.4417861413408157,192665.9848746051,9.821832352941176,258048.0,0
17.728029268292683,0.009708737864077669,0.44954625960178946,192665.77889392618,9.726474757281553,258048.0,0
17.728029268292683,0.009615384615384616,0.45730611681550404,192665.46992373356,9.63295096153846,258048.0,0
17.728029268292683,0.009523809523809525,0.46505252502121663,192659.59967835146,9.541208571428571,258048.0,0
17.728029268292683,0.009433962264150943,0.4728125297190602,192659.4623669517,9.45119716981132,258048.0,0
17.728029268292683,0.009345794392523364,0.480508739142255,192633.75425656812,9.362868224299065,258048.0,0
17.728029268292683,0.009259259259259259,0.48826725688037925,192633.44538908007,9.276174999999999,258048.0,0
17.449114285714284,0.009174311926605505,0.4866051958404747,48381.215475148536,9.19107247706422,65280.0,0
17.18543953488372,0.00909090909090909,0.48700902502430915,48377.576885159775,9.107517272727272,65280.0,0
16.933706818181818,0.009009009009009009,0.48743501161004016,48376.14391149998,9.025467567567567,65280.0,0
16.68987111111111,0.008928571428571428,0.4878635688393009,97128.59276969449,8.944883035714286,130816.0,0
16.68987111111111,0.008849557522123894,0.4950808186378066,191582.745368747,8.865724778761061,258048.0,0
16.68987111111111,0.008771929824561403,0.5027969827686285,191582.4398624212,8.787955263157894,258048.0,0
16.68987111111111,0.008695652173913044,0.5105128509287189,191582.03252216906,8.711538260869565,258048.0,0
16.68987111111111,0.008620689655172414,0.5182291453823421,191581.7949078219,8.636438793103448,258048.0,0
16.68987111111111,0.008547008547008548,0.5259456070714021,191581.62518364907,8.562623076923076,258048.0,0
16.68987111111111,0.00847457627118644,0.5336621496435102,191581.48940452735,8.490058474576271,258048.0,0
16.68987111111111,0.008403361344537815,0.5413785853554043,191581.31968089583,8.41871344537815,258048.0,0
16.68987111111111,0.008333333333333333,0.5490945209482391,191580.98023453495,8.3485575,258048.0,0
16.68987111111111,0.008264462809917356,0.5568099359179298,191580.471067249,8.279561157024792,258048.0,0
16.68987111111111,0.00819672131147541,0.5642664695245986,191492.12062436665,8.211695901639343,258048.0,0
16.68987111111111,0.008130081300813009,0.5719789746922109,191491.8493199933,8.144934146341463,258048.0,0
16.68987111111111,0.008064516129032258,0.5791035928427037,191297.3863887669,8.079249193548387,258048.0,0
16.68987111111111,0.008,0.586597663983005,191228.4706806578,8.0146152,258048.0,0
16.42356956521739,0.007936507936507936,0.5861891892093885,96709.8388528772,7.951007142857142,130816.0,0
16.170434042553193,0.007874015748031496,0.5865883271196093,96703.3492854803,7.888400787401574,130816.0,0
15.928602083333333,0.0078125,0.5870100076110836,96700.58294521846,7.826772656249999,130816.0,0
15.69749387755102,0.007751937984496124,0.587428863347981,96697.35574827582,7.766099999999999,130816.0,0
15.499141999999999,0.007692307692307693,0.5870845294952367,96568.59752729643,7.706360769230769,130816.0,0
15.499141999999999,0.007633587786259542,0.5947494528854456,190668.5376685081,7.647533587786259,258048.0,0
15.499141999999999,0.007575757575757576,0.6024285321446797,190668.20144899783,7.589597727272727,258048.0,0
15.282956862745097,0.007518796992481203,0.6028544760452444,96564.01691533832,7.532533082706766,130816.0,0
15.282956862745097,0.007462686567164179,0.6100764969296021,190521.42048655203,7.476320149253731,258048.0,0
15.282956862745097,0.007407407407407408,0.6177495152743433,190521.05121566413,7.420939999999999,258048.0,0
15.10421346153846,0.007352941176470588,0.6159375497362124,96140.28240779022,7.366374264705882,130816.0,0
14.914337735849056,0.0072992700729927005,0.6163296477949662,96133.4471498645,7.31260510948905,130816.0,0
14.914337735849056,0.007246376811594203,0.6232749094301323,189601.19709591736,7.259615217391303,258048.0,0
14.914337735849056,0.007194244604316547,0.6309111734023325,189600.93112317365,7.207387769784172,258048.0,0
14.914337735849056,0.007142857142857143,0.6367959959325489,189080.62483463957,7.155906428571428,258048.0,0
14.914337735849056,0.0070921985815602835,0.6444110493883183,189080.2941919662,7.105155319148936,258048.0,0
14.718255555555556,0.007042253521126761,0.6445710168704418,95720.9866282399,7.055119014084506,130816.0,0
14.52952909090909,0.006993006993006993,0.6432338696697529,95458.13941341505,7.005782517482517,130816.0,0
14.52952909090909,0.006944444444444444,0.6501420654060851,188282.85643986496,6.95713125,258048.0,0
14.52952909090909,0.006896551724137931,0.6577249662679013,188282.52858139633,6.909151034482758,258048.0,0
14.52952909090909,0.00684931506849315,0.6653074931704308,188282.10236709408,6.8618280821917805,258048.0,0
14.52952909090909,0.006802721088435374,0.6728895170629021,188281.5450128412,6.815148979591836,258048.0,0
14.52952909090909,0.006756756756756757,0.6798575608904737,188111.11673853462,6.769100675675675,258048.0,0
14.52952909090909,0.006711409395973154,0.6874342109913525,188110.9858341426,6.723670469798657,258048.0,0
14.52952909090909,0.006666666666666667,0.6932261825208647,187627.8186896479,6.678845999999999,258048.0,0
14.52952909090909,0.006622516556291391,0.7007812900525763,187627.13497044615,6.634615231788079,258048.0,0
14.52952909090909,0.006578947368421052,0.7083381862282281,187626.93962301803,6.59096644736842,258048.0,0
14.52952909090909,0.006535947712418301,0.7158935759688754,187626.3535831743,6.547888235294117,258048.0,0
14.52952909090909,0.006493506493506494,0.7234499227962018,187626.02800706518,6.50536948051948,258048.0,0
14.52952909090909,0.0064516129032258064,0.7309621034285971,187614.37312660314,6.463399354838709,258048.0,0
14.52952909090909,0.00641025641025641,0.7377853115992147,187427.92932008597,6.421967307692307,258048.0,0
14.382023214285715,0.006369426751592357,0.7382030526933783,94923.2250462941,6.38106305732484,130816.0,0
14.241157894736844,0.006329113924050633,0.7385855733016585,94917.0717419824,6.340676582278481,130816.0,0
14.084441379310347,0.006289308176100629,0.7389925073111887,94914.06119123344,6.300798113207547,130816.0,0
14.084441379310347,0.00625,0.7459864540604069,187267.3447269378,6.261418125,258048.0,0
14.084441379310347,0.006211180124223602,0.7535289428200402,187267.18256111158,6.222527329192546,258048.0,0
14.084441379310347,0.006172839506172839,0.7610710230833152,187266.92309637382,6.184116666666666,258048.0,0
13.90349830508475,0.006134969325153374,0.7610803164718357,94790.9076820977,6.1461773006134965,130816.0,0
13.729321666666669,0.006097560975609756,0.7614821747158477,94787.4293322311,6.108700609756097,130816.0,0
13.560909836065576,0.006060606060606061,0.7619065537831125,94786.75666195116,6.071678181818181,130816.0,0
13.560909836065576,0.006024096385542169,0.7689415496198615,187032.7577729333,6.035101807228915,258048.0,0
13.560909836065576,0.005988023952095809,0.7764730927601696,187032.2401425725,5.998963473053892,258048.0,0
13.436762903225809,0.005952380952380952,0.7752412659236383,94521.89440326099,5.963255357142857,130816.0,0
13.298825396825398,0.005917159763313609,0.7756341025669438,94517.53852176142,5.927969822485206,130816.0,0
13.168114062499999,0.0058823529411764705,0.7749900379249877,94386.90208577436,5.893099411764705,130816.0,0
13.168114062499999,0.005847953216374269,0.7787001808924006,185461.5017009819,5.858636842105263,258048.0,0
13.168114062499999,0.005813953488372093,0.7861696387819975,185461.27902638842,5.824574999999999,258048.0,0
13.168114062499999,0.005780346820809248,0.7936385342311901,185460.92911025046,5.790906936416184,258048.0,0
13.168114062499999,0.005747126436781609,0.801108225937942,185460.77005789697,5.757625862068965,258048.0,0
13.168114062499999,0.005714285714285714,0.8082517034123881,185385.7913572176,5.724725142857142,258048.0,0
13.168114062499999,0.005681818181818182,0.8157176570383501,185385.47351048503,5.692198295454545,258048.0,0
13.168114062499999,0.005649717514124294,0.8231835850633761,185385.15566484237,5.660038983050847,258048.0,0
13.168114062499999,0.0056179775280898875,0.8306501995662974,185384.99674242974,5.628241011235954,258048.0,0
13.168114062499999,0.00558659217877095,0.8381163701801743,185384.7424671363,5.596798324022346,258048.0,0
13.168114062499999,0.005555555555555556,0.8455829552398844,185384.5835454321,5.5657049999999995,258048.0,0
13.168114062499999,0.0055248618784530384,0.8530477724321135,185384.04321367596,5.534955248618784,258048.0,0
13.168114062499999,0.005494505494505495,0.8605144640638946,185383.91607724992,5.504543406593406,258048.0,0
13.168114062499999,0.00546448087431694,0.8679806990086255,185383.69358892392,5.474463934426229,258048.0,0
13.168114062499999,0.005434782608695652,0.8754472162224347,185383.53466901803,5.4447114130434775,258048.0,0
13.168114062499999,0.005405405405405406,0.8829131151346487,185383.24861387408,5.41528054054054,258048.0,0
13.168114062499999,0.005376344086021506,0.8903789910064616,185382.96255961288,5.386166129032258,258048.0,0
13.168114062499999,0.0053475935828877,0.8978456135112838,185382.83542466906,5.357363101604277,258048.0,0
13.168114062499999,0.005319148936170213,0.9053117601306989,185382.61293893695,5.328866489361702,258048.0,0
13.168114062499999,0.005291005291005291,0.9127774193458792,185382.29510310316,5.3006714285714285,258048.0,0
13.168114062499999,0.005263157894736842,0.9202433685098448,185382.04083522083,5.272773157894736,258048.0,0
13.061890769230768,0.005235602094240838,0.9169318110618168,93507.57016163762,5.245167015706806,130816.0,0
12.960099999999999,0.005208333333333333,0.9173005031516427,93501.93427761672,5.2178484375,130816.0,0
12.853325373134327,0.0051813471502590676,0.9177073811657233,93500.1941560854,5.1908129533678755,130816.0,0
12.749923529411763,0.005154639175257732,0.9181178494125473,93498.82126187172,5.16405618556701,130816.0,0
12.649799999999999,0.005128205128205128,0.9185268941924445,93497.30473954842,5.137573846153845,130816.0,0
12.552828571428572,0.00510204081632653,0.9189340430186247,93495.5967154182,5.111361734693877,130816.0,0
12.458849295774648,0.005076142131979695,0.9193440021989755,93494.17606999025,5.085415736040608,130816.0,0
12.367733333333334,0.005050505050505051,0.9197537918957729,93492.7395061566,5.059731818181818,130816.0,0
12.279346575342466,0.005025125628140704,0.9201645115573389,93491.3987530745,5.034306030150753,130816.0,0
12.193552702702704,0.005,0.9205756909221774,93490.10592044971,5.009134499999999,130816.0,0
12.193552702702704,0.004975124378109453,0.9256012423474475,184115.66307535156,4.98421343283582,258048.0,0
12.193552702702704,0.0049504950495049506,0.9330164804548439,184115.47497141475,4.9595391089108904,258048.0,0
12.193552702702704,0.0049261083743842365,0.9404310628761944,184115.16146570756,4.935107881773399,258048.0,0
12.193552702702704,0.004901960784313725,0.9478464270262907,184115.0047132543,4.910916176470588,258048.0,0
12.193552702702704,0.004878048780487805,0.955077684588037,184079.36613552374,4.886960487804878,258048.0,0
12.193552702702704,0.0048543689320388345,0.962491758448374,184079.2407822959,4.863237378640776,258048.0,0
12.193552702702704,0.004830917874396135,0.9699059873311696,184079.14676748705,4.8397434782608695,258048.0,0
12.193552702702704,0.004807692307692308,0.9773200422584606,184079.02141455797,4.81647548076923,258048.0,0
12.193552702702704,0.004784688995215311,0.9847340870882159,184078.8960617996,4.793430143540669,258048.0,0
12.193552702702704,0.004761904761904762,0.9921481218204563,184078.770709212,4.770604285714286,258048.0,0
12.193552702702704,0.004739336492890996,0.9995614657822214,184078.5200045489,4.7479947867298575,258048.0,0
12.193552702702704,0.0047169811320754715,1.0069754752712305,184078.39465247342,4.72559858490566,258048.0,0
12.193552702702704,0.004694835680751174,1.0112081305480298,183500.96015716376,4.703412676056337,258048.0,0
12.193552702702704,0.004672897196261682,1.018594894271155,183500.11933517284,4.681434112149533,258048.0,0
12.193552702702704,0.004651162790697674,1.0259848985217956,183499.8702042109,4.65966,258048.0,0
12.193552702702704,0.004629629629629629,1.0333748827062221,183499.6210739254,4.638087499999999,258048.0,0
12.193552702702704,0.004608294930875576,1.0407643169490197,183499.27852088737,4.616713824884792,258048.0,0
12.193552702702704,0.0045871559633027525,1.0478700837283037,183449.2794979125,4.59553623853211,258048.0,0
12.193552702702704,0.0045662100456621,1.0552581798365455,183449.06162905772,4.57455205479452,258048.0,0
12.193552702702704,0.004545454545454545,1.0626469795528495,183448.9682568498,4.553758636363636,258048.0,0
12.193552702702704,0.004524886877828055,1.0700355902048921,183448.84376072043,4.533153393665158,258048.0,0
12.193552702702704,0.0045045045045045045,1.0774236424403725,183448.62589290063,4.5127337837837835,258048.0,0
12.193552702702704,0.004484304932735426,1.084810756882296,183448.2524064135,4.49249730941704,258048.0,0
12.193552702702704,0.004464285714285714,1.092197470641698,183447.81667410058,4.472441517857143,258048.0,0
12.193552702702704,0.0044444444444444444,1.0995850820838498,183447.5365615639,4.452564,258048.0,0
12.193552702702704,0.004424778761061947,1.1069711685045516,183447.00746243968,4.432862389380531,258048.0,0
12.139688,0.004405286343612335,1.104994107782355,92707.45771391057,4.413334361233479,130816.0,0
12.08832894736842,0.0043859649122807015,1.1053465362449875,92701.76093643485,4.393977631578947,130816.0,0
12.03493896103896,0.004366812227074236,1.1057565703629824,92700.89784940776,4.3747899563318775,130816.0,0
11.983015384615385,0.004347826086956522,1.1061695928442716,92700.28585198145,4.3557691304347825,130816.0,0
11.932558227848101,0.004329004329004329,1.1065788635032046,92699.36002508001,4.336912987012987,130816.0,0
11.88354,0.004310344827586207,1.1069858773691021,92698.24591891922,4.318219396551724,130816.0,0
11.781482716049382,0.004291845493562232,1.107395505773389,92697.35151504277,4.299686266094421,130816.0,0
11.681943902439023,0.004273504273504274,1.107807188991663,92696.62972800774,4.281311538461538,130816.0,0
11.584898795180722,0.00425531914893617,1.1082179278574353,92695.82949899953,4.263093191489362,130816.0,0
11.485711904761903,0.00423728813559322,1.1086299732253986,92695.13911644729,4.2450292372881355,130816.0,0
11.38920588235294,0.004219409282700422,1.109025492917528,92693.0680304914,4.227117721518987,130816.0,0
11.295549999999999,0.004201680672268907,1.1094012781786189,92689.34972204412,4.209356722689075,130816.0,0
11.204762068965517,0.0041841004184100415,1.1097682052881854,92684.8944204335,4.191744351464434,130816.0,0
11.204762068965517,0.004166666666666667,1.1152765975067782,182699.95733224112,4.17427875,258048.0,0
11.204762068965517,0.004149377593360996,1.1226342466068768,182699.71036923816,4.156958091286307,258048.0,0
11.204762068965517,0.004132231404958678,1.1299914939523215,182699.40166642336,4.139780578512396,258048.0,0
11.204762068965517,0.00411522633744856,1.1373498694829671,182699.27818558953,4.122744444444444,258048.0,0
11.204762068965517,0.004098360655737705,1.1447061074726743,182698.81513394928,4.105847950819672,258048.0,0
11.204762068965517,0.004081632653061225,1.152064449435119,182698.6916539083,4.089089387755101,258048.0,0
11.115184090909091,0.0040650406504065045,1.1497851250602853,92312.99673056575,4.072467073170731,130816.0,0
11.028495505617977,0.004048582995951417,1.1501368030362589,92307.62839676066,4.0559793522267205,130816.0,0
10.94389,0.004032258064516129,1.150540218124741,92306.41477304714,4.0396245967741935,130816.0,0
10.94389,0.004016064257028112,1.156789648093156,182085.97758057015,4.023401204819277,258048.0,0
10.94389,0.004,1.1641231033683845,182085.82426429886,4.0073076,258048.0,0
10.94389,0.00398406374501992,1.1714567435670873,182085.70161146775,3.9913422310756967,258048.0,0
10.94389,0.003968253968253968,1.1787889843324528,182085.36431703417,3.975503571428571,258048.0,0
10.94389,0.003952569169960474,1.1861213976752834,182085.0576868153,3.9597901185770747,258048.0,0
10.94389,0.003937007874015748,1.193452379490456,182084.53641781327,3.944200393700787,258048.0,0
10.94389,0.00392156862745098,1.2007859480641996,182084.41376671713,3.92873294117647,258048.0,0
10.94389,0.00390625,1.206507524282861,181841.33776168467,3.9133863281249996,258048.0,0
10.852023076923077,0.0038910505836575876,1.2063471109132842,92051.36141252093,3.898159143968871,130816.0,0
10.762859782608695,0.003875968992248062,1.2067072903884484,92046.99817425801,3.8830499999999994,130816.0,0
10.67578817204301,0.003861003861003861,1.2071065929491644,92045.62120975532,3.8680575289575287,130816.0,0
10.590677659574467,0.0038461538461538464,1.20751095753116,92044.63105849805,3.8531803846153845,130816.0,0
10.590677659574467,0.0038314176245210726,1.2138379038695013,181592.32224318717,3.83841724137931,258048.0,0
10.590677659574467,0.003816793893129771,1.2211504040239185,181592.0172712761,3.8237667938931295,258048.0,0
10.590677659574467,0.0038022813688212928,1.2284628796166872,181591.71230038936,3.8092277566539923,258048.0,0
10.590677659574467,0.003787878787878788,1.233072658552223,181194.26230162015,3.7947988636363634,258048.0,0
10.590677659574467,0.0037735849056603774,1.2403678499869795,181193.77648395085,3.780478867924528,258048.0,0
10.590677659574467,0.0037593984962406013,1.2469337521549198,181087.38447975443,3.766266541353383,258048.0,0
10.590677659574467,0.003745318352059925,1.2540964844090727,181068.4012195028,3.752160674157303,258048.0,0
10.590677659574467,0.0037313432835820895,1.2613890869081044,181068.27993351215,3.7381600746268653,258048.0,0
10.590677659574467,0.0037174721189591076,1.268614336000418,181058.54726245528,3.724263568773234,258048.0,0
10.528975789473684,0.003703703703703704,1.268545593749142,91664.00185329633,3.7104699999999995,130816.0,0
10.469169791666667,0.0036900369003690036,1.2689047200137384,91659.9207282434,3.6967782287822875,130816.0,0
10.469169791666667,0.003676470588235294,1.2755782745684434,180893.9478396279,3.683187132352941,258048.0,0
10.469169791666667,0.003663003663003663,1.2828627634185,180893.67547197084,3.669695604395604,258048.0,0
10.469169791666667,0.0036496350364963502,1.2899540843753543,180866.3218320435,3.656302554744525,258048.0,0
10.469169791666667,0.0036363636363636364,1.2972378730851766,180866.11005516123,3.643006909090909,258048.0,0
10.469169791666667,0.0036231884057971015,1.3041204809346405,180810.27877111218,3.6298076086956517,258048.0,0
10.469169791666667,0.0036101083032490976,1.3114028732882932,180810.18806576834,3.6167036101083028,258048.0,0
10.469169791666667,0.0035971223021582736,1.317187709490518,180604.76257670025,3.603693884892086,258048.0,0
10.469169791666667,0.0035842293906810036,1.3235454750058921,180479.71883589835,3.5907774193548385,258048.0,0
10.469169791666667,0.0035714285714285713,1.330813877469539,180479.5380880099,3.577953214285714,258048.0,0
10.469169791666667,0.0035587188612099642,1.3380827120646586,180479.41758961874,3.5652202846975087,258048.0,0
10.419997938144329,0.0035460992907801418,1.338433494678945,91401.35884261857,3.552577659574468,130816.0,0
10.3628,0.0035335689045936395,1.3387538566576231,91394.9367456367,3.5400243816254413,130816.0,0
10.3628,0.0035211267605633804,1.3460052012151098,180455.80301093846,3.527559507042253,258048.0,0
10.3628,0.0035087719298245615,1.3532710370825676,180455.41149475318,3.5151821052631576,258048.0,0
10.3628,0.0034965034965034965,1.360537068484495,180455.05009670538,3.5028912587412586,258048.0,0
10.30639898989899,0.003484320557491289,1.360934884760707,183140.7972784974,3.49068606271777,261888.0,0
10.30639898989899,0.003472222222222222,1.3675847907631664,180371.24485565987,3.478565625,258048.0,0
10.257593,0.0034602076124567475,1.3667577926498036,182891.88417801654,3.4665290657439445,261888.0,0
10.208794059405939,0.0034482758620689655,1.367056563128891,182876.49242981253,3.454575517241379,261888.0,0
10.15705294117647,0.003436426116838488,1.367429110358659,182870.9764140764,3.44270412371134,261888.0,0
10.15705294117647,0.003424657534246575,1.3734508897773743,180024.96071243405,3.4309140410958903,258048.0,0
10.15705294117647,0.0034129692832764505,1.3806988591766465,180024.51111768576,3.419204436860068,258048.0,0
10.15705294117647,0.003401360544217687,1.3879481788763373,180024.24136191467,3.407574489795918,258048.0,0
10.15705294117647,0.003389830508474576,1.3951986383046737,180024.12147072036,3.3960233898305083,258048.0,0
10.15705294117647,0.0033783783783783786,1.4017295831353223,179931.64303373697,3.3845503378378377,258048.0,0
10.15705294117647,0.003367003367003367,1.4086033701879375,179883.8982281628,3.373154545454545,258048.0,0
10.15705294117647,0.003355704697986577,1.4158479280232497,179883.7485977653,3.3618352348993286,258048.0,0
10.15705294117647,0.0033444816053511705,1.4230927105564932,179883.62889362653,3.3505916387959864,258048.0,0
10.15705294117647,0.0033333333333333335,1.4303372454923098,179883.47926367712,3.3394229999999996,258048.0,0
10.15705294117647,0.0033222591362126247,1.4375822466966552,179883.38948582695,3.328328571428571,258048.0,0
10.117121359223301,0.0033112582781456954,1.4366833996730959,182396.29452756298,3.3173076158940393,261888.0,0
10.078750961538463,0.0033003300330033004,1.4370108382320899,182385.47224861593,3.3063594059405936,261888.0,0
10.039440952380952,0.003289473684210526,1.4374089479283214,182383.62319216336,3.29548322368421,261888.0,0
9.994708490566039,0.003278688524590164,1.437808244356411,182381.9257307232,3.2846783606557373,261888.0,0
9.94707476635514,0.0032679738562091504,1.4358660370718446,182083.30131625757,3.2739441176470585,261888.0,0
9.901002777777776,0.003257328990228013,1.436201540596356,182073.60366875972,3.2632798045602605,261888.0,0
9.845655045871558,0.003246753246753247,1.436600407871037,182071.94218172407,3.25268474025974,261888.0,0
9.79144,0.003236245954692557,1.436996406850447,182069.9182293947,3.2421582524271844,261888.0,0
9.738313513513512,0.0032258064516129032,1.4373938279106624,182068.07556566072,3.2316996774193547,261888.0,0
9.738313513513512,0.003215434083601286,1.4430751445995353,179204.0425474084,3.221308360128617,258048.0,0
9.738313513513512,0.003205128205128205,1.450291332256612,179203.77524487677,3.2109836538461534,258048.0,0
9.738313513513512,0.003194888178913738,1.4575050828019904,179203.2109421509,3.2007249201277954,258048.0,0
9.738313513513512,0.0031847133757961785,1.4647212154483005,179202.94364210014,3.19053152866242,258048.0,0
9.738313513513512,0.0031746031746031746,1.4719361068223942,179202.5278436061,3.1804028571428566,258048.0,0
9.738313513513512,0.0031645569620253164,1.4791534161594817,179202.4090443908,3.1703382911392404,258048.0,0
9.738313513513512,0.0031545741324921135,1.486370715927395,179202.290245333,3.160337223974763,258048.0,0
9.738313513513512,0.0031446540880503146,1.4935877585894404,179202.14174673223,3.1503990566037734,258048.0,0
9.738313513513512,0.003134796238244514,1.5004832469880376,179163.5998331097,3.1405231974921626,258048.0,0
9.738313513513512,0.003125,1.5076979703104003,179163.36233805184,3.1307090625,258048.0,0
9.738313513513512,0.003115264797507788,1.5149126745054529,179163.1248436236,3.120956074766355,258048.0,0
9.738313513513512,0.003105590062111801,1.521823253438015,179127.09236006238,3.111263664596273,258048.0,0
9.738313513513512,0.0030959752321981426,1.5290359717537543,179126.79561230956,3.101631269349845,258048.0,0
9.738313513513512,0.0030864197530864196,1.5348815308591257,505.80761027221763,3.092058333333333,981.0,0
9.672305357142857,0.003076923076923077,1.5335659052224955,181577.08470434605,3.0825443076923076,261888.0,0
9.672305357142857,0.003067484662576687,1.5407543954953102,178909.9877243199,3.0730886503067483,258048.0,0
9.672305357142857,0.0030581039755351682,1.5479588528404535,178909.75090115023,3.0636908256880733,258048.0,0
9.672305357142857,0.003048780487804878,1.5551630337916968,178909.48447583374,3.0543503048780485,258048.0,0
9.672305357142857,0.00303951367781155,1.5623671932866101,178909.21805131077,3.045066565349544,258048.0,0
9.672305357142857,0.0030303030303030303,1.5695715910293893,178908.9812301787,3.0358390909090907,258048.0,0
9.672305357142857,0.0030211480362537764,1.5767759696993513,178908.7444096736,3.0266673716012082,258048.0,0
9.672305357142857,0.0030120481927710845,1.5839811155595973,178908.5963971763,3.0175509036144574,258048.0,0
9.672305357142857,0.003003003003003003,1.5911838799838114,178908.1819634867,3.0084891891891887,258048.0,0
9.607742477876107,0.0029940119760479044,1.5915876140929175,181572.3077396548,2.999481736526946,261888.0,0
9.544490350877192,0.0029850746268656717,1.5919710622657846,181569.1833200995,2.990528059701492,261888.0,0
9.482468695652173,0.002976190476190476,1.592363191549855,181567.050364664,2.9816276785714284,261888.0,0
9.482468695652173,0.002967359050445104,1.5981301491426452,178741.23270169107,2.9727801186943617,258048.0,0
9.482468695652173,0.0029585798816568047,1.6053285312025984,178741.0849662312,2.963984911242603,258048.0,0
9.482468695652173,0.0029498525073746312,1.6115313778999556,178630.58819020307,2.9552415929203537,258048.0,0
9.482468695652173,0.0029411764705882353,1.618512187097533,178606.9238667493,2.9465497058823527,258048.0,0
9.482468695652173,0.002932551319648094,1.6255354452250697,178588.13260574816,2.9379087976539586,258048.0,0
9.482468695652173,0.0029239766081871343,1.632725481560516,178587.74915179663,2.9293184210526313,258048.0,0
9.482468695652173,0.0029154518950437317,1.6397164323253475,178565.68857416054,2.920778134110787,258048.0,0
9.482468695652173,0.0029069767441860465,1.646906622518153,178565.42317258596,2.9122874999999997,258048.0,0
9.482468695652173,0.002898550724637681,1.6530108588831791,178447.927812195,2.9038460869565217,258048.0,0
9.452353448275861,0.002890173410404624,1.6531685502471027,181078.3958760641,2.895453468208092,261888.0,0
9.420571794871794,0.002881844380403458,1.6535368020088503,181073.85426199206,2.887109221902017,261888.0,0
9.420571794871794,0.0028735632183908046,1.6607056086734195,178414.3314313284,2.8788129310344823,258048.0,0
9.420571794871794,0.0028653295128939827,1.6678907739396336,178414.18423576327,2.8705641833810884,258048.0,0
9.420571794871794,0.002857142857142857,1.6750762037444047,178414.06647948603,2.862362571428571,258048.0,0
9.420571794871794,0.002849002849002849,1.682258015533771,178413.5660170419,2.8542076923076922,258048.0,0
9.420571794871794,0.002840909090909091,1.689442295902256,178413.330506275,2.8460991477272723,258048.0,0
9.420571794871794,0.0028328611898017,1.6966251575610833,178412.94780260487,2.838036543909348,258048.0,0
9.420571794871794,0.002824858757062147,1.7026224330269113,178288.420844005,2.8300194915254235,258048.0,0
9.420571794871794,0.0028169014084507044,1.7095425972401328,178261.17343323573,2.8220476056338026,258048.0,0
9.420571794871794,0.0028089887640449437,1.7167209881752377,178260.9677131643,2.814120505617977,258048.0,0
9.420571794871794,0.0028011204481792717,1.7238999309543255,178260.82077054688,2.80623781512605,258048.0,0
9.420571794871794,0.002793296089385475,1.7310780057299486,178260.58566286287,2.798399162011173,258048.0,0
9.420571794871794,0.002785515320334262,1.7382569212884493,178260.43872087527,2.7906041782729805,258048.0,0
9.420571794871794,0.002777777777777778,1.745433810723296,178260.08606109346,2.7828524999999997,258048.0,0
9.420571794871794,0.002770083102493075,1.7523574276330203,503.33005884938984,2.7751437673130193,981.0,0
9.420571794871794,0.0027624309392265192,1.7595123501492045,503.32939510041274,2.767477624309392,981.0,0
9.39137627118644,0.0027548209366391185,1.7592810435782176,180825.07135606848,2.759853719008264,261888.0,0
9.363501680672268,0.0027472527472527475,1.7595652312410748,180812.23008621798,2.752271703296703,261888.0,0
9.336398333333333,0.0027397260273972603,1.7599244776921577,180807.10600506843,2.744731232876712,261888.0,0
9.309997520661158,0.00273224043715847,1.7602924044685981,180802.87587785744,2.7372319672131145,261888.0,0
9.273273770491803,0.0027247956403269754,1.7606565430218037,180798.25871141852,2.7297735694822887,261888.0,0
9.273273770491803,0.002717391304347826,1.7666342131748893,178023.9706961251,2.7223557065217387,258048.0,0
9.273273770491803,0.0027100271002710027,1.7738003580205448,178023.50173006734,2.7149780487804875,258048.0,0
9.273273770491803,0.002702702702702703,1.7809691041188827,178023.29655819404,2.70764027027027,258048.0,0
9.273273770491803,0.0026954177897574125,1.7879055795198167,177999.96866930992,2.70034204851752,258048.0,0
9.273273770491803,0.002688172043010753,1.795073952736659,177999.8221566665,2.693083064516129,258048.0,0
9.273273770491803,0.002680965147453083,1.802071142217252,177982.76973278978,2.685863002680965,258048.0,0
9.273273770491803,0.00267379679144385,1.8092376199057438,177982.5060611662,2.6786815508021387,258048.0,0
9.273273770491803,0.0026666666666666666,1.8159536389578832,502.4942944179411,2.6715383999999998,981.0,0
9.244247967479675,0.0026595744680851063,1.8162313469824327,180577.77342916303,2.664433244680851,261888.0,0
9.213292741935485,0.002652519893899204,1.8165825454738127,180572.06836741057,2.6573657824933683,261888.0,0
9.1815344,0.0026455026455026454,1.8169672064598392,180569.6913647386,2.6503357142857142,261888.0,0
9.142857142857142,0.002638522427440633,1.81735395056814,180567.5224044061,2.6433427440633244,261888.0,0
9.142857142857142,0.002631578947368421,1.8244707693559226,502.4219480875917,2.636386578947368,981.0,0
9.142857142857142,0.0026246719160104987,1.8314042451478971,177892.02495919462,2.629466929133858,258048.0,0
9.142857142857142,0.002617801047120419,1.838567328052536,177891.7908233111,2.622583507853403,258048.0,0
9.142857142857142,0.0026109660574412533,1.8454374877431035,502.2830188896505,2.6157360313315925,981.0,0
9.142857142857142,0.0026041666666666665,1.8471418267748814,502.28268839425493,2.60892421875,981.0,0
9.142857142857142,0.0025974025974025974,1.8533934530684641,177777.78137884533,2.602147792207792,258048.0,0
9.142857142857142,0.0025906735751295338,1.8605506832583627,177777.43062619705,2.5954064766839378,258048.0,0
9.142857142857142,0.002583979328165375,1.8672931134089759,177737.5999758035,2.5887,258048.0,0
9.142857142857142,0.002577319587628866,1.874446849796007,177737.07408515437,2.582028092783505,258048.0,0
9.142857142857142,0.002570694087403599,1.881432303624101,177720.6561757183,2.5753904884318763,258048.0,0
9.118037007874015,0.002564102564102564,1.8813836890971263,180324.12808049982,2.5687869230769227,261888.0,0
9.094042968750001,0.0025575447570332483,1.881712550090497,180316.5427652902,2.5622171355498717,261888.0,0
9.07047441860465,0.002551020408163265,1.882105088290035,180315.06133290392,2.5556808673469384,261888.0,0
9.037931538461537,0.002544529262086514,1.8824917429898418,180313.01699618498,2.54917786259542,261888.0,0
9.005970229007632,0.0025380710659898475,1.882881792080594,180311.2986040777,2.542707868020304,261888.0,0
8.974607575757574,0.002531645569620253,1.8832659544006012,180309.01734102148,2.536270632911392,261888.0,0
8.942321804511279,0.0025252525252525255,1.88365970145585,1.3783144803721903,2.529865909090909,255.0,0
8.942321804511279,0.0025188916876574307,1.8888011509412934,177471.9837075206,2.523493450881612,258048.0,0
8.942321804511279,0.002512562814070352,1.895945377807752,177471.57590279815,2.5171530150753765,258048.0,0
8.942321804511279,0.002506265664160401,1.9026807830384296,177433.04681156634,2.5108443609022553,258048.0,0
8.942321804511279,0.0025,1.9098259177619843,177432.87211456572,2.5045672499999996,258048.0,0
8.942321804511279,0.0024937655860349127,1.9169700947115178,177432.6100697098,2.4983214463840397,258048.0,0
8.942321804511279,0.0024875621890547263,1.924114566298878,177432.37714159876,2.49210671641791,258048.0,0
8.911838059701491,0.0024813895781637717,1.9244831782662275,180071.6966119745,2.485922828784119,261888.0,0
8.882088148148148,0.0024752475247524753,1.9248328246561168,180066.28940223253,2.4797695544554452,261888.0,0
8.851480147058822,0.0024691358024691358,1.9252206734658548,180064.45752503752,2.4736466666666663,261888.0,0
8.851480147058822,0.0024630541871921183,1.9323532788345497,177420.3821705799,2.4675539408866993,258048.0,0
8.82037810218978,0.002457002457002457,1.932758803877327,180062.98023186842,2.4614911547911547,261888.0,0
8.82037810218978,0.0024509803921568627,1.9399040285743867,177420.09105066626,2.455458088235294,258048.0,0
8.787326811594204,0.0024449877750611247,1.9402958554883798,1.376432161809959,2.4494545232273834,255.0,0
8.787326811594204,0.0024390243902439024,1.9472825328056402,177404.11003324387,2.443480243902439,258048.0,0
8.765489928057553,0.0024330900243309003,1.9453226456178128,179827.809179213,2.43753503649635,261888.0,0
8.743197857142858,0.0024271844660194173,1.945586069979067,1.3745450672434487,2.431618689320388,255.0,0
8.716442553191488,0.002421307506053269,1.9459345843046576,179809.15755640497,2.425730992736077,261888.0,0
8.688002816901408,0.0024154589371980675,1.9462926446567606,179804.6499248504,2.4198717391304347,261888.0,0
8.65775034965035,0.0024096385542168677,1.9442271381346383,179576.2942220503,2.414040722891566,261888.0,0
8.65775034965035,0.002403846153846154,1.9509788691477132,176906.6202276207,2.408237740384615,258048.0,0
8.65775034965035,0.002398081534772182,1.9580976317375969,176905.98346891094,2.4024625899280574,258048.0,0
8.65775034965035,0.0023923444976076554,1.9648131315551856,499.47480521248,2.3967150717703345,981.0,0
8.65775034965035,0.002386634844868735,1.9719123279151258,499.47398818779527,2.3909949880668258,981.0,0
8.65775034965035,0.002380952380952381,1.979011501049834,499.47317116578347,2.385302142857143,981.0,0
8.65775034965035,0.0023752969121140144,1.9861113007205862,499.47251755009853,2.379636342042755,981.0,0
8.65775034965035,0.002369668246445498,1.9924739661630109,499.47145542825893,2.3739973933649288,981.0,0
8.65775034965035,0.002364066193853428,1.9993582428663699,176848.60717590136,2.3683851063829784,258048.0,0
8.65775034965035,0.0023584905660377358,2.006196903226524,176823.50409838412,2.36279929245283,258048.0,0
8.64125138888889,0.002352941176470588,2.004851862370415,179300.7818947792,2.357239764705882,261888.0,0
8.625771034482758,0.002347417840375587,2.0050950690588563,179286.25224643544,2.3517063380281686,261888.0,0
8.610156164383561,0.00234192037470726,2.0054325895282745,179280.1598688845,2.3461988290398126,261888.0,0
8.594104761904761,0.002336448598130841,2.005786143247334,179275.50299411468,2.3407170560747663,261888.0,0
8.562835135135135,0.002331002331002331,2.003710545348933,179053.77634446148,2.335260839160839,261888.0,0
8.530772483221476,0.002325581395348837,2.0039685491557226,1.3686290473234295,2.32983,255.0,0
8.499238666666667,0.002320185614849188,2.0043461940358824,1.3686102906878759,2.3244243619489557,255.0,0
8.468174172185432,0.0023148148148148147,2.0047336406632814,1.3685982331222122,2.3190437499999996,255.0,0
8.435092105263157,0.0023094688221709007,2.0051207533320565,179034.9928394273,2.3136879907621246,261888.0,0
8.435092105263157,0.002304147465437788,2.009379932908673,176157.76000349293,2.308356912442396,258048.0,0
8.435092105263157,0.0022988505747126436,2.0164722941878837,176157.47301237468,2.303050344827586,258048.0,0
8.435092105263157,0.0022935779816513763,2.0235659510496493,176157.3008181526,2.297768119266055,258048.0,0
8.435092105263157,0.002288329519450801,2.03065992487189,176157.15732322467,2.2925100686498854,258048.0,0
8.435092105263157,0.00228310502283105,2.0377532231688944,176156.95643071833,2.28727602739726,258048.0,0
8.435092105263157,0.002277904328018223,2.0445724865003725,497.3963970259688,2.2820658314350797,981.0,0
8.435092105263157,0.0022727272727272726,2.0516400066735203,497.39510064443255,2.276879318181818,981.0,0
8.435092105263157,0.0022675736961451248,2.058470825115853,176111.99673728712,2.271716326530612,258048.0,0
8.435092105263157,0.0022624434389140274,2.065243728658845,497.25934209637063,2.266576696832579,981.0,0
8.435092105263157,0.002257336343115124,2.0723112724264423,497.2585323035709,2.261460270880361,981.0,0
8.435092105263157,0.0022522522522522522,2.07774673233712,175945.87099805012,2.2563668918918918,258048.0,0
8.435092105263157,0.0022471910112359553,2.084831129923272,175945.64195707382,2.251296404494382,258048.0,0
8.435092105263157,0.002242152466367713,2.0919144878698077,175945.3270267051,2.24624865470852,258048.0,0
8.435092105263157,0.0022371364653243847,2.098996454259022,175944.89757801918,2.2412234899328856,258048.0,0
8.435092105263157,0.002232142857142857,2.1060800995847866,175944.6112800599,2.2362207589285714,258048.0,0
8.435092105263157,0.0022271714922048997,2.1131650972742273,175944.4395017316,2.2312403118040085,258048.0,0
8.435092105263157,0.0022222222222222222,2.120248356095988,175944.12457566746,2.226282,258048.0,0
8.435092105263157,0.0022172949002217295,2.1273315895608933,175943.80965073072,2.2213456762749444,258048.0,0
8.435092105263157,0.0022123893805309734,2.134409240719009,175943.03665793844,2.2164311946902653,258048.0,0
8.435092105263157,0.002207505518763797,2.1409726282890644,175900.01743593498,2.211538410596026,258048.0,0
8.435092105263157,0.0022026431718061676,2.1480561456457377,175899.87435985866,2.2066671806167397,258048.0,0
8.435092105263157,0.002197802197802198,2.1551382490983944,175899.61682350785,2.2018173626373625,258048.0,0
8.435092105263157,0.0021929824561403508,2.1622220905471905,175899.50236314954,2.1969888157894735,258048.0,0
8.435092105263157,0.002188183807439825,2.169304511180799,175899.2734428798,2.1921814004376365,258048.0,0
8.435092105263157,0.002183406113537118,2.1763879755319007,175899.13036801384,2.1873949781659388,258048.0,0
8.435092105263157,0.002178649237472767,2.1834717835626822,175899.01590828862,2.182629411764706,258048.0,0
8.435092105263157,0.002173913043478261,2.190555582374428,175898.90144871236,2.1778845652173913,258048.0,0
8.435092105263157,0.0021691973969631237,2.1976386569528494,175898.72975962728,2.1731603036876352,258048.0,0
8.435092105263157,0.0021645021645021645,2.204722076363178,175898.5866856457,2.1684564935064934,258048.0,0
8.435092105263157,0.0021598272138228943,2.2113005340792746,496.6197805536432,2.163773002159827,981.0,0
8.435092105263157,0.0021551724137931034,2.214939152381313,496.6194574688984,2.159109698275862,981.0,0
8.435092105263157,0.002150537634408602,2.2220007565297637,175858.16330321127,2.154466451612903,258048.0,0
8.435092105263157,0.002145922746781116,2.229079984758683,175857.82008441014,2.1498431330472103,258048.0,0
8.435092105263157,0.0021413276231263384,2.2361606401084613,175857.59127262034,2.1452396145610275,258048.0,0
8.435092105263157,0.002136752136752137,2.241213508160131,175698.396910432,2.140655769230769,258048.0,0
8.435092105263157,0.0021321961620469083,2.2482877288068175,175698.16851331064,2.1360914712153516,258048.0,0
8.435092105263157,0.002127659574468085,2.2553633969764424,175698.05431497263,2.131546595744681,258048.0,0
8.435092105263157,0.0021231422505307855,2.261582071039655,175631.3878343085,2.12702101910828,258048.0,0
8.435092105263157,0.00211864406779661,2.2686539357048603,175631.18813920414,2.1225146186440678,258048.0,0
8.435092105263157,0.0021141649048625794,2.2748762840493018,175565.42757262386,2.1180272727272724,258048.0,0
8.435092105263157,0.002109704641350211,2.281945477692478,175565.22802748653,2.1135588607594933,258048.0,0
8.435092105263157,0.002105263157894737,2.2890157702630756,175565.11400189745,2.1091092631578947,258048.0,0
8.413703267973856,0.0021008403361344537,2.2890680771492975,178152.9474093489,2.1046783613445377,261888.0,0
8.392933766233766,0.0020964360587002098,2.2893853272882883,178146.26664779213,2.100266037735849,261888.0,0
8.371473548387096,0.0020920502092050207,2.289727457300646,1.3617560639855588,2.095872175732217,255.0,0
8.34923076923077,0.0020876826722338203,2.29009521987132,178138.77669277228,2.0914966597077242,261888.0,0
8.326001910828024,0.0020833333333333333,2.2904748690326344,1.3617211375163993,2.087139375,255.0,0
8.295785443037975,0.002079002079002079,2.2908481886533587,178134.64158205877,2.082800207900208,261888.0,0
8.266098742138364,0.002074688796680498,2.291204390207035,178130.998217029,2.0784790456431534,261888.0,0
8.2370075,0.002070393374741201,2.291545698545126,178126.19845568744,2.0741757763975155,261888.0,0
8.208354037267082,0.002066115702479339,2.29192084181767,356594.5928318734,2.069890289256198,524032.0,0
8.17789012345679,0.002061855670103093,2.292301929194956,356591.1778423725,2.065622474226804,524032.0,0
8.147867484662576,0.00205761316872428,2.2926826371366094,356587.70503877377,2.061372222222222,524032.0,0
8.118426219512195,0.002053388090349076,2.2930261187958365,356578.4445598654,2.0571394250513344,524032.0,0
8.089565454545454,0.0020491803278688526,2.2933680937014094,356568.95306814206,2.052923975409836,524032.0,0
8.061290361445783,0.002044989775051125,2.2937055831247757,356558.76763911365,2.0487257668711654,524032.0,0
8.0315874251497,0.0020408163265306124,2.2940642755051015,1.3614592460938382,2.0445446938775507,255.0,0
8.00223988095238,0.002036659877800407,2.294443807187352,356548.235591522,2.040380651731161,524032.0,0
7.973344970414201,0.0020325203252032522,2.2948117855583905,356542.79620620486,2.0362335365853657,524032.0,0
7.937219411764706,0.002028397565922921,2.295147346593807,356532.3229636174,2.0321032454361054,524032.0,0
7.937219411764706,0.0020242914979757085,2.3020191448277743,175464.088549379,2.0279896761133602,258048.0,0
7.937219411764706,0.00202020202020202,2.309084976614124,175463.94618158782,2.023892727272727,258048.0,0
7.937219411764706,0.0020161290322580645,2.316150421079723,175463.77534054333,2.0198122983870967,258048.0,0
7.937219411764706,0.002012072434607646,2.3194790086535115,175181.37503540015,2.0157482897384305,258048.0,0
7.937219411764706,0.002008032128514056,2.3265308030868215,175181.0344532609,2.0117006024096384,258048.0,0
7.937219411764706,0.002004008016032064,2.3335810578116494,175180.5803458019,2.007669138276553,258048.0,0
7.937219411764706,0.002,2.3406305175588247,175180.06947772464,2.0036538,258048.0,0
7.937219411764706,0.001996007984031936,2.3476837397359125,175179.8424262023,1.9996544910179639,258048.0,0
7.937219411764706,0.00199203187250996,2.3547319841739807,175179.24641875637,1.9956711155378484,258048.0,0
7.937219411764706,0.0019880715705765406,2.3617855375737116,175179.04775050897,1.9917035785288268,258048.0,0
7.937219411764706,0.001984126984126984,2.368833318282236,175178.4233675221,1.9877517857142855,258048.0,0
7.937219411764706,0.0019801980198019802,2.375886822549986,175178.2247011415,1.9838156435643564,258048.0,0
7.937219411764706,0.001976284584980237,2.3829368362556074,175177.77060824938,1.9798950592885374,258048.0,0
7.937219411764706,0.0019723865877712033,2.38982452348384,494.6627626564161,1.9759899408284023,981.0,0
7.937219411764706,0.001968503937007874,2.396855412906221,494.66212156999586,1.9721001968503935,981.0,0
7.937219411764706,0.0019646365422396855,2.4014042362189585,174984.11614354493,1.9682257367387033,258048.0,0
7.937219411764706,0.00196078431372549,2.408444812962049,174983.54978500697,1.964366470588235,258048.0,0
7.937219411764706,0.0019569471624266144,2.4154378246535724,494.13778911588844,1.9605223091976516,981.0,0
7.937219411764706,0.001953125,2.4216467074294377,494.1371493894841,1.9566931640624998,981.0,0
7.924116959064327,0.001949317738791423,2.421653896275159,355462.21332279244,1.952878947368421,524032.0,0
7.908306976744186,0.0019455252918287938,2.4219576868641517,355447.83522820764,1.9490795719844356,524032.0,0
7.892737572254336,0.001941747572815534,2.422339050862584,355444.8447306628,1.9452949514563105,524032.0,0
7.8725408045977,0.001937984496124031,2.4227235442878228,355442.3143489663,1.9415249999999997,524032.0,0
7.852649714285713,0.0019342359767891683,2.4192131090007094,354868.4472506555,1.9377696324951643,524032.0,0
7.833506818181818,0.0019305019305019305,2.4194527896652063,354844.77454679075,1.9340287644787644,524032.0,0
7.814757062146892,0.0019267822736030828,2.4197920980811247,354835.7189965311,1.9303023121387282,524032.0,0
7.796362359550562,0.0019230769230769232,2.4201403795305048,354827.9820254423,1.9265901923076922,524032.0,0
7.778311173184358,0.0019193857965451055,2.4204894276603715,354820.36000607925,1.9228923224568137,524032.0,0
7.760178333333334,0.0019157088122605363,2.42081656598759,1.3548062418641609,1.919208620689655,255.0,0
7.734009392265194,0.0019120458891013384,2.4211425112963125,354798.5273119924,1.9155390057361374,524032.0,0
7.708198901098901,0.0019083969465648854,2.4214778217767803,1.3547274753314706,1.9118833969465647,255.0,0
7.708198901098901,0.0019047619047619048,2.422646368960919,174199.25045081505,1.9082417142857142,258048.0,0
7.708198901098901,0.0019011406844106464,2.4296607779282327,174199.08206364425,1.9046138783269961,258048.0,0
7.708198901098901,0.0018975332068311196,2.436671247717256,174198.6330327803,1.9009998102466792,258048.0,0
7.708198901098901,0.001893939393939394,2.443684830885043,174198.40851821643,1.8973994318181817,258048.0,0
7.708198901098901,0.001890359168241966,2.444233075031898,491.91486641491923,1.8938126654064271,981.0,0
7.708198901098901,0.0018867924528301887,2.4420828774720813,173542.52728959423,1.890239433962264,258048.0,0
7.708198901098901,0.0018832391713747645,2.449070823748521,173542.36016965337,1.886679661016949,258048.0,0
7.708198901098901,0.0018796992481203006,2.4560591507598555,173542.22090328188,1.8831332706766915,258048.0,0
7.708198901098901,0.001876172607879925,2.463047071240204,173542.05378393113,1.8796001876172606,258048.0,0
7.708198901098901,0.0018726591760299626,2.4700361675703784,173541.97022437648,1.8760803370786514,258048.0,0
7.708198901098901,0.001869158878504673,2.477024462054648,173541.83095863083,1.872573644859813,258048.0,0
7.708198901098901,0.0018656716417910447,2.4840127453228495,173541.6916931087,1.8690800373134326,258048.0,0
7.708198901098901,0.00186219739292365,2.49100101737501,173541.5524278101,1.865599441340782,258048.0,0
7.708198901098901,0.0018587360594795538,2.4979800570515756,173540.7725462685,1.862131784386617,258048.0,0
7.708198901098901,0.0018552875695732839,2.504965466607283,173540.43831346784,1.858676994434137,258048.0,0
7.708198901098901,0.001851851851851852,2.511954074533689,173540.32690282038,1.8552349999999997,258048.0,0
7.708198901098901,0.0018484288354898336,2.5189402477993936,173540.0483768276,1.8518057301293898,258048.0,0
7.708198901098901,0.0018450184501845018,2.5259280202469236,173539.88126166107,1.8483891143911437,258048.0,0
7.708198901098901,0.001841620626151013,2.5329133401000563,173539.54703229354,1.844985082872928,258048.0,0
7.708198901098901,0.001838235294117647,2.539901894191832,173539.43562279048,1.8415935661764704,258048.0,0
7.708198901098901,0.001834862385321101,2.5468888042513367,173539.21280421346,1.8382144954128439,258048.0,0
7.708198901098901,0.0018315018315018315,2.55387364694372,173538.85072524616,1.834847802197802,258048.0,0
7.708198901098901,0.0018281535648994515,2.5608588714942275,173538.51649984816,1.8314934186471663,258048.0,0
7.708198901098901,0.0018248175182481751,2.567743514498201,173531.38666469802,1.8281512773722626,258048.0,0
7.708198901098901,0.0018214936247723133,2.5747313043931257,173531.24741593824,1.8248213114754097,258048.0,0
7.698050819672131,0.0018181818181818182,2.5748624380695135,352538.2042482611,1.8215034545454545,524032.0,0
7.688362499999999,0.0018148820326678765,2.575140228385327,352521.68588962255,1.8181976406533573,524032.0,0
7.678664324324325,0.0018115942028985507,2.575716413996016,1.3460534832947744,1.8149038043478258,255.0,0
7.678664324324325,0.0018083182640144665,2.5787496903726486,173237.20775620072,1.8116218806509945,258048.0,0
7.678664324324325,0.0018050541516245488,2.5857227254937176,173236.8746916843,1.8083518050541514,258048.0,0
7.678664324324325,0.0018018018018018018,2.5926932414610313,173236.37509731093,1.8050935135135133,258048.0,0
7.678664324324325,0.0017985611510791368,2.5996678822846517,173236.15305629215,1.801846942446043,258048.0,0
7.678664324324325,0.0017953321364452424,2.6066404171127586,173235.7922408506,1.798612028725314,258048.0,0
7.678664324324325,0.0017921146953405018,2.613615016593769,173235.57020132593,1.7953887096774193,258048.0,0
7.678664324324325,0.0017889087656529517,2.6205879187699628,173235.23714310618,1.792176923076923,258048.0,0
7.678664324324325,0.0017857142857142857,2.627561215106984,173234.93184086305,1.788976607142857,258048.0,0
7.678664324324325,0.0017825311942959,2.6345357531332656,173234.70980354396,1.785787700534759,258048.0,0
7.678664324324325,0.0017793594306049821,2.6415073108391254,173234.29348510478,1.7826101423487544,258048.0,0
7.678664324324325,0.0017761989342806395,2.648479259358378,173233.90492303355,1.7794438721136765,258048.0,0
7.678664324324325,0.0017730496453900709,2.655452027477165,173233.57187121696,1.776288829787234,258048.0,0
7.678664324324325,0.0017699115044247787,2.6624260484480113,173233.32208319494,1.7731449557522123,258048.0,0
7.678664324324325,0.0017667844522968198,2.667520475432061,173111.09569030826,1.7700121908127207,258048.0,0
7.678664324324325,0.001763668430335097,2.6744908329396484,173110.9294002639,1.766890476190476,258048.0,0
7.678664324324325,0.0017605633802816902,2.6814611770558363,173110.76311053903,1.7637797535211266,258048.0,0
7.678664324324325,0.0017574692442882249,2.688431938196562,173110.62453601233,1.760679964850615,258048.0,0
7.678664324324325,0.0017543859649122807,2.6954026881771593,173110.48596170748,1.7575910526315788,258048.0,0
7.678664324324325,0.0017513134851138354,2.702369533177589,173110.0979548342,1.7545129597197897,258048.0,0
7.678664324324325,0.0017482517482517483,2.7093393832739556,173109.90395204982,1.7514456293706293,258048.0,0
7.678664324324325,0.0017452006980802793,2.7163087828715216,173109.68223511442,1.748389005235602,258048.0,0
7.662833870967742,0.0017421602787456446,2.7148473448700217,351477.6176919498,1.745343031358885,524032.0,0
7.647535828877006,0.0017391304347826088,2.7151160227071007,351460.97366132477,1.742307652173913,524032.0,0
7.647535828877006,0.001736111111111111,2.7220563559649613,172981.29272836496,1.7392828125,258048.0,0
7.647535828877006,0.0017331022530329288,2.7290183784752307,172980.93297378515,1.7362684575389946,258048.0,0
7.647535828877006,0.0017301038062283738,2.735981685126011,172980.65624051125,1.7332645328719722,258048.0,0
7.647535828877006,0.0017271157167530224,2.7429440918713195,172980.3241617513,1.7302709844559583,258048.0,0
7.632538297872341,0.0017241379310344827,2.743332546095331,351454.3389804587,1.7272877586206894,524032.0,0
7.617738095238096,0.0017211703958691911,2.7437117802450883,351452.03376862593,1.7243148020654042,524032.0,0
7.617738095238096,0.001718213058419244,2.7506745308859424,172978.33171596675,1.72135206185567,258048.0,0
7.617738095238096,0.0017152658662092624,2.757636815864048,172977.99964613176,1.71839948542024,258048.0,0
7.603097894736842,0.0017123287671232876,2.75802786516946,351449.9534814671,1.7154570205479451,524032.0,0
7.603097894736842,0.0017094017094017094,2.7649954150654112,172977.61223293564,1.7125246153846152,258048.0,0
7.603097894736842,0.0017064846416382253,2.771957200146346,172977.25249366456,1.709602218430034,258048.0,0
7.603097894736842,0.0017035775127768314,2.7789198453893103,172976.9481000654,1.706689778534923,258048.0,0
7.603097894736842,0.0017006802721088435,2.7858797920949536,172976.47767570117,1.703787244897959,258048.0,0
7.5886539267015705,0.001697792869269949,2.7862730033732324,351447.1423217295,1.7008945670628182,524032.0,0
7.5886539267015705,0.001694915254237288,2.793238710144422,172976.11794114907,1.6980116949152542,258048.0,0
7.5886539267015705,0.001692047377326565,2.800199480427202,172975.702864679,1.695138578680203,258048.0,0
7.5886539267015705,0.0016891891891891893,2.8071611154498233,172975.34313334964,1.6922751689189188,258048.0,0
7.5886539267015705,0.0016863406408094434,2.814121370959583,172974.9003891521,1.689421416526138,258048.0,0
7.5886539267015705,0.0016835016835016834,2.8210829447328676,172974.54066116048,1.6865772727272725,258048.0,0
7.5886539267015705,0.0016806722689075631,2.828045394373105,172974.23627710543,1.6837426890756302,258048.0,0
7.5886539267015705,0.0016778523489932886,2.835008726558492,172973.98723640267,1.6809176174496643,258048.0,0
7.57444375,0.0016750418760469012,2.835405490140872,351442.53211711295,1.678102010050251,524032.0,0
7.57444375,0.0016722408026755853,2.84236970999287,172973.7658674911,1.6752958193979932,258048.0,0
7.57444375,0.001669449081803005,2.849333002617789,172973.51682814286,1.6724989983305507,258048.0,0
7.57444375,0.0016666666666666668,2.8562958182638987,172973.240118597,1.6697114999999998,258048.0,0
7.57444375,0.0016638935108153079,2.8632604437982994,172973.07409329442,1.6669332778702162,258048.0,0
7.57444375,0.0016611295681063123,2.8702241376525732,172972.8527267201,1.6641642857142855,258048.0,0
7.57444375,0.001658374792703151,2.87718781368295,172972.63136071237,1.66140447761194,258048.0,0
7.560420725388601,0.0016556291390728477,2.877584567407799,351439.77729647653,1.6586538079470197,524032.0,0
7.560420725388601,0.001652892561983471,2.884548223992608,172972.38232463095,1.6559122314049586,258048.0,0
7.560420725388601,0.0016501650165016502,2.8915118627536645,172972.16095982722,1.6531797029702968,258048.0,0
7.560420725388601,0.0016474464579901153,2.8984759473631336,172971.96726608876,1.6504561779242173,258048.0,0
7.560420725388601,0.001644736842105263,2.9054400163758958,172971.7735727841,1.647741611842105,258048.0,0
7.560420725388601,0.0016420361247947454,2.912404069792003,172971.57987991322,1.6450359605911329,258048.0,0
7.560420725388601,0.001639344262295082,2.91936764059884,172971.3585171634,1.6423391803278686,258048.0,0
7.546577319587629,0.0016366612111292963,2.9197629834293104,351437.0225190277,1.6396512274959083,524032.0,0
7.532607692307693,0.0016339869281045752,2.9201373046734815,351434.2677847654,1.6369720588235293,524032.0,0
7.505970408163265,0.0016313213703099511,2.9205111528615766,351431.4568759531,1.63430163132137,524032.0,0
7.4796233502538065,0.0016286644951140066,2.9208863968016914,351428.8146626688,1.6316399022801302,524032.0,0
7.453579292929293,0.0016260162601626016,2.9212597658971533,351425.9476251149,1.6289868292682925,524032.0,0
7.4278457286432165,0.0016233766233766235,2.9216284553464367,351422.51848477207,1.62634237012987,524032.0,0
7.4024135,0.0016207455429497568,2.921999474647891,351419.37048042443,1.6237064829821717,524032.0,0
7.377271144278607,0.0016181229773462784,2.9223686174435324,351415.99768120836,1.6210791262135922,524032.0,0
7.352410396039604,0.0016155088852988692,2.9227428958709805,351413.2432765408,1.6184602584814216,524032.0,0
7.352410396039604,0.0016129032258064516,2.929580380429047,172951.90847775308,1.6158498387096774,258048.0,0
7.352410396039604,0.001610305958132045,2.9365431373172646,172951.68716534987,1.6132478260869563,258048.0,0
7.352410396039604,0.001607717041800643,2.9434649156296584,172949.05912385875,1.6106541800643086,258048.0,0
7.352410396039604,0.0016051364365971107,2.9504284838810704,172948.89314497233,1.60806886035313,258048.0,0
7.352410396039604,0.0016025641025641025,2.9570368332951897,172927.9546974974,1.6054918269230767,258048.0,0
7.352410396039604,0.0016,2.9640000128148865,172927.81641549096,1.6029230399999999,258048.0,0
7.352410396039604,0.001597444089456869,2.9709631811983654,172927.6781337057,1.6003624600638977,258048.0,0
7.352410396039604,0.001594896331738437,2.977926814705304,172927.5675084367,1.5978100478468897,258048.0,0
7.352410396039604,0.0015923566878980893,2.9848894845567777,172927.4015707986,1.59526576433121,258048.0,0
7.352410396039604,0.001589825119236884,2.9918516625599936,172927.20797729,1.5927295707472178,258048.0,0
7.352410396039604,0.0015873015873015873,2.9988133453762322,172926.9867280966,1.5902014285714283,258048.0,0
7.352410396039604,0.001584786053882726,3.0051886570491204,172893.0316889101,1.587681299524564,258048.0,0
7.352410396039604,0.0015822784810126582,3.012147502034299,172892.7275916506,1.5851691455696202,258048.0,0
7.352410396039604,0.001579778830963665,3.019107288035221,172892.47878559757,1.5826649289099524,258048.0,0
7.352410396039604,0.0015772870662460567,3.0260685055852146,172892.3129152934,1.5801686119873815,258048.0,0
7.352410396039604,0.0015748031496062992,3.033029709778258,172892.1470453075,1.5776801574803148,258048.0,0
7.352410396039604,0.0015723270440251573,3.0399884701884177,172891.84295115995,1.5751995283018867,258048.0,0
7.331564039408867,0.0015698587127158557,3.037872246704892,350985.3179096444,1.572726687598116,524032.0,0
7.311248039215687,0.001567398119122257,3.0381281851677127,350969.0568894318,1.5702615987460813,524032.0,0
7.2912,0.001564945226917058,3.0384865189070434,350964.627424367,1.5678042253521125,524032.0,0
7.271416019417476,0.0015625,3.038846785465059,350960.4223394706,1.56535453125,524032.0,0
7.271416019417476,0.0015600624024961,3.0442026863788114,172645.82241474092,1.5629124804992198,258048.0,0
7.271416019417476,0.001557632398753894,3.050916225612304,172632.2057592998,1.5604780373831775,258048.0,0
7.271416019417476,0.0015552099533437014,3.0578610747624353,172631.70964642026,1.5580511664074648,258048.0,0
7.2624545893719805,0.0015527950310559005,3.0533470571847476,350183.9882095013,1.5556318322981364,524032.0,0
7.253888942307692,0.0015503875968992248,3.053600722596671,350167.6897251403,1.5532199999999998,524032.0,0
7.245501435406698,0.0015479876160990713,3.053914721232722,350158.31320248405,1.5508156346749224,524032.0,0
7.237339523809524,0.0015455950540958269,3.054235031405255,350149.6626894423,1.5484187017001545,524032.0,0
7.229274407582938,0.0015432098765432098,3.0546083918353086,350147.09552265494,1.5460291666666666,524032.0,0
7.221320754716982,0.0015408320493066256,3.054974930077187,350143.7471008075,1.5436469953775036,524032.0,0
7.21359530516432,0.0015384615384615385,3.055290331282039,350134.53927093087,1.5412721538461538,524032.0,0
7.205980373831776,0.0015360983102918587,3.0556573368572426,350131.24689173,1.5389046082949307,524032.0,0
7.198466511627907,0.0015337423312883436,3.056031641332597,350128.79159839445,1.5365443251533741,524032.0,0
7.191047685185185,0.0015313935681470138,3.056406914780438,350126.4479414244,1.5341912710566614,524032.0,0
7.183731336405531,0.0015290519877675841,3.0567807217018705,350123.93691520195,1.5318454128440366,524032.0,0
7.176521100917432,0.0015267175572519084,3.057150625479807,350120.97953050805,1.5295067175572519,524032.0,0
7.169406392694063,0.001524390243902439,3.0575258830646326,350118.63597811974,1.5271751524390242,524032.0,0
7.162386818181819,0.0015220700152207,3.05790113562588,350116.2924571046,1.5248506849315067,524032.0,0
7.154710859728507,0.001519756838905775,3.058275408380497,350113.8373734996,1.522533282674772,524032.0,0
7.14703963963964,0.0015174506828528073,3.0586501633339314,350111.4381205152,1.520222913505311,524032.0,0
7.138675784753364,0.0015151515151515152,3.059021013122648,350108.5925375111,1.5179195454545453,524032.0,0
7.13043125,0.0015128593040847202,3.059391369325135,350105.69120638655,1.5156231467473524,524032.0,0
7.1222986666666666,0.0015105740181268882,3.059764157455901,350103.06889078143,1.5133336858006041,524032.0,0
7.11427610619469,0.0015082956259426848,3.0601349893257828,350100.22344381944,1.5110511312217194,524032.0,0
7.105067400881057,0.0015060240963855422,3.0605102046897015,350097.8801692858,1.5087754518072287,524032.0,0
7.0959666666666665,0.0015037593984962407,3.060885902812859,350095.59271725913,1.5065066165413532,524032.0,0
7.086960262008733,0.0015015015015015015,3.0612664744215308,350093.8632002054,1.5042445945945944,524032.0,0
7.0683234782608695,0.0014992503748125937,3.061642163292794,350091.57580067,1.5019893553223387,524032.0,0
7.0683234782608695,0.0014992503748125937,3.171203900144536,176918.67939762,1.5019893553223387,258048.0,0
7.0683234782608695,0.0014970059880239522,3.1783707409071686,176918.24223531986,1.499740868263473,258048.0,0
7.0683234782608695,0.0014947683109118087,3.1855427938444345,176918.09651503325,1.4974991031390132,258048.0,0
7.0683234782608695,0.0014925373134328358,3.192644886323817,176914.07472986248,1.495264029850746,258048.0,0
7.0683234782608695,0.0014903129657228018,3.1888962928085895,176310.14991021776,1.4930356184798805,258048.0,0
7.0683234782608695,0.001488095238095238,3.1960394883569823,176309.77363796515,1.4908138392857142,258048.0,0
7.0683234782608695,0.0014858841010401188,3.2031847568195833,176309.51314273107,1.4885986627043089,258048.0,0
7.0683234782608695,0.001483679525222552,3.210331058215347,176309.31053585897,1.4863900593471808,258048.0,0
7.0683234782608695,0.0014814814814814814,3.217456215472031,176307.9501874913,1.4841879999999998,258048.0,0
7.0683234782608695,0.0014792899408284023,3.224597672866674,176307.48709496416,1.4819924556213016,258048.0,0
7.0683234782608695,0.0014771048744460858,3.231740684340552,176307.11083407712,1.479803397341211,258048.0,0
7.0683234782608695,0.0014749262536873156,3.2388841970298725,176306.76351776067,1.4776207964601769,258048.0,0
7.0683234782608695,0.0014727540500736377,3.2460298130765484,176306.5319743099,1.475444624447717,258048.0,0
7.069553246753247,0.0014705882352941176,3.241243169480305,358873.84201348794,1.4732748529411763,524032.0,0
7.071270689655172,0.0014684287812041115,3.241382381160173,358844.19953007286,1.4711114537444934,524032.0,0
7.071270689655172,0.001466275659824047,3.241282073529828,175617.7299630786,1.4689543988269793,258048.0,0
7.071270689655172,0.0014641288433382138,3.2483997603256416,175617.50022590396,1.4668036603221082,258048.0,0
7.071270689655172,0.0014619883040935672,3.2555184931876497,175617.3279234174,1.4646592105263156,258048.0,0
7.071270689655172,0.00145985401459854,3.2626377455889535,175617.18433827022,1.4625210218978102,258048.0,0
7.071270689655172,0.0014577259475218659,3.269756986348831,175617.04075335784,1.4603890670553934,258048.0,0
7.071270689655172,0.001455604075691412,3.2768767513028885,175616.92588559698,1.4582633187772924,258048.0,0
7.071270689655172,0.0014534883720930232,3.2839954329444225,175616.75358423745,1.4561437499999998,258048.0,0
7.071270689655172,0.001451378809869376,3.2911146387801935,175616.61000002944,1.454030333817126,258048.0,0
7.071270689655172,0.0014492753623188406,3.298233293648172,175616.43769928973,1.4519230434782608,258048.0,0
7.065578969957081,0.001447178002894356,3.29862097858982,358040.02028942184,1.4498218523878437,524032.0,0
7.065578969957081,0.001445086705202312,3.3038410186416978,175608.28251766914,1.447726734104046,258048.0,0
7.060228205128204,0.001443001443001443,3.3042151474936032,358021.93039647565,1.445637662337662,524032.0,0
7.054979574468085,0.001440922190201729,3.3045611721954598,358015.4325316771,1.4435546109510085,524032.0,0
7.049883898305084,0.0014388489208633094,3.3048942155614314,358007.5300410052,1.4414775539568343,524032.0,0
7.044929957805907,0.0014367816091954023,3.305235890744805,358000.5644311086,1.4394064655172412,524032.0,0
7.044883613445378,0.0014347202295552368,3.290172156031644,356325.1967368887,1.437341319942611,524032.0,0
7.045334728033473,0.0014326647564469914,3.2903036893437445,356295.6838840884,1.4352820916905442,524032.0,0
7.04585375,0.001430615164520744,3.290663825121503,356290.92981493525,1.4332287553648067,524032.0,0
7.046403734439835,0.0014285714285714286,3.291043229705951,356288.2629536398,1.4311812857142856,524032.0,0
7.046694214876034,0.0014265335235378032,3.2914301266421093,356286.4077693284,1.4291396576319542,524032.0,0
7.046694214876034,0.0014245014245014246,3.292016563230729,356283.10327012936,1.4271038461538461,524032.0,0
7.181342386831276,0.001422475106685633,3.2762421169431963,-686.5991803441933,1.425073826458037,981.0,0
7.254690163934427,0.0014204545454545455,3.2374361376153145,171813.0436803344,1.4230495738636362,258048.0,0
7.065958436213992,0.0014204545454545455,4.969617168927642,-67099.98311988119,1.4230495738636362,255.0,0
7.065958436213992,0.0014184397163120568,4.979886250172075,-67090.98951333309,1.4210310638297872,255.0,0
7.065958436213992,0.00141643059490085,4.9906000859576,-67088.01409757948,1.419018271954674,255.0,0
7.065958436213992,0.0014144271570014145,5.001341155315814,-67085.41698906216,1.4170111739745401,255.0,0
7.065958436213992,0.0014124293785310734,5.004026968861392,-67082.73790428188,1.4150097457627118,255.0,0
7.065958436213992,0.0014104372355430183,5.005288588763696,-67079.48384371845,1.4130139633286318,255.0,0
7.065958436213992,0.0014084507042253522,4.841847410379407,0.0,1.4110238028169013,65535.0,0
7.176486065573771,0.0014064697609001407,4.838694438685272,-64114.88422585982,1.409039240506329,977.0,0
7.306309387755103,0.0014044943820224719,4.814789412047185,-63799.2738292904,1.4070602528089886,968.0,0
7.434928861788619,0.001402524544179523,4.815368700830502,-63803.15111286071,1.4050868162692847,964.0,0
7.5831425101214585,0.0014005602240896359,4.791637526948974,-63481.98703426511,1.403118907563025,963.0,0
7.729973790322581,0.0013986013986013986,4.792216163844995,-63481.94239491834,1.4011565034965034,963.0,0
7.729973790322581,0.0013966480446927375,4.5576557055799025,-61032.15177773563,1.3991995810055864,254.0,0
7.979733333333334,0.001394700139470014,4.278496099061756,-56591.412177345046,1.3972481171548117,1047.0,0
7.979733333333334,0.001392757660167131,4.28586537593412,168871.00177433563,1.3953020891364902,258048.0,0
7.979733333333334,0.0013908205841446453,4.294970552136646,168870.86050437603,1.393361474269819,258048.0,0
7.979733333333334,0.001388888888888889,4.304068511927159,168870.43669591536,1.3914262499999999,258048.0,0
7.979733333333334,0.0013869625520110957,4.313172740384927,168870.26010968458,1.3894963938973646,258048.0,0
7.979733333333334,0.0013850415512465374,4.322272430047313,168869.90693833094,1.3875718836565096,258048.0,0
7.979733333333334,0.0013831258644536654,4.328573011766064,168869.5890853757,1.3856526970954355,258048.0,0
7.979733333333334,0.0013812154696132596,4.335498124581595,168869.271233617,1.383738812154696,258048.0,0
7.979733333333334,0.001379310344827586,4.336317354784078,168869.20060005534,1.3818302068965516,258048.0,0
7.9644292000000005,0.0013774104683195593,4.321134715041299,400729.78730026295,1.379926859504132,524032.0,0
7.94969203187251,0.001375515818431912,4.321214507286297,400689.2085060278,1.378028748280605,524032.0,0
7.935205555555556,0.0013736263736263737,4.321587796958901,400675.8510302985,1.3761358516483515,524032.0,0
7.92094347826087,0.0013717421124828531,4.321989876570825,399994.0362238703,1.374248148148148,523264.0,0
7.92094347826087,0.0013698630136986301,4.322678082643499,399984.61934642977,1.372365616438356,523264.0,0
8.488375196850395,0.0013679890560875513,4.27157079164645,-1118.1317835952198,1.3704882352941175,64240.0,0
8.464626274509804,0.001366120218579235,4.262990904246103,-219.71124302558212,1.3686159836065572,65280.0,0
8.464626274509804,0.001364256480218281,4.2717065443189295,-219.68800143946248,1.3667488403819916,65280.0,0
8.464626274509804,0.0013623978201634877,4.27536399409708,-219.67478075089494,1.3648867847411443,65280.0,0
8.522143359375,0.0013605442176870747,4.251186089103248,164885.5136725271,1.3630297959183673,258048.0,0
8.522143359375,0.001358695652173913,3.9061453981889627,151186.55235782763,1.3611778532608694,258048.0,0
8.522143359375,0.0013568521031207597,3.914294418838776,151186.32589564062,1.359330936227951,258048.0,0
8.522143359375,0.0013550135501355014,3.922445618357784,151186.18435711827,1.3574890243902438,258048.0,0
8.522143359375,0.0013531799729364006,3.9305945947562053,151185.9578960337,1.3556520974289579,258048.0,0
8.522143359375,0.0013513513513513514,3.9387464966526746,151185.84466574583,1.353820135135135,258048.0,0
8.522143359375,0.001349527665317139,3.9468924743153844,151185.50497589988,1.3519931174089068,258048.0,0
8.50878365758755,0.0013477088948787063,3.931666331198745,358638.4066056987,1.35017102425876,524032.0,0
8.495900775193798,0.0013458950201884253,3.9318243625423164,358610.5853435309,1.3483538358008074,524032.0,0
8.483283783783785,0.0013440860215053765,3.932142940115101,358597.41187680775,1.3465415322580645,524032.0,0
8.483283783783785,0.0013422818791946308,3.9347219730351517,150355.5270774115,1.3447340939597314,258048.0,0
8.483283783783785,0.0013404825737265416,3.9428261585596274,150355.30309796432,1.3429315013404826,258048.0,0
8.483283783783785,0.0013386880856760374,3.9443734864470303,150355.21910584366,1.341133734939759,258048.0,0
8.483283783783785,0.001336898395721925,3.9524791129592862,150355.05112188385,1.3393407754010693,258048.0,0
8.483283783783785,0.0013351134846461949,3.9605861963426565,150354.93913278586,1.337552603471295,258048.0,0
8.483283783783785,0.0013333333333333333,3.9686873556511504,150354.6031664928,1.3357691999999999,258048.0,0
8.483283783783785,0.0013315579227696406,3.9767907002735567,150354.35119275833,1.3339905459387482,258048.0,0
8.483283783783785,0.0013297872340425532,3.98251487939407,150353.6792669286,1.3322166223404255,258048.0,0
8.483283783783785,0.0013280212483399733,3.9904138154701223,150345.72860059488,1.3304474103585655,258048.0,0
8.483283783783785,0.001326259946949602,3.9985166453911645,150345.47665660465,1.3286828912466842,258048.0,0
8.482125769230771,0.0013245033112582781,3.973846303693615,355818.6830357779,1.3269230463576158,524032.0,0
8.481271264367816,0.0013227513227513227,3.974061607052603,355796.82694432157,1.3251678571428571,524032.0,0
8.480478625954198,0.001321003963011889,3.974464382456439,355791.75829463504,1.3234173051519154,524032.0,0
8.479722813688213,0.0013192612137203166,3.9748745002676165,355787.3480286402,1.3216713720316622,524032.0,0
8.47879356060606,0.0013175230566534915,3.975264015238597,355781.09485382837,1.3199300395256917,524032.0,0
8.47879356060606,0.0013157894736842105,3.983237705058853,149381.65656159024,1.318193289473684,258048.0,0
8.47879356060606,0.001314060446780552,3.991285635108482,149381.29729495727,1.3164611038107752,258048.0,0
8.47879356060606,0.0013123359580052493,3.9993313068005585,149380.85512301204,1.314733464566929,258048.0,0
8.47879356060606,0.001310615989515072,4.007385085927512,149380.716944816,1.3130103538663171,258048.0,0
8.47879356060606,0.0013089005235602095,4.015439593015396,149380.6064024432,1.3112917539267015,258048.0,0
8.47879356060606,0.00130718954248366,4.019926606328261,149248.04575674539,1.3095776470588234,258048.0,0
8.47879356060606,0.0013054830287206266,4.027972461573467,149247.88023764823,1.3078680156657962,258048.0,0
8.47879356060606,0.001303780964797914,4.031180914982916,149247.4940278493,1.3061628422425031,258048.0,0
8.47879356060606,0.0013020833333333333,4.039224488221147,149247.24575117684,1.304462109375,258048.0,0
8.47879356060606,0.0013003901170351106,4.047271027017255,149247.1078200491,1.3027657997399218,258048.0,0
8.47879356060606,0.0012987012987012987,4.055315302240927,149246.88713077497,1.301073896103896,258048.0,0
8.47879356060606,0.0012970168612191958,4.0633520431700285,149246.3905822945,1.2993863813229571,258048.0,0
8.469087924528303,0.0012953367875647669,4.0489264092768416,354149.5187012304,1.2977032383419689,524032.0,0
8.459668421052633,0.00129366106080207,4.049191290265767,354132.69289121835,1.296024450194049,524032.0,0
8.446095131086143,0.0012919896640826874,4.049592607985663,354127.8019673114,1.29435,524032.0,0
8.43266380597015,0.0012903225806451613,4.050001372455908,354123.56327586924,1.2926798709677418,524032.0,0
8.419376951672863,0.001288659793814433,4.050410127140951,354119.32468589494,1.2910140463917525,524032.0,0
8.406224444444446,0.001287001287001287,4.050818126123691,354115.0209906617,1.2893525096525096,524032.0,0
8.406224444444446,0.0012853470437017994,3.9936485155195616,146554.88215594794,1.2876952442159382,258048.0,0
8.406224444444446,0.0012836970474967907,4.001524519428238,146553.81816617615,1.2860422336328625,258048.0,0
8.406224444444446,0.001282051282051282,4.00600564606343,146428.66784371814,1.2843934615384613,258048.0,0
8.406224444444446,0.0012804097311139564,4.009489658127514,146267.63494266281,1.2827489116517283,258048.0,0
8.406224444444446,0.0012787723785166241,4.0173733976197115,146267.42297682623,1.2811085677749359,258048.0,0
8.406224444444446,0.001277139208173691,4.025256385106093,146267.1845159944,1.2794724137931033,258048.0,0
8.396610701107011,0.0012755102040816326,4.015860810223987,347504.08677754796,1.2778404336734692,524032.0,0
8.377863602941177,0.0012738853503184713,4.016107023176603,347486.567921731,1.2762126114649681,524032.0,0
8.359313553113553,0.001272264631043257,4.016493274516468,347481.16820045636,1.27458893129771,524032.0,0
8.359313553113553,0.0012706480304955528,4.008086822046842,145309.7681045133,1.2729693773824649,258048.0,0
8.359313553113553,0.0012690355329949238,4.013582322548809,145309.34970768358,1.271353934010152,258048.0,0
8.359313553113553,0.0012674271229404308,4.017112630863961,145309.27125854624,1.2697425855513307,258048.0,0
8.359313553113553,0.0012658227848101266,4.022296871431115,145213.46966760122,1.268135316455696,258048.0,0
8.359313553113553,0.0012642225031605564,4.030124498468393,145213.2868612284,1.2665321112515802,258048.0,0
8.359313553113553,0.0012626262626262627,4.035752239555606,145133.99231819337,1.2649329545454544,258048.0,0
8.359313553113553,0.0012610340479192938,4.043570477914726,145133.62710600733,1.2633378310214374,258048.0,0
8.940809854014597,0.0012594458438287153,4.037890361964053,1157.0080548129301,1.261746725440806,67072.0,0
9.51782509090909,0.0012578616352201257,4.038214109250361,3084.099088521429,1.2601596226415093,69632.0,0
9.51782509090909,0.001256281407035176,4.046219952121304,3084.0963209401,1.2585765075376882,69632.0,0
9.51782509090909,0.0012547051442910915,4.054219231979354,3084.0885717388046,1.2569973651191968,69632.0,0
9.504707608695654,0.0012531328320802004,4.0476096875076255,344541.10225659254,1.2554221804511276,524032.0,0
9.489271480144406,0.0012515644555694619,4.047427301723875,344487.7153837528,1.2538509386733416,524032.0,0
9.471443165467626,0.00125,4.047780733907169,344479.9401792873,1.2522836249999998,524032.0,0
9.446670967741937,0.0012484394506866417,4.04808065154081,-191.58653110693223,1.250720224719101,65280.0,0
9.446670967741937,0.0012468827930174563,4.04652239570869,144305.02501601735,1.2491607231920199,258048.0,0
9.446670967741937,0.0012453300124533001,4.054301748013628,144304.87027917607,1.2476051058530508,258048.0,0
9.446670967741937,0.0012437810945273632,4.061453074475923,144304.56080648905,1.246053358208955,258048.0,0
9.446670967741937,0.0012422360248447205,4.065888428663237,144304.4834385247,1.2445054658385093,258048.0,0
9.446670967741937,0.0012406947890818859,4.073668459029284,144304.35449210182,1.2429614143920595,258048.0,0
9.446670967741937,0.0012391573729863693,4.081449204904276,144304.2513351294,1.241421189591078,258048.0,0
9.446670967741937,0.0012376237623762376,4.089229939655035,144304.1481783045,1.2398847772277226,258048.0,0
9.446670967741937,0.0012360939431396785,4.0956209052402714,144304.09659994734,1.2383521631644003,258048.0,0
9.446670967741937,0.0012345679012345679,4.103396488178625,144303.8129196421,1.2368233333333332,258048.0,0
9.446670967741937,0.0012330456226880395,4.104053917853578,144303.7355524797,1.2352982737361282,258048.0,0
9.446670967741937,0.0012315270935960591,4.111831669275941,144303.5292404522,1.2337769704433497,258048.0,0
9.446670967741937,0.0012300123001230013,4.113964262050813,144303.45187359396,1.2322594095940957,258048.0,0
9.446670967741937,0.0012285012285012285,4.121741247405758,144303.21977351705,1.2307455773955773,258048.0,0
9.446670967741937,0.001226993865030675,4.129517469746362,144302.9618854184,1.2292354601226994,258048.0,0
9.446670967741937,0.0012254901960784314,4.137295143064092,144302.7555756031,1.227729044117647,258048.0,0
9.446670967741937,0.0012239902080783353,4.145069090271707,144302.42032341147,1.2262263157894735,258048.0,0
9.446670967741937,0.0012224938875305623,4.152848196491459,144302.26559215612,1.2247272616136917,258048.0,0
9.446670967741937,0.001221001221001221,4.160625798924514,144302.05928433183,1.2232318681318681,258048.0,0
9.446670967741937,0.0012195121951219512,4.16484593329783,144301.80140038102,1.2217401219512194,258048.0,0
9.446670967741937,0.001218026796589525,4.172625730640634,144301.67245875124,1.2202520097442142,258048.0,0
9.446670967741937,0.0012165450121654502,4.180401778663548,144301.41457618304,1.218767518248175,258048.0,0
9.446670967741937,0.001215066828675577,4.188179295835706,144301.20827079212,1.2172866342648845,258048.0,0
9.446670967741937,0.0012135922330097086,4.193095701476789,144300.97617793243,1.215809344660194,258048.0,0
9.446670967741937,0.0012121212121212121,4.2006532222297075,144293.2143911859,1.2143356363636362,258048.0,0
9.446670967741937,0.0012106537530266344,4.2084325246243806,144293.08546490164,1.2128654963680385,258048.0,0
9.446670967741937,0.0012091898428053204,4.2161824292357295,144291.95092353434,1.2113989117291413,258048.0,0
9.446670967741937,0.0012077294685990338,4.218673809513428,144291.84778429472,1.2099358695652174,258048.0,0
9.446670967741937,0.0012062726176115801,4.225478694233238,3070.1101455116777,1.2084763570566948,69632.0,0
9.434726071428571,0.0012048192771084338,4.207973140441648,342118.01326895907,1.207020361445783,524032.0,0
9.423193950177934,0.0012033694344163659,4.2081116799199645,342093.36540926667,1.205567870036101,524032.0,0
9.411871276595743,0.001201923076923077,4.208435098431564,342083.7506640397,1.2041188701923076,524032.0,0
9.400767137809186,0.0012004801920768306,4.208747269069386,342073.2237463813,1.2026733493397357,524032.0,0
9.389859507042251,0.001199040767386091,4.209073645402091,342063.8535092358,1.2012312949640287,524032.0,0
9.379169824561403,0.0011976047904191617,4.209380537240587,341288.96635474026,1.1997926946107784,523008.0,0
9.368676573426573,0.0011961722488038277,4.209704630589957,342043.35030048114,1.1983575358851672,524032.0,0
9.358386062717768,0.0011947431302270011,4.210015227735892,342032.7042031726,1.1969258064516128,524032.0,0
9.348295833333333,0.0011933174224343676,4.21032580554776,342022.0587685628,1.1954974940334129,524032.0,0
9.338396885813149,0.0011918951132300357,4.210644601338472,342012.08307702705,1.1940725864123956,524032.0,0
9.328686896551725,0.0011904761904761906,4.210964876299308,342002.22961156623,1.1926510714285714,524032.0,0
9.319165979381443,0.0011890606420927466,4.211282137133618,341992.13343960815,1.1912329369797858,524032.0,0
9.309584246575344,0.0011876484560570072,4.211609864590073,341982.88927482214,1.1898181710213775,524032.0,0
9.300167918088738,0.0011862396204033216,4.2119233434977374,341972.4901867722,1.1884067615658362,524032.0,0
9.289979591836737,0.001184834123222749,4.212494842074678,-953.9191067451114,1.1869986966824644,64256.0,0
9.289979591836737,0.001183431952662722,4.216585707680785,-953.8862004192144,1.1855939644970412,64256.0,0
9.289979591836737,0.001182033096926714,4.001260743341437,136169.3407192948,1.1841925531914892,258048.0,0
9.289979591836737,0.0011806375442739079,4.00226527499489,136169.2488652254,1.1827944510035417,258048.0,0
9.289979591836737,0.0011792452830188679,4.00288003722477,136169.1799747547,1.181399646226415,258048.0,0
9.289979591836737,0.001177856301531213,4.003540067583862,136169.11108435367,1.1800081272084804,258048.0,0
9.272731525423731,0.001176470588235294,3.9920979367324003,323164.81577338534,1.178619882352941,523776.0,0
9.25565304054054,0.0011750881316098707,3.9924677705156126,323160.9579045472,1.1772349001175086,523776.0,0
9.25565304054054,0.0011737089201877935,3.9924064936908974,323104.40451417724,1.1758531690140843,523776.0,0
9.341662962962962,0.0011723329425556857,3.897216875069099,132489.34672089468,1.1744746776084407,258048.0,0
9.341662962962962,0.00117096018735363,3.807164071229522,-43347.99655373032,1.1730994145199063,963.0,0
9.341662962962962,0.0011695906432748538,3.8141073945516313,-43347.927173901735,1.1717273684210525,963.0,0
9.341662962962962,0.0011682242990654205,3.8153413864252896,-43347.91329796267,1.1703585280373832,963.0,0
9.341662962962962,0.0011668611435239206,3.81590406642329,-43347.89942203248,1.1689928821470243,963.0,0
9.341662962962962,0.0011655011655011655,3.816509709956784,-43347.88554611118,1.1676304195804195,963.0,0
9.331863422818792,0.0011641443538998836,3.8005272081186208,-43635.11038574731,1.1662711292200232,255.0,0
9.32236923076923,0.0011627906976744186,3.800738783132167,-43632.99648471283,1.164915,255.0,0
9.313007666666666,0.0011614401858304297,3.801289101281032,-43632.37765112859,1.1635620209059232,255.0,0
9.866065780730896,0.0,3.9684106842587634,49676.02853292221,0.0,72192.0,0
9.866065780730896,0.0,3.9691511467637706,49676.00373988252,0.0,72192.0,0
9.866065780730896,0.0,3.9698929294305247,49675.99547554146,0.0,72192.0,0
9.866065780730896,0.0,3.976455332304646,49675.89630366316,0.0,72192.0,0
9.843303311258278,0.0,3.9684803278980607,44759.46969377762,0.0,65280.0,0
9.955162376237622,0.0,3.9136627436024543,-26.09236668764312,0.0,963.0,0
10.084001644736842,0.0,3.8456553852477025,42675.5166167224,0.0,64256.0,0
9.61408662207358,0.0,3.770036429131532,-487.23077028636715,0.0,253.0,0
9.61408662207358,0.0,3.770884246302237,-487.2247839168525,0.0,253.0,0
9.61408662207358,0.0,3.771827274449977,-487.2193418903985,0.0,253.0,0
9.61408662207358,0.0,3.7727708835211295,-487.21397772615427,0.0,253.0,0
9.61408662207358,0.0,3.7737216974292305,-487.2095465491283,0.0,253.0,0
9.61408662207358,0.0,3.7746724940423166,-487.205115452704,0.0,253.0,0
9.61408662207358,0.0,3.775655396482911,-487.2006844368793,0.0,253.0,0
9.61408662207358,0.0,3.7766382810451353,-487.19625350165194,0.0,253.0,0
9.61408662207358,0.0,3.7775872170000633,-487.1915894463769,0.0,253.0,0
9.61408662207358,0.0,3.778536737662341,-487.1870032124359,0.0,253.0,0
9.61408662207358,0.0,3.779520700881456,-487.18202841223297,0.0,253.0,0
9.61408662207358,0.0,3.780504040828081,-487.17697598476747,0.0,253.0,0
9.375853020134228,0.0,4.869502799830414,-227725.14157418272,0.0,255.0,0
9.495857525083611,0.0,4.784019379149259,-222231.96298678464,0.0,1992.0,0
9.615002333333333,0.0,4.784546778939633,-222231.9181229339,0.0,1992.0,0
9.733300664451827,0.0,4.785074178517066,-222231.8732591013,0.0,1992.0,0
9.85076225165563,0.0,4.785601577881557,-222231.82839528678,0.0,1992.0,0
10.044073267326734,0.0,4.69379995365117,-217944.71905070666,0.0,1992.0,0
10.236069407894739,0.0,4.694316267440546,-217944.632751637,0.0,1992.0,0
10.426763606557378,0.0,4.694832580821035,-217944.54645263564,0.0,1992.0,0
10.61616862745098,0.0,4.695348893792637,-217944.46015370268,0.0,1992.0,0
10.804295439739414,0.0,4.695864276651164,-217944.33070543132,0.0,1992.0,0
10.991156493506494,0.0,4.696380588703141,-217944.2444066692,0.0,1992.0,0
11.176760194174758,0.0,4.696896900346234,-217944.1581079754,0.0,1992.0,0
11.361117741935484,0.0,4.697413211580441,-217944.07180934996,0.0,1992.0,0
11.466985852090033,0.0,4.697242407730583,-218699.23197131752,0.0,1041.0,0
11.466985852090033,0.001141552511415525,4.005228866189398,-140807.87610415745,3.432509703196347,65535.0,0
11.466985852090033,0.0011402508551881414,3.9735652650438325,-184156.05376361174,3.4285957810718357,1992.0,0
11.466985852090033,0.0011389521640091116,3.966572388102656,-183680.17188730574,3.4246907744874715,1992.0,0
11.44776217948718,0.0011376564277588168,3.9518607736293183,-184190.81488711495,3.4207946530147892,255.0,0
11.44776217948718,0.0011363636363636363,3.885378541374907,-179862.9502575679,3.4169073863636363,1992.0,0
11.44776217948718,0.0011350737797956867,3.8862093348922904,-179862.83270646102,3.4130289443813844,1992.0,0
11.44776217948718,0.0011337868480725624,3.8870420326318844,-179862.80331870832,3.409159297052154,1992.0,0
11.44776217948718,0.0011325028312570782,3.88076165681511,-179533.7054344479,3.405298414496036,1992.0,0
11.436056869009587,0.0011312217194570137,3.867650297308946,-180092.53348328779,3.4014462669683256,255.0,0
11.41598152866242,0.0011299435028248588,3.867991611078616,-180090.3175428107,3.397602824858757,254.0,0
11.41598152866242,0.0011350737797956867,3.7548884839796686,-42230.84472822225,3.4130289443813844,1992.0,0
11.487232903225806,0.0011441647597254005,3.7367715831993693,-41628.439871809074,3.440364416475972,1992.0,0
11.460830868167202,0.001142857142857143,3.728999604982571,-42696.24333391229,3.436432571428571,255.0,0
11.369652258064516,0.001145475372279496,3.7410065290223127,-41864.856050020935,3.4443052691867124,1992.0,0
11.369652258064516,0.0011441647597254005,3.744137045752883,-41864.67484752859,3.440364416475972,1992.0,0
11.357214469453375,0.001142857142857143,3.7257428914262802,-42819.30201024991,3.436432571428571,251.0,0
11.152375490196079,0.0011560693641618498,3.6802074868028165,-173069.61800820028,3.476160115606936,1992.0,0
11.477379858657244,0.0012376237623762376,3.4263685287709174,-171876.20587333903,3.7213842821782177,255.0,0
11.555209677419352,0.0012658227848101266,3.325754849022545,-85926.90400092745,3.806175316455696,1992.0,0
12.44706733067729,0.0014204545454545455,2.919270771271113,-172323.37683316704,4.271134232954545,253.0,0
12.59113401639344,0.0014619883040935672,2.8168947752010953,-44373.56608194998,4.396021198830409,64256.0,0
29.419601298701302,0.004975124378109453,0.6309539180140095,51129.52611495318,14.959594527363183,74752.0,0
29.419601298701302,0.0049504950495049506,0.6382558490113304,51129.48428294961,14.88553712871287,74752.0,0
29.419601298701302,0.0049261083743842365,0.6455578736939147,51129.45081739604,14.81220935960591,74752.0,0
29.419601298701302,0.004901960784313725,0.652859888817782,51129.41735188628,14.739600490196077,74752.0,0
29.419601298701302,0.004878048780487805,0.6601620024060332,51129.39225278271,14.667699999999998,74752.0,0
29.419601298701302,0.0048543689320388345,0.6674641088251662,51129.36715370378,14.596497572815533,74752.0,0
29.419601298701302,0.004830917874396135,0.6747663184879049,51129.350420998184,14.525983091787438,74752.0,0
29.419601298701302,0.004807692307692308,0.6820684117636279,51129.32532196033,14.456146634615383,74752.0,0
74.27954102564104,0.004784688995215311,0.68243022938329,19866.1472779108,14.386978468899521,29200.0,0
74.27954102564104,0.004761904761904762,0.6897323093380808,51129.25839131317,14.318469047619047,74752.0,0
74.27954102564104,0.004739336492890996,0.6970342680676069,51129.2249260553,14.250609004739335,74752.0,0
73.42270632911394,0.0047169811320754715,0.6941947215887063,44427.72975885708,14.183389150943395,65280.0,0
72.58737125000002,0.004694835680751174,0.6944860306963746,44427.48370067532,14.116800469483568,65280.0,0
71.77293333333334,0.004672897196261682,0.6947700934943829,44426.77448940099,14.050834112149532,65280.0,0
70.97842560975612,0.004651162790697674,0.6950620724654395,44426.57186176718,13.985481395348836,65280.0,0
70.20311566265062,0.004629629629629629,0.6953537089750441,44426.347526185746,13.920733796296295,65280.0,0
69.44637500000002,0.004608294930875576,0.6956453425393792,44426.1231928699,13.856582949308756,65280.0,0
69.44637500000002,0.0045871559633027525,0.6974453697594437,44425.891625371834,13.793020642201833,65280.0,0
73.27447763157897,0.005025125628140704,0.6614202005860418,-128632.56404973508,15.109942211055275,74752.0,0
73.27447763157897,0.005,0.6688867516315833,-128632.49948282584,15.0343925,74752.0,0
73.27447763157897,0.004975124378109453,0.6763534083462613,-128632.45643825569,14.959594527363183,74752.0,0
73.27447763157897,0.0049504950495049506,0.6838199456497424,-128632.39187145447,14.88553712871287,74752.0,0
73.27447763157897,0.0049261083743842365,0.6912865911208445,-128632.34882695634,14.81220935960591,74752.0,0
73.27447763157897,0.004901960784313725,0.6987531146823006,-128632.28426026316,14.739600490196077,74752.0,0
73.27447763157897,0.004878048780487805,0.706219748909854,-128632.24121583704,14.667699999999998,74752.0,0
73.27447763157897,0.0048543689320388345,0.7136863781402655,-128632.19817143974,14.596497572815533,74752.0,0
73.27447763157897,0.004830917874396135,0.721152761053205,-128632.11208273156,14.525983091787438,74752.0,0
73.27447763157897,0.004807692307692308,0.7286193777908656,-128632.06903842067,14.456146634615383,74752.0,0
73.27447763157897,0.004784688995215311,0.736085866372816,-128632.00447200837,14.386978468899521,74752.0,0
73.27447763157897,0.004761904761904762,0.7435524718669976,-128631.96142776951,14.318469047619047,74752.0,0
73.27447763157897,0.004739336492890996,0.751016433575527,-128631.46642109318,14.250609004739335,74752.0,0
73.27447763157897,0.0047169811320754715,0.7584831297470753,-128631.44489915018,14.183389150943395,74752.0,0
73.27447763157897,0.004694835680751174,0.7659495671107532,-128631.38033336446,14.116800469483568,74752.0,0
73.27447763157897,0.004672897196261682,0.7734062918170806,-128629.70164568568,14.050834112149532,74752.0,0
73.27447763157897,0.004651162790697674,0.7808727511525317,-128629.658602988,13.985481395348836,74752.0,0
73.27447763157897,0.004629629629629629,0.7883390735921711,-128629.59403899549,13.920733796296295,74752.0,0
73.27447763157897,0.004608294930875576,0.795805521684594,-128629.55099636983,13.856582949308756,74752.0,0
73.27447763157897,0.0045871559633027525,0.8032720991773591,-128629.5294750678,13.793020642201833,74752.0,0
72.36489870129873,0.0045662100456621,0.8017724657853622,-134973.09786192214,13.730038812785388,65280.0,0
71.47961923076926,0.004545454545454545,0.8020315654079359,-134965.7978914004,13.667629545454545,65280.0,0
70.61724810126584,0.004524886877828055,0.8023113947445909,-134961.9905040746,13.605785067873303,65280.0,0
69.77670375,0.0045045045045045045,0.8026012559663248,-134959.87287864843,13.544497747747746,65280.0,0
68.95711728395062,0.004484304932735426,0.8028935204039426,-134958.16080454685,13.483760089686097,65280.0,0
68.15771829268293,0.004464285714285714,0.8031861796210764,-134956.51635321713,13.423564732142856,65280.0,0
67.37771686746987,0.0044444444444444444,0.8034790999306638,-134954.91699379112,13.363904444444444,65280.0,0
66.61625952380952,0.004424778761061947,0.8037720132975806,-134953.31767227242,13.304772123893805,65280.0,0
65.87330235294117,0.004405286343612335,0.8040459970013571,-134948.54245893724,13.24616079295154,65280.0,0
65.14783488372092,0.0043859649122807015,0.8043376815862986,-134946.74057946174,13.188063596491228,65280.0,0
105.27351041666667,0.008403361344537815,0.3200180476924195,-124968.10302402664,25.267886554621846,74752.0,0
105.27351041666667,0.008333333333333333,0.3272717935920049,-124967.94051597448,25.057320833333332,74752.0,0
105.27351041666667,0.008264462809917356,0.33452573813385134,-124967.85926210688,24.85023553719008,74752.0,0
103.2638836734694,0.00819672131147541,0.3332749643530459,-130819.1236100639,24.64654508196721,65280.0,0
103.2638836734694,0.008130081300813009,0.3399772455597193,-124201.71006687643,24.446166666666667,74752.0,0
103.2638836734694,0.008064516129032258,0.3471865927892561,-124201.58967613528,24.24902016129032,74752.0,0
103.2638836734694,0.008,0.3543918610857791,-124200.04468234042,24.055028,74752.0,0
103.2638836734694,0.007936507936507936,0.3616012729258919,-124199.98448855494,23.864115079365078,74752.0,0
103.2638836734694,0.007874015748031496,0.3688107373594752,-124199.94435939704,23.67620866141732,74752.0,0
103.2638836734694,0.0078125,0.3760201971342876,-124199.90423026506,23.49123828125,74752.0,0
103.2638836734694,0.007751937984496124,0.3832295903394126,-124199.84403661573,23.309135658914727,74752.0,0
103.2638836734694,0.007692307692307693,0.39043765197419533,-124199.36248952147,23.129834615384613,74752.0,0
103.2638836734694,0.007633587786259542,0.39764707098545193,-124199.32236076551,22.95327099236641,74752.0,0
103.2638836734694,0.007575757575757576,0.40485641993355137,-124199.26216768018,22.779382575757573,74752.0,0
103.2638836734694,0.007518796992481203,0.4120658284627195,-124199.22203898903,22.60810902255639,74752.0,0
103.2638836734694,0.007462686567164179,0.41927523233317987,-124199.18191032382,22.439391791044773,74752.0,0
103.2638836734694,0.007407407407407408,0.42648463154493693,-124199.14178168455,22.273174074074074,74752.0,0
103.2638836734694,0.007352941176470588,0.4336940260979953,-124199.10165307121,22.109400735294116,74752.0,0
103.2638836734694,0.0072992700729927005,0.4409034159923594,-124199.06152448378,21.94801824817518,74752.0,0
103.2638836734694,0.007246376811594203,0.4480758841747639,-124188.78945906095,21.788974637681157,74752.0,0
103.2638836734694,0.007194244604316547,0.45528467083063434,-124188.74933713696,21.63221942446043,74752.0,0
103.2638836734694,0.007142857142857143,0.46241927836726254,-124168.79189413339,21.47770357142857,74752.0,0
101.29654599999999,0.0070921985815602835,0.4613038508220964,-130187.95269918641,21.32537943262411,65280.0,0
99.40734705882353,0.007042253521126761,0.46157375604072803,-130181.78996380152,21.17520070422535,65280.0,0
97.590975,0.006993006993006993,0.4618624491386696,-130180.93058107338,21.027122377622376,65280.0,0
95.84326226415094,0.006944444444444444,0.4621518825303542,-130180.28081142134,20.88110069444444,65280.0,0
94.16030185185184,0.006896551724137931,0.4624413130327663,-130179.63104825563,20.737093103448274,65280.0,0
92.5386509090909,0.00684931506849315,0.4627308151490664,-130179.0022513678,20.59505821917808,65280.0,0
90.97501964285713,0.006802721088435374,0.4630203890180521,-130178.39442015032,20.454955782312926,65280.0,0
89.46636666666666,0.006756756756756757,0.4633098109915857,-130177.74467581535,20.316746621621622,65280.0,0
89.46636666666666,0.006711409395973154,0.47049357152818777,-123780.83008019197,20.180392617449662,74752.0,0
89.46636666666666,0.006666666666666667,0.47767851633729,-123780.75036270473,20.045856666666666,74752.0,0
89.46636666666666,0.006622516556291391,0.48486352995743986,-123780.69057465668,19.91310264900662,74752.0,0
88.00774137931033,0.006578947368421052,0.48515510545775387,-130177.13685634152,19.782095394736842,65280.0,0
88.00774137931033,0.006535947712418301,0.4923402682210749,-123780.63078666638,19.65280065359477,74752.0,0
88.00774137931033,0.006493506493506494,0.49952534824455325,-123780.59092803828,19.525185064935062,74752.0,0
88.00774137931033,0.0064516129032258064,0.5067103420577667,-123780.53114014426,19.399216129032258,74752.0,0
88.00774137931033,0.00641025641025641,0.513718657702203,-123737.91706814204,19.27486217948718,74752.0,0
88.00774137931033,0.006369426751592357,0.5209009999301479,-123737.81749037924,19.1520923566879,74752.0,0
88.00774137931033,0.006329113924050633,0.5280835005875457,-123737.7577437985,19.03087658227848,74752.0,0
88.00774137931033,0.006289308176100629,0.5352641851503189,-123737.27977322962,18.911185534591194,74752.0,0
88.00774137931033,0.00625,0.5424463857420125,-123737.16028116435,18.792990624999998,74752.0,0
88.00774137931033,0.006211180124223602,0.5496288378478863,-123737.10053521828,18.67626397515528,74752.0,0
88.00774137931033,0.006172839506172839,0.5568111037819496,-123737.00095876968,18.560978395061728,74752.0,0
88.00774137931033,0.006134969325153374,0.5639935397038615,-123736.94121297746,18.447107361963187,74752.0,0
88.00774137931033,0.006097560975609756,0.5711758767600091,-123736.8615520109,18.334625,74752.0,0
88.00774137931033,0.006060606060606061,0.5783582976539714,-123736.8018063533,18.22350606060606,74752.0,0
88.00774137931033,0.006024096385542169,0.5855407116119529,-123736.74206075339,18.113725903614455,74752.0,0
86.63938813559322,0.005988023952095809,0.583176071598357,-129540.92223451987,18.005260479041915,65280.0,0
85.31774833333334,0.005952380952380952,0.5834398297713084,-129535.02813177292,17.89808630952381,65280.0,0
84.03960491803278,0.005917159763313609,0.5837256334887154,-129534.03199837996,17.79218047337278,65280.0,0
82.79460483870967,0.0058823529411764705,0.5840123684482207,-129533.24340364257,17.687520588235294,65280.0,0
81.58924603174603,0.005847953216374269,0.5842990063072212,-129532.4340663962,17.584084795321637,65280.0,0
80.42157968750001,0.005813953488372093,0.5845858278936162,-129531.66624297293,17.481851744186045,65280.0,0
79.28996153846155,0.005780346820809248,0.5848722712796968,-129530.81542224404,17.38080057803468,65280.0,0
78.19274242424243,0.005747126436781609,0.5851590858839014,-129530.0476180101,17.28091091954023,65280.0,0
77.12839701492537,0.005714285714285714,0.5854457095065129,-129529.23832069832,17.182162857142856,65280.0,0
84.79508947368421,0.006535947712418301,0.6052765187435479,54005.575560356876,19.65280065359477,74752.0,0
84.79508947368421,0.006493506493506494,0.6129892095545821,54005.538224464064,19.525185064935062,74752.0,0
84.79508947368421,0.0064516129032258064,0.6207019969795632,54005.510222578334,19.399216129032258,74752.0,0
84.79508947368421,0.00641025641025641,0.6284147764063837,54005.48222072164,19.27486217948718,74752.0,0
84.79508947368421,0.006369426751592357,0.6361275478350562,54005.45421889399,19.1520923566879,74752.0,0
84.79508947368421,0.006329113924050633,0.6433221779829921,53961.96511614453,19.03087658227848,74752.0,0
84.79508947368421,0.006289308176100629,0.6510280522419454,53961.881246075536,18.911185534591194,74752.0,0
84.79508947368421,0.00625,0.6587344713432114,53961.843970573,18.792990624999998,74752.0,0
84.79508947368421,0.006211180124223602,0.66622837626421,53944.60025574666,18.67626397515528,74752.0,0
84.79508947368421,0.006172839506172839,0.6737280742589457,53928.2145051328,18.560978395061728,74752.0,0
84.79508947368421,0.006134969325153374,0.6814296696687989,53928.177276128,18.447107361963187,74752.0,0
84.79508947368421,0.006097560975609756,0.6891314923138019,53928.15866164488,18.334625,74752.0,0
84.79508947368421,0.006060606060606061,0.6968311449048425,53927.97251752043,18.22350606060606,74752.0,0
84.79508947368421,0.006024096385542169,0.7045328113989066,53927.94459601259,18.113725903614455,74752.0,0
84.79508947368421,0.005988023952095809,0.7120222485071523,53911.84800749486,18.005260479041915,74752.0,0
84.79508947368421,0.005952380952380952,0.7197217285107658,53911.829404282835,17.89808630952381,74752.0,0
84.79508947368421,0.005917159763313609,0.7270807432301928,53886.57808387001,17.79218047337278,74752.0,0
84.79508947368421,0.0058823529411764705,0.7347763556608973,53886.54091232988,17.687520588235294,74752.0,0
84.79508947368421,0.005847953216374269,0.7424723415983567,53886.531619452864,17.584084795321637,74752.0,0
84.79508947368421,0.005813953488372093,0.7501681955129559,53886.51303370845,17.481851744186045,74752.0,0
84.79508947368421,0.005780346820809248,0.7578640441188771,53886.494447976846,17.38080057803468,74752.0,0
84.79508947368421,0.005747126436781609,0.7655598874161256,53886.47586225807,17.28091091954023,74752.0,0
84.79508947368421,0.005714285714285714,0.773255725404707,53886.45727655211,17.182162857142856,74752.0,0
84.79508947368421,0.005681818181818182,0.7809515580846269,53886.43869085897,17.08453693181818,74752.0,0
84.79508947368421,0.005649717514124294,0.7885761257712016,53881.55109860293,16.988014124293784,74752.0,0
84.79508947368421,0.0056179775280898875,0.7959507711952256,53859.84640974523,16.89257584269663,74752.0,0
84.79508947368421,0.00558659217877095,0.8036416874311394,53859.753573167014,16.798203910614525,74752.0,0
84.79508947368421,0.005555555555555556,0.8113336959289352,53859.73500588978,16.704880555555555,74752.0,0
84.79508947368421,0.0055248618784530384,0.8190255579504966,53859.70715499792,16.612588397790056,74752.0,0
84.79508947368421,0.005494505494505495,0.8267175545157244,53859.68858775269,16.521310439560438,74752.0,0
84.79508947368421,0.00546448087431694,0.83440940195319,53859.66073690884,16.431030054644808,74752.0,0
84.79508947368421,0.005434782608695652,0.8421013865858796,53859.64216969561,16.34173097826087,74752.0,0
84.79508947368421,0.005405405405405406,0.849474900131208,53839.43934601074,16.253397297297298,74752.0,0
84.79508947368421,0.005376344086021506,0.85716413933987,53839.430069372196,16.166013440860215,74752.0,0
84.79508947368421,0.0053475935828877,0.8648532268829492,53839.41151610471,16.079564171122993,74752.0,0
84.79508947368421,0.005319148936170213,0.8725423091266539,53839.39296285001,15.994034574468085,74752.0,0
84.79508947368421,0.005291005291005291,0.880231537736413,53839.383686227455,15.909410052910053,74752.0,0
84.79508947368421,0.005263157894736842,0.8879206107061733,53839.36513299194,15.825676315789472,74752.0,0
84.79508947368421,0.005235602094240838,0.8953646931501097,53824.61935558551,15.742819371727748,74752.0,0
84.79508947368421,0.005208333333333333,0.903051652338828,53824.60081252428,15.660825520833333,74752.0,0
84.79508947368421,0.0051813471502590676,0.9107386062310961,53824.58226947582,15.579681347150258,74752.0,0
84.79508947368421,0.005154639175257732,0.9184257130297339,53824.57299795638,15.499373711340205,74752.0,0
84.79508947368421,0.005128205128205128,0.9261126576531729,53824.55445492708,15.419889743589742,74752.0,0
84.79508947368421,0.00510204081632653,0.9337995969801763,53824.535911910556,15.341216836734693,74752.0,0
84.79508947368421,0.005076142131979695,0.9413480539310547,53816.6006736215,15.263342639593908,74752.0,0
84.79508947368421,0.005050505050505051,0.9490330348392719,53816.53579229914,15.18625505050505,74752.0,0
84.79508947368421,0.005025125628140704,0.949370957750976,46972.007101695155,15.109942211055275,65280.0,0
84.79508947368421,0.005,0.9497095039119041,46969.88773400946,15.0343925,65280.0,0
84.79508947368421,0.004975124378109453,0.9500789415399368,46969.29725723268,14.959594527363183,65280.0,0
84.79508947368421,0.0049504950495049506,0.9504486972303844,46968.72297214335,14.88553712871287,65280.0,0
84.79508947368421,0.0049261083743842365,0.9508197537786488,46968.21340699194,14.81220935960591,65280.0,0
84.79508947368421,0.004901960784313725,0.9511903108766675,46967.67958869206,14.739600490196077,65280.0,0
84.79508947368421,0.004878048780487805,0.9515613511366002,46967.170046179686,14.667699999999998,65280.0,0
84.79508947368421,0.0048543689320388345,0.9519317276509747,46966.62816389268,14.596497572815533,65280.0,0
84.79508947368421,0.004830917874396135,0.9523027515615451,46966.118644193295,14.525983091787438,65280.0,0
84.79508947368421,0.004807692307692308,0.9526734393264746,46965.59296085234,14.456146634615383,65280.0,0
84.79508947368421,0.004784688995215311,0.9530442829031721,46965.075376444845,14.386978468899521,65280.0,0
84.79508947368421,0.004761904761904762,0.9534156108219504,46964.58206442483,14.318469047619047,65280.0,0
84.79508947368421,0.004739336492890996,0.9537843031998644,46963.95937388506,14.250609004739335,65280.0,0
84.79508947368421,0.0047169811320754715,0.954153642980049,46963.36904615339,14.183389150943395,65280.0,0
84.79508947368421,0.004694835680751174,0.9545231378316945,46962.78681963985,14.116800469483568,65280.0,0
84.79508947368421,0.004672897196261682,0.9548924591038747,46962.19652138518,14.050834112149532,65280.0,0
84.79508947368421,0.004651162790697674,0.962061107627728,53774.01658490548,13.985481395348836,74752.0,0
84.79508947368421,0.004629629629629629,0.9697406501468206,53773.98882259313,13.920733796296295,74752.0,0
84.79508947368421,0.004608294930875576,0.9674834592394461,46809.37347766951,13.856582949308756,65280.0,0
84.79508947368421,0.0045871559633027525,0.9677907872004542,46805.855010534375,13.793020642201833,65280.0,0
84.79508947368421,0.0045662100456621,0.9681615326221017,46805.40519899114,13.730038812785388,65280.0,0
84.79508947368421,0.004545454545454545,0.968532935751021,46804.98752458505,13.667629545454545,65280.0,0
84.79508947368421,0.004524886877828055,0.9689033346287349,46804.52166577231,13.605785067873303,65280.0,0
84.79508947368421,0.0045045045045045045,0.9692768864551411,46804.20842109526,13.544497747747746,65280.0,0
84.79508947368421,0.004484304932735426,0.9696491021132193,46803.83092667098,13.483760089686097,65280.0,0
84.79508947368421,0.004464285714285714,0.9700213117672133,46803.45343833592,13.423564732142856,65280.0,0
84.79508947368421,0.0044444444444444444,0.9703941815011871,46803.10808200149,13.363904444444444,65280.0,0
84.79508947368421,0.004424778761061947,0.9707675454842947,46802.786824870724,13.304772123893805,65280.0,0
84.79508947368421,0.004405286343612335,0.971139904461247,46802.41738462244,13.24616079295154,65280.0,0
84.79508947368421,0.0043859649122807015,0.9715117574324893,46802.023856860214,13.188063596491228,65280.0,0
84.79508947368421,0.004366812227074236,0.9718842712366166,46801.66245964272,13.130473799126637,65280.0,0
84.79508947368421,0.004347826086956522,0.9722567792878126,46801.301068006476,13.073384782608695,65280.0,0
84.79508947368421,0.004329004329004329,0.9726294484831471,46800.94771269195,13.016790043290042,65280.0,0
84.79508947368421,0.004310344827586207,0.973002612930343,46800.61845458765,12.960683189655171,65280.0,0
84.79508947368421,0.004291845493562232,0.9733761061724108,46800.30526215363,12.905057939914162,65280.0,0
84.79508947368421,0.004273504273504274,0.9737470881356409,46799.87161801128,12.849908119658119,65280.0,0
84.79508947368421,0.00425531914893617,0.9740918218504276,46798.17727072209,12.795227659574467,65280.0,0
84.79508947368421,0.00423728813559322,0.9744624459139088,46797.72760673458,12.741010593220338,65280.0,0
84.79508947368421,0.004219409282700422,0.9748355717911947,46797.39839393731,12.68725105485232,65280.0,0
84.79508947368421,0.004201680672268907,0.9752075211404385,46797.012979962645,12.633943277310923,65280.0,0
84.79508947368421,0.0041841004184100415,0.9755801339144561,46796.659689396045,12.581081589958158,65280.0,0
84.79508947368421,0.004166666666666667,0.9759520712605001,46796.27428758888,12.528660416666666,65280.0,0
84.79508947368421,0.004149377593360996,0.9763240024802886,46795.88889212975,12.47667427385892,65280.0,0
84.79508947368421,0.004132231404958678,0.9766964302999847,46795.52758965198,12.42511776859504,65280.0,0
84.79508947368421,0.00411522633744856,0.9770695229213993,46795.198407807235,12.373985596707819,65280.0,0
84.79508947368421,0.004098360655737705,0.9774417717891061,46794.8290873479,12.323272540983606,65280.0,0
84.79508947368421,0.004081632653061225,0.9778126726761762,46794.39554468186,12.272973469387754,65280.0,0
84.79508947368421,0.0040650406504065045,0.9781664488441325,46793.14313321539,12.223083333333333,65280.0,0
84.79508947368421,0.004048582995951417,0.9785376654169986,46792.72567762408,12.173597165991902,65280.0,0
84.79508947368421,0.004032258064516129,0.9789011500279815,46791.93895464042,12.12451008064516,65280.0,0
87.78102075471695,0.008620689655172414,0.900742236148452,48534.878268214365,13.771668103448274,74752.0,0
87.78102075471695,0.012875536480686695,0.9078391174583554,48534.84739264255,14.520070815450643,74752.0,0
87.78102075471695,0.01282051282051282,0.9149361352484475,48534.82423598947,14.45801923076923,74752.0,0
87.78102075471695,0.01276595744680851,0.9163124968153453,48534.80107935848,14.39649574468085,74752.0,0
90.3992088888889,0.013215859030837005,1.0546731315584168,-196.52007171791152,14.903861233480175,65280.0,0
92.54749130434784,0.013157894736842105,1.0548922830553107,50304.48337862374,14.838493421052629,130816.0,0
90.7282,0.013100436681222707,1.0552003608087892,50303.300428483584,14.773696506550216,130816.0,0
90.7282,0.013043478260869565,0.941695734154772,6289.462778694091,14.709463043478259,74752.0,0
90.7282,0.012987012987012988,0.9489554465399596,6289.457662497058,14.645785714285713,74752.0,0
90.7282,0.01293103448275862,0.9562153026818141,6289.453569545423,14.582657327586205,74752.0,0
90.7282,0.012875536480686695,0.9634753061233919,6289.450499835194,14.520070815450643,74752.0,0
90.7282,0.01282051282051282,0.9707345128302742,6289.4423139558985,14.45801923076923,74752.0,0
90.7282,0.01276595744680851,0.9779946553034863,6289.440267489404,14.39649574468085,74752.0,0
90.7282,0.012711864406779662,0.9852546327604403,6289.437197792159,14.335493644067794,74752.0,0
90.7282,0.012658227848101266,0.9925146031306199,6289.434128097911,14.275006329113923,74752.0,0
90.7282,0.012605042016806723,0.9997745664140356,6289.431058406659,14.215027310924368,74752.0,0
90.7282,0.012552301255230125,1.0070345226106978,6289.427988718404,14.15555020920502,74752.0,0
90.7282,0.0125,1.0142943067048533,6289.423895805391,14.096568749999998,74752.0,0
90.7282,0.012448132780082987,1.0215542475469992,6289.420826124127,14.038076763485476,74752.0,0
90.7282,0.012396694214876033,1.0288116706413373,6289.402408099471,13.98006818181818,74752.0,0
90.7282,0.012345679012345678,1.036071411036565,6289.3983152197525,13.922537037037035,74752.0,0
90.7282,0.012295081967213115,1.0433311419831288,6289.39422234536,13.865477459016391,74752.0,0
90.7282,0.012244897959183673,1.0505910344009877,6289.3911526930615,13.808883673469387,74752.0,0
90.7282,0.012195121951219513,1.0578507476312446,6289.387059827992,13.752749999999999,74752.0,0
90.7282,0.012145748987854251,1.0651106246948154,6289.383990182685,13.697070850202428,74752.0,0
90.7282,0.012096774193548387,1.0723701457459422,6289.378874113833,13.64184072580645,74752.0,0
90.7282,0.012048192771084338,1.0796180626231644,6289.3062268343665,13.587054216867468,74752.0,0
90.7282,0.012,1.086877835756991,6289.303157267964,13.532705999999997,74752.0,0
90.7282,0.01195219123505976,1.094137601804394,6289.300087704557,13.478790836653385,74752.0,0
90.7282,0.011904761904761904,1.1013975399483469,6289.298041330617,13.42530357142857,74752.0,0
90.7282,0.011857707509881422,1.1075420628774024,6289.285763114941,13.372239130434782,74752.0,0
90.7282,0.011811023622047244,1.1148016173980864,6289.281670387036,13.319592519685038,74752.0,0
90.7282,0.011764705882352941,1.1220613450146533,6289.278600844603,13.26735882352941,74752.0,0
90.7282,0.01171875,1.1293212492700262,6289.276554484645,13.215533203124998,74752.0,0
90.7282,0.011673151750972763,1.1365809638948663,6289.273484947206,13.164110894941633,74752.0,0
90.7282,0.011627906976744186,1.143840671433373,6289.270415412762,13.113087209302323,74752.0,0
90.7282,0.011583011583011582,1.1511005591536676,6289.268369058132,13.062457528957527,74752.0,0
90.7282,0.011538461538461539,1.1583602537004984,6289.265299528682,13.012217307692307,74752.0,0
90.7282,0.011494252873563218,1.1656201307911145,6289.263253177381,12.962362068965515,74752.0,0
90.7282,0.011450381679389313,1.1724359630003485,6286.880158018871,12.91288740458015,74752.0,0
90.7282,0.011406844106463879,1.1796930822773457,6286.878113219391,12.863788973384029,74752.0,0
90.7282,0.011363636363636364,1.1869501968336076,6286.876068421242,12.815062499999998,74752.0,0
90.7282,0.011320754716981131,1.1942073066691385,6286.874023624423,12.766703773584904,74752.0,0
90.7282,0.011278195488721804,1.2014646071711421,6286.873001226511,12.71870864661654,74752.0,0
90.7282,0.011235955056179775,1.2087213156107754,6286.868911638194,12.671073033707863,74752.0,0
90.7282,0.011194029850746268,1.2159784101040274,6286.8668668460305,12.62379291044776,74752.0,0
90.7282,0.011152416356877323,1.2232354998765684,6286.864822055197,12.576864312267656,74752.0,0
90.7282,0.011111111111111112,1.2304925849284032,6286.862777265693,12.530283333333331,74752.0,0
90.7282,0.01107011070110701,1.2377496652595363,6286.860732477519,12.484046125461253,74752.0,0
90.7282,0.011029411764705883,1.24500694333778,6286.8597100839315,12.438148897058822,74752.0,0
90.7282,0.01098901098901099,1.2522638117597162,6286.856642905163,12.39258791208791,74752.0,0
89.00537083333334,0.010948905109489052,1.2462459376345099,44303.344610115775,12.347359489051094,130816.0,0
87.35485102040816,0.01090909090909091,1.2464552174549102,44300.36272832071,12.302459999999998,130816.0,0
85.770692,0.010869565217391304,1.2467318366731075,44299.77500090199,12.257885869565216,130816.0,0
84.2489705882353,0.010830324909747292,1.247010264324821,44299.25179327215,12.213633574007218,130816.0,0
82.78608269230769,0.01079136690647482,1.2472886853998082,44298.72859800099,12.169699640287769,130816.0,0
81.37870943396227,0.010752688172043012,1.2475664943840257,44298.183914684756,12.12608064516129,130816.0,0
80.02451851851853,0.010714285714285714,1.247806949770032,44296.31345948823,12.082773214285712,130816.0,0
78.71985454545455,0.010676156583629894,1.24808534296918,44295.79033362059,12.039774021352311,130816.0,0
77.46204999999999,0.010638297872340425,1.2483647393621315,44295.303049407165,11.997079787234041,130816.0,0
76.24833684210525,0.01060070671378092,1.2486443316050575,44294.82294162353,11.954687279151942,130816.0,0
75.0767448275862,0.01056338028169014,1.2489231096273454,44294.31418204666,11.912593309859153,130816.0,0
73.94508305084744,0.010526315789473684,1.2492026895766752,44293.83409569894,11.870794736842104,130816.0,0
72.85137499999999,0.01048951048951049,1.249482465591515,44293.361184994035,11.82928846153846,130816.0,0
71.7937737704918,0.010452961672473868,1.2497618312942733,44292.87395422347,11.788071428571428,130816.0,0
70.77052258064516,0.010416666666666666,1.2500415952749313,44292.401064020465,11.747140624999998,130816.0,0
69.78000952380953,0.010380622837370242,1.2503201397523225,44291.8851953151,11.706493079584774,130816.0,0
68.8121,0.010344827586206896,1.2505950363982647,44291.24037633141,11.666125862068965,130816.0,0
67.8742523076923,0.010309278350515464,1.2508719484212267,44290.66721966303,11.626036082474226,130816.0,0
66.96508787878787,0.010273972602739725,1.2511490556580818,44290.10124200987,11.586220890410958,130816.0,0
66.08332537313431,0.010238907849829351,1.2514265606588169,44289.54960682498,11.54667747440273,130816.0,0
65.22772058823529,0.01020408163265306,1.2517058809382007,44289.06245990571,11.507403061224489,130816.0,0
64.3971376811594,0.010169491525423728,1.251985195073087,44288.575323702724,11.468394915254235,130816.0,0
65.263725,0.006920415224913495,1.227762088564738,48508.85638478808,1.3020692041522492,74752.0,0
67.0457106060606,0.006968641114982578,1.2633439611784987,49692.34869464135,1.3111428571428572,74752.0,0
67.0457106060606,0.006944444444444444,1.270608612824316,49692.26778025479,1.3065902777777778,74752.0,0
66.10694626865671,0.006920415224913495,1.2673150904897903,87733.38478802235,1.3020692041522492,130816.0,0
65.91696764705883,0.006920415224913495,1.2566083970294568,87191.9759792712,1.3020692041522492,130816.0,0
65.91696764705883,0.006896551724137931,1.2497132952865555,48696.87334786262,1.2975793103448277,74752.0,0
65.91696764705883,0.006872852233676976,1.2568334405825412,48696.83449534035,1.2931202749140893,74752.0,0
65.91696764705883,0.00684931506849315,1.2629390947074313,48657.7104130374,1.2886917808219178,74752.0,0
65.91696764705883,0.006825938566552901,1.2700535033105433,48657.67162298182,1.2842935153583617,74752.0,0
65.91696764705883,0.006802721088435374,1.2771685114671985,48657.65610697691,1.2799251700680272,74752.0,0
65.91696764705883,0.006779661016949152,1.284283310319493,48657.63283298809,1.275586440677966,74752.0,0
65.91696764705883,0.006756756756756757,1.2913981023654726,48657.60955902154,1.271277027027027,74752.0,0
65.91696764705883,0.006734006734006734,1.2985128876051468,48657.586285077254,1.266996632996633,74752.0,0
65.91696764705883,0.006711409395973154,1.3052730415539664,48644.34702037044,1.262744966442953,74752.0,0
65.91696764705883,0.006688963210702341,1.3123854625122775,48644.3082516186,1.2585217391304349,74752.0,0
65.91696764705883,0.006666666666666667,1.3194982927807497,48644.28499039715,1.2543266666666666,74752.0,0
65.91696764705883,0.006644518272425249,1.3266111162466567,48644.26172919795,1.2501594684385382,74752.0,0
65.91696764705883,0.006622516556291391,1.3328501192320337,48612.36830367952,1.246019867549669,74752.0,0
65.91696764705883,0.006600660066006601,1.3399580559802988,48612.337329438116,1.241907590759076,74752.0,0
65.91696764705883,0.006578947368421052,1.3470661982473748,48612.31409878296,1.2378223684210525,74752.0,0
65.91696764705883,0.006557377049180328,1.3541743337208372,48612.29086815001,1.2337639344262294,74752.0,0
65.91696764705883,0.006535947712418301,1.3612826792417967,48612.27538107371,1.229732026143791,74752.0,0
65.91696764705883,0.006514657980456026,1.3683908022602218,48612.25215047777,1.225726384364821,74752.0,0
65.91696764705883,0.006493506493506494,1.3754989184850601,48612.22891990403,1.2217467532467532,74752.0,0
65.91696764705883,0.006472491909385114,1.3826068076787434,48612.19794584024,1.2177928802588998,74752.0,0
65.91696764705883,0.0064516129032258064,1.389467461929673,48603.519019754836,1.2138645161290322,74752.0,0
65.91696764705883,0.006430868167202572,1.39657451354333,48603.50353826716,1.2099614147909967,74752.0,0
65.066284057971,0.006430868167202572,1.3924915084390241,87151.8738726695,1.2099614147909967,130816.0,0
64.22456285714286,0.00641025641025641,1.3926604123185242,87144.39852150719,1.2060833333333334,130816.0,0
63.40794366197183,0.006389776357827476,1.3928556615854497,87138.57446143912,1.202230031948882,130816.0,0
62.614573611111105,0.006369426751592357,1.393104748694102,87136.12026928201,1.1984012738853502,130816.0,0
61.83783424657533,0.006349206349206349,1.3933602512255137,87134.06828252433,1.1945968253968253,130816.0,0
61.08252702702701,0.006329113924050633,1.3936170721751053,87132.0995752646,1.1908164556962026,130816.0,0
60.334717333333316,0.006309148264984227,1.3938736597417627,87130.11709377108,1.1870599369085173,130816.0,0
59.60704210526314,0.006289308176100629,1.3941284611251796,87128.02380214435,1.1833270440251573,130816.0,0
58.898687012987,0.006269592476489028,1.394385468752829,87126.0692299113,1.1796175548589343,130816.0,0
58.20889615384614,0.00625,1.3946431305048965,87124.15632923586,1.17593125,130816.0,0
57.53360126582277,0.006230529595015576,1.3949003371005353,87122.21579119275,1.1722679127725857,130816.0,0
58.22920897435897,0.006230529595015576,1.4133524735373935,48959.03999856256,1.1722679127725857,74752.0,0
58.22920897435897,0.006211180124223602,1.420509680424633,48958.96145465653,1.1686273291925466,74752.0,0
58.22920897435897,0.006191950464396285,1.425527890089812,48885.53121191049,1.1650092879256966,74752.0,0
58.22920897435897,0.006172839506172839,1.4326750199016323,48885.476396125785,1.1614135802469137,74752.0,0
58.22920897435897,0.006153846153846154,1.439822594966384,48885.43724206911,1.15784,74752.0,0
58.22920897435897,0.006134969325153374,1.4451439111650508,48823.69893592666,1.1542883435582822,74752.0,0
57.546851898734175,0.0061162079510703364,1.4452342547952752,86432.04945783917,1.1507584097859327,130816.0,0
56.85450374999999,0.006097560975609756,1.4454561187915083,86427.98483882939,1.14725,130816.0,0
56.20455925925925,0.0060790273556231,1.44194098687147,86200.5208937668,1.1437629179331308,130816.0,0
56.20455925925925,0.006060606060606061,1.448136003169512,48655.12713043259,1.1402969696969698,74752.0,0
56.20455925925925,0.006042296072507553,1.4552501184443318,48655.09610167814,1.1368519637462235,74752.0,0
56.20455925925925,0.006024096385542169,1.4623644577930848,48655.07283013826,1.1334277108433735,74752.0,0
56.20455925925925,0.006006006006006006,1.4694778532095143,48655.018529965135,1.130024024024024,74752.0,0
56.20455925925925,0.005988023952095809,1.4765902910875848,48654.93320136652,1.1266407185628742,74752.0,0
56.20455925925925,0.005970149253731343,1.4814779934113524,48581.89326034264,1.1232776119402985,74752.0,0
56.20455925925925,0.005952380952380952,1.488555313272506,48581.011616363896,1.1199345238095237,74752.0,0
56.20455925925925,0.005934718100890208,1.4943257212239967,48537.68810969815,1.1166112759643918,74752.0,0
56.20455925925925,0.005917159763313609,1.5014226357637823,48537.65723055126,1.1133076923076923,74752.0,0
56.20455925925925,0.0058997050147492625,1.5085195412736148,48537.626351443665,1.110023598820059,74752.0,0
56.20455925925925,0.005917159763313609,1.5156003478494215,49912.5383758738,1.1133076923076923,74752.0,0
56.20455925925925,0.0058997050147492625,1.522727727696855,49912.50648569008,1.110023598820059,74752.0,0
55.580435365853646,0.0058823529411764705,1.5227004750375848,87454.8179756347,1.1067588235294117,130816.0,0
54.97195542168674,0.005865102639296188,1.5229360874381095,87451.73153627192,1.1035131964809384,130816.0,0
54.35139047619047,0.005847953216374269,1.5232062225029919,87450.62829179864,1.1002865497076024,130816.0,0
54.35139047619047,0.0058309037900874635,1.5280619399042648,49825.693268234194,1.0970787172011662,74752.0,0
54.35139047619047,0.005813953488372093,1.533286298899684,49764.29984662052,1.093889534883721,74752.0,0
54.35139047619047,0.005797101449275362,1.5403917634706565,49764.24436982777,1.0907188405797101,74752.0,0
54.35139047619047,0.005780346820809248,1.5474977050950207,49764.20474362296,1.0875664739884394,74752.0,0
54.35139047619047,0.005763688760806916,1.554603387823478,49764.1571922605,1.0844322766570604,74752.0,0
54.35139047619047,0.005747126436781609,1.561704331484702,49763.95906256171,1.081316091954023,74752.0,0
54.35139047619047,0.0057306590257879654,1.568810215398826,49763.91943681127,1.07821776504298,74752.0,0
53.79159058823529,0.005714285714285714,1.5678286316381758,87142.00678130945,1.0751371428571428,130816.0,0
53.24598488372092,0.005698005698005698,1.5680089199274754,87136.00297863166,1.0720740740740742,130816.0,0
52.70081954022988,0.005681818181818182,1.5682515621411666,87133.46582342447,1.069028409090909,130816.0,0
52.67191609195401,0.005681818181818182,1.5948483757480725,87435.5886146853,1.069028409090909,130816.0,0
52.13130909090909,0.0056657223796034,1.595017434667768,87428.78356867646,1.066,130816.0,0
51.60292359550561,0.005649717514124294,1.5952956478798443,87427.96307336236,1.0629887005649719,130816.0,0
51.559621111111106,0.005649717514124294,1.6058074353506313,89352.73363900102,1.0629887005649719,130816.0,0
51.559621111111106,0.005633802816901409,1.5922133838474193,50324.103809075,1.0599943661971831,74752.0,0
51.559621111111106,0.0056179775280898875,1.5993988402450499,50324.038969100126,1.0570168539325844,74752.0,0
51.559621111111106,0.0056022408963585435,1.6065855718757776,50324.01465415263,1.0540560224089637,74752.0,0
51.559621111111106,0.00558659217877095,1.6137717767470925,50323.974129292335,1.0511117318435754,74752.0,0
51.0643989010989,0.005571030640668524,1.6070156964732554,87811.03365365881,1.0481838440111422,130816.0,0
50.58090760869565,0.005555555555555556,1.6072080542112246,87805.66922776712,1.0452722222222222,130816.0,0
50.533412087912076,0.005571030640668524,1.6298468992815,50702.50950795413,1.0481838440111422,74752.0,0
50.533412087912076,0.005555555555555556,1.606735738381953,49762.456712023915,1.0452722222222222,74752.0,0
50.533412087912076,0.00554016620498615,1.6138415626743636,49762.417087602276,1.042376731301939,74752.0,0
50.533412087912076,0.0055248618784530384,1.6209437616620364,49762.26651537556,1.0394972375690608,74752.0,0
50.533412087912076,0.005509641873278237,1.628050066027868,49762.24274089674,1.036633608815427,74752.0,0
50.533412087912076,0.005494505494505495,1.6351563636034705,49762.21896644064,1.0337857142857143,74752.0,0
50.533412087912076,0.005479452054794521,1.642262915925089,49762.20311681586,1.0309534246575343,74752.0,0
50.01214065934065,0.005479452054794521,1.6459807575025915,44562.83383311768,1.0309534246575343,130816.0,0
49.51472282608695,0.00546448087431694,1.6461572603694958,44559.782427534235,1.028136612021858,130816.0,0
49.028391397849454,0.005449591280653951,1.6464052126804067,44558.66581711806,1.0253351498637602,130816.0,0
49.028391397849454,0.005434782608695652,1.6502630933165798,7012.684101971364,1.0225489130434782,74752.0,0
49.028391397849454,0.005420054200542005,1.6573704039645156,7012.677399489303,1.0197777777777777,74752.0,0
49.028391397849454,0.005405405405405406,1.6644787615932735,7012.675165331462,1.0170216216216217,74752.0,0
49.028391397849454,0.005390835579514825,1.6715863158709316,7012.669579943091,1.0142803234501347,74752.0,0
49.028391397849454,0.005376344086021506,1.6754000122962573,6998.904106871112,1.0115537634408602,74752.0,0
49.028391397849454,0.005361930294906166,1.682493868012454,6998.899656091655,1.0088418230563003,74752.0,0
48.54810212765957,0.005361930294906166,1.9478458769856755,43404.10401947107,1.0088418230563003,130816.0,0
48.07879157894736,0.0053475935828877,1.948053037424659,43401.26810915845,1.006144385026738,130816.0,0
48.07879157894736,0.005333333333333333,1.9549205625749402,0.0,1.0034613333333333,74752.0,0
48.07879157894736,0.005319148936170213,1.9631498142295813,0.0,1.0007925531914894,74752.0,0
48.07879157894736,0.005305039787798408,1.9713797779061886,0.0,0.9981379310344828,74752.0,0
48.07879157894736,0.005291005291005291,1.9796097324752233,0.0,0.9954973544973545,74752.0,0
48.07879157894736,0.005277044854881266,1.987839677936701,0.0,0.9928707124010554,74752.0,0
48.07879157894736,0.005263157894736842,1.994658376797747,0.0,0.9902578947368421,74752.0,0
47.62851458333333,0.005249343832020997,1.9918974774437765,43272.85598856115,0.9876587926509186,130816.0,0
47.62851458333333,0.005235602094240838,1.997778015123373,0.0,0.9850732984293193,74752.0,0
47.62851458333333,0.005221932114882507,2.005979791082218,0.0,0.9825013054830287,74752.0,0
47.62851458333333,0.005208333333333333,2.0134794902854574,0.0,0.9799427083333333,74752.0,0
47.62851458333333,0.005194805194805195,2.02167838971887,0.0,0.9773974025974026,74752.0,0
47.62851458333333,0.0051813471502590676,2.029877653090635,0.0,0.9748652849740933,74752.0,0
47.62851458333333,0.00516795865633075,2.038076535952391,0.0,0.9723462532299741,74752.0,0
47.18824639175257,0.005154639175257732,2.0383682692540193,43206.35421611569,0.969840206185567,130816.0,0
46.757194897959174,0.005141388174807198,2.0386626127968426,43205.53654197267,0.9673470437017995,130816.0,0
46.334918181818175,0.005128205128205128,2.038982794562389,43205.26663691379,0.9648666666666667,130816.0,0
46.334918181818175,0.005115089514066497,2.0463251846650374,0.0,0.9623989769820972,74752.0,0
46.334918181818175,0.00510204081632653,2.0545191168200243,0.0,0.9599438775510204,74752.0,0
46.334918181818175,0.005089058524173028,2.062713409750258,0.0,0.957501272264631,74752.0,0
46.334918181818175,0.005076142131979695,2.0709076876310286,0.0,0.9550710659898477,74752.0,0
46.334918181818175,0.005063291139240506,2.07910156861937,0.0,0.952653164556962,74752.0,0
46.334918181818175,0.005050505050505051,2.0872958148967533,0.0,0.9502474747474747,74752.0,0
46.334918181818175,0.005037783375314861,2.095482733960435,0.0,0.9478539042821159,74752.0,0
46.334918181818175,0.005025125628140704,2.10367769426064,0.0,0.9454723618090453,74752.0,0
46.334918181818175,0.005012531328320802,2.111873033389673,0.0,0.9431027568922306,74752.0,0
46.334918181818175,0.005,2.120067977134042,0.0,0.940745,74752.0,0
46.334918181818175,0.004987531172069825,2.127521691740364,0.0,0.9383990024937656,74752.0,0
46.334918181818175,0.004975124378109453,2.1310969796424137,0.0,0.9360646766169154,74752.0,0
46.334918181818175,0.004962779156327543,2.139271336346529,0.0,0.933741935483871,74752.0,0
46.334918181818175,0.0049504950495049506,2.147446077467392,0.0,0.9314306930693069,74752.0,0
46.334918181818175,0.0049382716049382715,2.1556204176987728,0.0,0.9291308641975309,74752.0,0
46.334918181818175,0.0049261083743842365,2.163795145341634,0.0,0.9268423645320197,74752.0,0
46.334918181818175,0.004914004914004914,2.171969469100326,0.0,0.9245651105651106,74752.0,0
46.334918181818175,0.004901960784313725,2.1801441832652215,0.0,0.9222990196078431,74752.0,0
45.91669299999999,0.004889975550122249,2.1801921478439215,43072.56547970016,0.9200440097799512,130816.0,0
45.502853465346526,0.004878048780487805,2.180422996867188,43070.569491863185,0.9178,130816.0,0
45.09720980392156,0.004866180048661801,2.1807388990693948,43070.253937599184,0.9155669099756691,130816.0,0
44.69366699029125,0.0048543689320388345,2.1810571935353296,43069.985720110206,0.9133446601941747,130816.0,0
44.29794038461538,0.004842615012106538,2.181375084498697,43069.70961736097,0.9111331719128329,130816.0,0
43.90980761904761,0.004830917874396135,2.181692172198943,43069.417741160905,0.9089323671497584,130816.0,0
43.90980761904761,0.004819277108433735,2.1898503776049636,0.0,0.9067421686746988,74752.0,0
43.52903018867924,0.004807692307692308,2.1901806411660747,43069.07853865539,0.9045625,130816.0,0
43.155433644859805,0.004796163069544364,2.190498868149429,43068.81033580562,0.9023932853717026,130816.0,0
42.78463703703704,0.004784688995215311,2.1908158873999706,43068.51847179395,0.9002344497607656,130816.0,0
42.42705504587156,0.00477326968973747,2.1852494619116656,42952.58353689355,0.8980859188544152,130816.0,0
42.42705504587156,0.004761904761904762,2.193341441602929,0.0,0.8959476190476191,74752.0,0
42.42705504587156,0.004750593824228029,2.2014904817315166,0.0,0.8938194774346794,74752.0,0
42.076477272727274,0.004739336492890996,2.201788464752197,42950.72417407111,0.8917014218009479,130816.0,0
41.732309009009015,0.004728132387706856,2.2021005163355105,42950.35545879907,0.8895933806146572,130816.0,0
41.39191428571428,0.0047169811320754715,2.202416182997802,42950.05735320736,0.8874952830188679,130816.0,0
41.06133893805309,0.004705882352941176,2.1960226316961764,42818.94028314647,0.8854070588235294,130816.0,0
41.06133893805309,0.004694835680751174,2.1974952939409738,0.0,0.8833286384976526,74752.0,0
41.06133893805309,0.00468384074941452,2.2055950724923203,0.0,0.8812599531615926,74752.0,0
40.75358684210526,0.004672897196261682,2.195928947263546,42496.21697969484,0.8792009345794393,130816.0,0
40.75358684210526,0.004662004662004662,2.1602894454613844,0.0,0.8771515151515151,74752.0,0
40.75358684210526,0.004651162790697674,2.1570520020985002,0.0,0.8751116279069767,74752.0,0
40.435012173913044,0.004640371229698376,2.150825438449952,41313.73217079521,0.8730812064965198,130816.0,0
40.435012173913044,0.004629629629629629,2.132367211281783,0.0,0.8710601851851852,74752.0,0
40.435012173913044,0.004618937644341801,2.1222251597804136,0.0,0.8690484988452656,74752.0,0
40.12595775862069,0.004608294930875576,2.115536012902006,40335.830127700974,0.8670460829493087,130816.0,0
40.12595775862069,0.004597701149425287,2.116235558567073,0.0,0.8650528735632184,74752.0,0
40.19162307692308,0.0045871559633027525,2.0463871739788413,38871.039505729175,0.8630688073394496,130816.0,0
40.19162307692308,0.004576659038901602,2.042218127655979,0.0,0.8610938215102975,74752.0,0
40.19162307692308,0.0045662100456621,2.0495523733238565,0.0,0.8591278538812785,74752.0,0
39.87828305084746,0.004555808656036446,2.045313236800369,38566.93366275349,0.8571708428246013,130816.0,0
39.87828305084746,0.004545454545454545,2.036024961002858,0.0,0.8552227272727273,74752.0,0
39.87828305084746,0.0045351473922902496,2.0292121225848376,0.0,0.8532834467120182,74752.0,0
39.570769747899156,0.004524886877828055,2.024998174198739,37907.05189755739,0.8513529411764706,130816.0,0
39.570769747899156,0.004514672686230248,2.020482690202761,0.0,0.849431151241535,74752.0,0
39.570769747899156,0.0045045045045045045,2.0276282057887998,0.0,0.8475180180180181,74752.0,0
39.570769747899156,0.0044943820224719105,2.034779867311248,0.0,0.8456134831460674,74752.0,0
39.570769747899156,0.004484304932735426,2.0419315219563234,0.0,0.8437174887892377,74752.0,0
39.570769747899156,0.0044742729306487695,2.0490834981396944,0.0,0.8418299776286353,74752.0,0
39.570769747899156,0.004464285714285714,2.056234151491256,0.0,0.8399508928571429,74752.0,0
39.570769747899156,0.004454342984409799,2.063386113919721,0.0,0.8380801781737194,74752.0,0
39.570769747899156,0.0044444444444444444,2.0705377399093394,0.0,0.8362177777777777,74752.0,0
39.570769747899156,0.004434589800443459,2.0757477885257485,0.0,0.8343636363636364,74752.0,0
39.570769747899156,0.004424778761061947,2.0828927186189734,0.0,0.8325176991150443,74752.0,0
39.570769747899156,0.004415011037527594,2.0900379765133055,0.0,0.8306799116997793,74752.0,0
39.570769747899156,0.004405286343612335,2.097183229831125,0.0,0.8288502202643172,74752.0,0
39.570769747899156,0.004395604395604396,2.104328478572436,0.0,0.8270285714285714,74752.0,0
39.570769747899156,0.0043859649122807015,2.1114737227372435,0.0,0.8252149122807018,74752.0,0
39.570769747899156,0.00437636761487965,2.1186182838423915,0.0,0.8234091903719912,74752.0,0
39.570769747899156,0.004366812227074236,2.125762835795424,0.0,0.8216113537117904,74752.0,0
39.570769747899156,0.004357298474945534,2.1329073785963586,0.0,0.8198213507625273,74752.0,0
39.570769747899156,0.004347826086956522,2.1400522549181176,0.0,0.8180391304347826,74752.0,0
39.570769747899156,0.004338394793926247,2.1471974681924095,0.0,0.8162646420824295,74752.0,0
39.570769747899156,0.004329004329004329,2.154342331929317,0.0,0.8144978354978355,74752.0,0
39.570769747899156,0.004319654427645789,2.161483727759851,0.0,0.8127386609071274,74752.0,0
39.570769747899156,0.004310344827586207,2.167702852479136,0.0,0.8109870689655172,74752.0,0
39.570769747899156,0.004301075268817204,2.1748439385563105,0.0,0.8092430107526882,74752.0,0
39.570769747899156,0.004291845493562232,2.180267424197247,0.0,0.8075064377682404,74752.0,0
39.570769747899156,0.004282655246252677,2.1874035672317524,0.0,0.8057773019271949,74752.0,0
39.570769747899156,0.004273504273504274,2.1943077373531232,0.0,0.8040555555555555,74752.0,0
39.28287249999999,0.0042643923240938165,2.192179361736923,37561.65731965211,0.8023411513859275,130816.0,0
39.000352066115695,0.00425531914893617,2.1923570795674205,37559.743442483385,0.8006340425531915,130816.0,0
38.72259836065573,0.004246284501061571,2.1926195283987315,37559.281501352474,0.7989341825902335,130816.0,0
38.449478861788606,0.00423728813559322,2.192885823576173,37558.88556085536,0.7972415254237288,130816.0,0
38.16965887096773,0.004228329809725159,2.1931521131392406,37558.48962870597,0.7955560253699788,130816.0,0
37.894434399999994,0.004219409282700422,2.193418397088111,37558.09370490403,0.7938776371308017,130816.0,0
37.623703174603165,0.004210526315789474,2.1936832739365437,37557.67379484152,0.7922063157894736,130816.0,0
37.3573559055118,0.004201680672268907,2.193947444042935,37557.24189714419,0.7905420168067226,130816.0,0
37.095274999999994,0.0041928721174004195,2.1942147621075847,37556.86399480735,0.7888846960167715,130816.0,0
36.83736201550388,0.0041841004184100415,2.1944824252806963,37556.49209834505,0.787234309623431,130816.0,0
36.83736201550388,0.0041753653444676405,2.201591376925427,0.0,0.7855908141962422,74752.0,0
36.57861538461539,0.004166666666666667,2.2018761935972897,37556.09621665581,0.7839541666666666,130816.0,0
36.57861538461539,0.004158004158004158,2.2074531654108314,0.0,0.7823243243243243,74752.0,0
36.57861538461539,0.004149377593360996,2.214216632968548,0.0,0.780701244813278,74752.0,0
36.57861538461539,0.004140786749482402,2.221336924437619,0.0,0.7790848861283644,74752.0,0
36.3288786259542,0.004132231404958678,2.2208131073777833,37509.90141740377,0.7774752066115702,130816.0,0
36.08229924242424,0.004123711340206186,2.2209887691179118,37507.98682791124,0.7758721649484536,130816.0,0
36.08229924242424,0.00411522633744856,2.226562593800818,0.0,0.7742757201646091,74752.0,0
36.08229924242424,0.004106776180698152,2.230231689306111,0.0,0.7726858316221766,74752.0,0
36.08229924242424,0.004098360655737705,2.2373334557816786,0.0,0.7711024590163934,74752.0,0
36.08229924242424,0.00408997955010225,2.244430574105751,0.0,0.7695255623721882,74752.0,0
36.08229924242424,0.004081632653061225,2.2515323168476047,0.0,0.7679551020408163,74752.0,0
35.846815037593984,0.004073319755600814,2.2510013758565726,37410.45841574975,0.7663910386965377,130816.0,0
35.61372537313433,0.0040650406504065045,2.251150324686568,37408.14334216241,0.7648333333333334,130816.0,0
35.61372537313433,0.004056795131845842,2.258214193309131,0.0,0.7632819472616633,74752.0,0
35.61372537313433,0.004048582995951417,2.2653127943659004,0.0,0.7617368421052632,74752.0,0
7.799692481203007,0.004132231404958678,2.2011881055586877,43865.69140678797,0.7774752066115702,130816.0,0
7.761153731343284,0.004123711340206186,2.2013265545474536,43862.6885288175,0.7758721649484536,130816.0,0
7.732417037037036,0.00411522633744856,2.198807348567425,43806.738101347204,0.7742757201646091,130816.0,0
7.732417037037036,0.004106776180698152,2.2044053733288997,6327.09668525533,0.7726858316221766,74752.0,0
7.732417037037036,0.004098360655737705,2.2115116128298027,6327.093662323209,0.7711024590163934,74752.0,0
7.732417037037036,0.00408997955010225,2.218617845540334,6327.090639393977,0.7695255623721882,74752.0,0
7.732417037037036,0.004081632653061225,2.2257244259257374,6327.088624109427,0.7679551020408163,74752.0,0
7.732417037037036,0.004073319755600814,2.2328302905903197,6327.0845935441785,0.7663910386965377,74752.0,0
7.732417037037036,0.0040650406504065045,2.2399365029297935,6327.081570623613,0.7648333333333334,74752.0,0
7.732417037037036,0.004056795131845842,2.247042708478935,6327.078547705934,0.7632819472616633,74752.0,0
7.732417037037036,0.004048582995951417,2.254148907237753,6327.075524791145,0.7617368421052632,74752.0,0
7.732417037037036,0.00404040404040404,2.259778839348347,6322.94187408944,0.7601979797979798,74752.0,0
7.732417037037036,0.004032258064516129,2.266880025179422,6322.937848805693,0.7586653225806451,74752.0,0
7.722198496240602,0.004048582995951417,2.2633469409007456,43690.82638947279,0.7617368421052632,130816.0,0
7.711482442748092,0.004073319755600814,2.5403747813386284,41994.221956090536,0.7663910386965377,130816.0,0
7.676201515151515,0.0040650406504065045,2.540667513604726,41993.71199301383,0.7648333333333334,130816.0,0
7.641527819548872,0.004056795131845842,2.5409688603628346,41993.34452729832,0.7632819472616633,130816.0,0
7.61423880597015,0.004048582995951417,2.537681929777727,41933.68300844685,0.7617368421052632,130816.0,0
7.61423880597015,0.00404040404040404,2.4872544238106316,0.0,0.7601979797979798,74752.0,0
7.61423880597015,0.004032258064516129,2.4950284608982054,0.0,0.7586653225806451,74752.0,0
7.600033333333333,0.004024144869215292,2.485001126921488,40802.05405039616,0.7571388329979879,130816.0,0
7.600033333333333,0.004016064257028112,2.4653160348971404,0.0,0.7556184738955823,74752.0,0
7.5827904411764715,0.004008016032064128,2.4563357797412664,40201.031168820955,0.7541042084168337,130816.0,0
7.5827904411764715,0.004,2.4546420179073487,0.0,0.752596,74752.0,0
7.943804379562043,0.003992015968063872,2.358834498660897,38480.92370400893,0.7510938123752495,130816.0,0
7.943804379562043,0.00398406374501992,2.326503103340837,0.0,0.749597609561753,74752.0,0
7.943804379562043,0.003976143141153081,2.333681548800338,0.0,0.7481073558648111,74752.0,0
7.943804379562043,0.003968253968253968,2.340861110354616,0.0,0.7466230158730158,74752.0,0
7.943804379562043,0.0039603960396039604,2.3480406649776135,0.0,0.7451445544554456,74752.0,0
7.943804379562043,0.003952569169960474,2.355219833707433,0.0,0.7436719367588933,74752.0,0
7.943804379562043,0.0039447731755424065,2.3623997534298065,0.0,0.7422051282051282,74752.0,0
7.915655797101449,0.003937007874015748,2.356240849820489,37732.93452602736,0.740744094488189,130816.0,0
7.888056115107914,0.003929273084479371,2.3564975682794955,37732.38960518816,0.7392888015717093,130816.0,0
7.860965714285714,0.00392156862745098,2.3567603299379054,37731.94157095531,0.7378392156862745,130816.0,0
8.205243846153847,0.004158004158004158,2.44463013398653,0.0,0.7823243243243243,74752.0,0
8.205243846153847,0.004149377593360996,2.452522126096246,0.0,0.780701244813278,74752.0,0
8.205243846153847,0.004140786749482402,2.460414545006387,0.0,0.7790848861283644,74752.0,0
8.205243846153847,0.004132231404958678,2.4683065217613853,0.0,0.7774752066115702,74752.0,0
8.205243846153847,0.004123711340206186,2.4761984901412277,0.0,0.7758721649484536,74752.0,0
8.205243846153847,0.00411522633744856,2.484090450145927,0.0,0.7742757201646091,74752.0,0
8.205243846153847,0.004106776180698152,2.4919828425337553,0.0,0.7726858316221766,74752.0,0
8.205243846153847,0.004098360655737705,2.4998752293378588,0.0,0.7711024590163934,74752.0,0
8.205243846153847,0.00408997955010225,2.507766279909301,0.0,0.7695255623721882,74752.0,0
8.205243846153847,0.004081632653061225,2.515658651358664,0.0,0.7679551020408163,74752.0,0
8.205243846153847,0.004073319755600814,2.521138175552169,0.0,0.7663910386965377,74752.0,0
8.205243846153847,0.0040650406504065045,2.5290225436898486,0.0,0.7648333333333334,74752.0,0
8.205243846153847,0.004056795131845842,2.536907800016221,0.0,0.7632819472616633,74752.0,0
8.205243846153847,0.004048582995951417,2.544792603888727,0.0,0.7617368421052632,74752.0,0
8.205243846153847,0.00404040404040404,2.5526774021882277,0.0,0.7601979797979798,74752.0,0
8.205243846153847,0.004032258064516129,2.5605585752934155,0.0,0.7586653225806451,74752.0,0
8.16734427480916,0.004024144869215292,2.557201518743854,41491.36698020673,0.7571388329979879,130816.0,0
8.13044393939394,0.004016064257028112,2.5574129302678297,41489.61001017878,0.7556184738955823,130816.0,0
8.094432330827068,0.004008016032064128,2.557645532643691,41488.197221387105,0.7541042084168337,130816.0,0
8.059082835820897,0.004,2.557931822571101,41487.65555586529,0.752596,130816.0,0
8.024365925925927,0.003992015968063872,2.5582203617405552,41487.15050210771,0.7510938123752495,130816.0,0
8.00990661764706,0.00398406374501992,2.551033224564382,41365.42624447507,0.749597609561753,130816.0,0
7.995741605839417,0.003976143141153081,2.5513286270262587,41365.047862540014,0.7481073558648111,130816.0,0
7.981813043478263,0.003968253968253968,2.5516343477000905,41364.836844852216,0.7466230158730158,130816.0,0
7.981813043478263,0.0039603960396039604,2.5543968108706148,0.0,0.7451445544554456,74752.0,0
7.981813043478263,0.003952569169960474,2.56223020322737,0.0,0.7436719367588933,74752.0,0
7.981813043478263,0.0039447731755424065,2.5681041785096665,0.0,0.7422051282051282,74752.0,0
7.981813043478263,0.003937007874015748,2.5759320351383157,0.0,0.740744094488189,74752.0,0
7.981813043478263,0.003929273084479371,2.572564240586007,0.0,0.7392888015717093,74752.0,0
7.981813043478263,0.00392156862745098,2.580357270053507,0.0,0.7378392156862745,74752.0,0
7.981813043478263,0.003913894324853229,2.5881511927479277,0.0,0.7363953033268101,74752.0,0
7.976674820143885,0.00390625,2.5878728296140663,41062.83745400393,0.73495703125,130816.0,0
7.964808571428572,0.003898635477582846,2.588027898431499,41060.27771863229,0.7335243664717349,130816.0,0
7.925134042553193,0.0038910505836575876,2.5846128698498974,41001.08426121421,0.7320972762645914,130816.0,0
7.925134042553193,0.003883495145631068,2.5797513702783195,0.0,0.7306757281553398,74752.0,0
7.925134042553193,0.003875968992248062,2.587486653521942,0.0,0.7292596899224806,74752.0,0
7.925134042553193,0.0038684719535783366,2.595228642934665,0.0,0.7278491295938104,74752.0,0
7.925134042553193,0.003861003861003861,2.602970624287478,0.0,0.7264440154440155,74752.0,0
7.925134042553193,0.0038535645472061657,2.6107121445940336,0.0,0.7250443159922929,74752.0,0
7.925134042553193,0.0038461538461538464,2.6184536541547088,0.0,0.72365,74752.0,0
7.925134042553193,0.003838771593090211,2.6261956086417206,0.0,0.7222610364683302,74752.0,0
7.925134042553193,0.0038314176245210726,2.6339375550688784,0.0,0.7208773946360153,74752.0,0
7.925134042553193,0.0038240917782026767,2.6398331420534107,0.0,0.7194990439770554,74752.0,0
7.925134042553193,0.003816793893129771,2.647566907898184,0.0,0.7181259541984732,74752.0,0
7.925134042553193,0.0038095238095238095,2.6553034119990455,0.0,0.7167580952380952,74752.0,0
7.925134042553193,0.0038022813688212928,2.663039446310952,0.0,0.7153954372623574,74752.0,0
7.925134042553193,0.003795066413662239,2.6707754698921526,0.0,0.7140379506641367,74752.0,0
7.925134042553193,0.003787878787878788,2.678511482742669,0.0,0.712685606060606,74752.0,0
7.925134042553193,0.003780718336483932,2.686247484862524,0.0,0.7113383742911153,74752.0,0
7.925134042553193,0.0037735849056603774,2.69398347625174,0.0,0.7099962264150943,74752.0,0
7.925134042553193,0.003766478342749529,2.7014829126987,0.0,0.7086591337099811,74752.0,0
7.925134042553193,0.0037593984962406013,2.7080801209521295,0.0,0.707327067669173,74752.0,0
7.925134042553193,0.00375234521575985,2.7128437232778,0.0,0.706,74752.0,0
7.925134042553193,0.003745318352059925,2.720568238716118,0.0,0.7046779026217228,74752.0,0
7.925134042553193,0.003738317757009346,2.728292276510766,0.0,0.7033607476635514,74752.0,0
7.925134042553193,0.0037313432835820895,2.7360167799145323,0.0,0.7020485074626865,74752.0,0
7.925134042553193,0.0037243947858473,2.743741277969545,0.0,0.7007411545623836,74752.0,0
7.925134042553193,0.0037174721189591076,2.7514662469817854,0.0,0.6994386617100372,74752.0,0
7.906993661971832,0.0037105751391465678,2.747467520952189,40642.90771523939,0.6981410018552876,130816.0,0
7.889504895104896,0.003703703703703704,2.7476572197101836,40641.08138466548,0.6968481481481481,130816.0,0
7.872446527777778,0.0036968576709796672,2.7479133878223143,40640.23851822049,0.6955600739371535,130816.0,0
7.85572275862069,0.0036900369003690036,2.7481942428678483,40639.76090942022,0.6942767527675276,130816.0,0
7.832742465753425,0.003683241252302026,2.7484765163137412,40639.30438209018,0.6929981583793738,130816.0,0
7.8101714285714285,0.003676470588235294,2.7487554581123885,40638.798702251464,0.6917242647058823,130816.0,0
7.788001351351351,0.003669724770642202,2.7490367683981534,40638.32815037201,0.6904550458715596,130816.0,0
7.766234228187919,0.003663003663003663,2.74931474626845,40637.80844901987,0.6891904761904762,130816.0,0
7.744047333333333,0.003656307129798903,2.7495965183951157,40637.34494281207,0.6879305301645339,130816.0,0
7.722162251655629,0.0036496350364963502,2.74575722971028,40575.98173412292,0.6866751824817519,130816.0,0
7.700825657894737,0.0036429872495446266,2.7459888619370547,40574.78450469316,0.6854244080145719,130816.0,0
7.679862745098039,0.0036363636363636364,2.7462707088129923,40574.32943601466,0.6841781818181818,130816.0,0
7.98613961038961,0.003629764065335753,2.6500131513504877,130671.19382025464,0.6829364791288566,261888.0,0
7.98613961038961,0.0036231884057971015,2.651317974340082,0.0,0.6816992753623189,74752.0,0
7.98613961038961,0.003616636528028933,2.6587291041306687,0.0,0.6804665461121158,74752.0,0
7.971847096774193,0.0036101083032490976,2.64838303662303,129847.94927874407,0.6792382671480145,261888.0,0
7.971847096774193,0.0036036036036036037,2.6030418343586166,0.0,0.6780144144144145,74752.0,0
7.971847096774193,0.0035971223021582736,2.610276767807717,0.0,0.676794964028777,74752.0,0
7.971847096774193,0.003590664272890485,2.607104404846101,0.0,0.6755798922800719,74752.0,0
7.971847096774193,0.0035842293906810036,2.614305074253377,0.0,0.6743691756272402,74752.0,0
7.971847096774193,0.0035778175313059034,2.621511633737206,0.0,0.6731627906976744,74752.0,0
7.971847096774193,0.0035714285714285713,2.6287177640230723,0.0,0.6719607142857142,74752.0,0
7.971847096774193,0.0035650623885918,2.6359238873261273,0.0,0.6707629233511586,74752.0,0
7.971847096774193,0.0035587188612099642,2.643129576776856,0.0,0.6695693950177936,74752.0,0
7.971847096774193,0.003552397868561279,2.6473518055001604,0.0,0.668380106571936,74752.0,0
7.970979487179487,0.0035460992907801418,2.647115868618481,126595.35826761811,0.6671950354609929,261888.0,0
7.95807643312102,0.0035398230088495575,2.6402943491690922,126255.18808084396,0.6660141592920354,261888.0,0
7.945425949367089,0.0035335689045936395,2.6405586232888525,126253.88834013203,0.6648374558303887,261888.0,0
7.932979245283018,0.003527336860670194,2.640834785813416,126253.15724774149,0.6636649029982363,261888.0,0
7.940138607594936,0.003663003663003663,2.4705373775396495,6322.716466092013,0.6891904761904762,74752.0,0
7.940138607594936,0.003656307129798903,2.475932375694502,6318.359390175768,0.6879305301645339,74752.0,0
7.940138607594936,0.0036496350364963502,2.483021564278762,6318.338288113489,0.6866751824817519,74752.0,0
8.091172,0.0038240917782026767,2.36761058436765,131567.82690811018,0.7194990439770554,261888.0,0
8.067796026490067,0.003816793893129771,2.3648186445342128,131396.63539450523,0.7181259541984732,261888.0,0
8.067796026490067,0.0038095238095238095,2.3682458084234086,6320.475336137381,0.7167580952380952,74752.0,0
8.067796026490067,0.0038022813688212928,2.3753426435152143,6320.467291854727,0.7153954372623574,74752.0,0
8.067796026490067,0.003795066413662239,2.3824409766469405,6320.463269721077,0.7140379506641367,74752.0,0
8.067796026490067,0.003787878787878788,2.3895389205890014,6320.458242061215,0.712685606060606,74752.0,0
8.067796026490067,0.003780718336483932,2.395885958614214,6318.472941787939,0.7113383742911153,74752.0,0
8.067796026490067,0.0037735849056603774,2.402981274534677,6318.466912396194,0.7099962264150943,74752.0,0
8.067796026490067,0.003766478342749529,2.4100769602153544,6318.461887911863,0.7086591337099811,74752.0,0
8.067796026490067,0.0037593984962406013,2.4171734034709145,6318.4588732251,0.707327067669173,74752.0,0
8.067796026490067,0.00375234521575985,2.4242694543962453,6318.454853647226,0.706,74752.0,0
8.067796026490067,0.003745318352059925,2.431364722919864,6318.4488242900015,0.7046779026217228,74752.0,0
8.067796026490067,0.003738317757009346,2.4384607535315808,6318.444804724912,0.7033607476635514,74752.0,0
8.067796026490067,0.0037313432835820895,2.4455567751148353,6318.440785164937,0.7020485074626865,74752.0,0
8.067796026490067,0.0037243947858473,2.4526449862662503,6318.416667912481,0.7007411545623836,74752.0,0
8.117504895104895,0.003780718336483932,2.828689000577229,144106.25591072193,0.7113383742911153,261888.0,0
8.10158611111111,0.0037735849056603774,2.8287874372476094,144094.32457666495,0.7099962264150943,261888.0,0
8.082936551724138,0.003766478342749529,2.829022437211775,144089.35156629342,0.7086591337099811,261888.0,0
8.065155479452056,0.0037593984962406013,2.829156148537355,144079.22144216293,0.707327067669173,261888.0,0
8.047842857142859,0.00375234521575985,2.829411366034109,144075.28086487908,0.706,261888.0,0
8.030976351351352,0.003745318352059925,2.8296712441103864,144071.5785054505,0.7046779026217228,261888.0,0
8.030976351351352,0.003738317757009346,2.8235599648828806,0.0,0.7033607476635514,74752.0,0
8.030976351351352,0.0037313432835820895,2.831708095638415,0.0,0.7020485074626865,74752.0,0
8.030976351351352,0.0037243947858473,2.839855695853755,0.0,0.7007411545623836,74752.0,0
8.030976351351352,0.0037174721189591076,2.848004321435772,0.0,0.6994386617100372,74752.0,0
8.012165771812082,0.0037105751391465678,2.8369798137169857,142773.6748401879,0.6981410018552876,261888.0,0
7.994124666666667,0.003703703703703704,2.837136519658836,142764.97527848897,0.6968481481481481,261888.0,0
7.994124666666667,0.0036968576709796672,2.843437351502782,0.0,0.6955600739371535,74752.0,0
7.994124666666667,0.0036900369003690036,2.8515478092696056,0.0,0.6942767527675276,74752.0,0
7.986974834437087,0.003683241252302026,2.836923679384319,141925.66525404959,0.6929981583793738,261888.0,0
7.986974834437087,0.003676470588235294,2.8374209130015458,0.0,0.6917242647058823,74752.0,0
7.986974834437087,0.003669724770642202,2.8454668566490415,0.0,0.6904550458715596,74752.0,0
7.986974834437087,0.003663003663003663,2.8535133032836004,0.0,0.6891904761904762,74752.0,0
7.986974834437087,0.003656307129798903,2.861559741211715,0.0,0.6879305301645339,74752.0,0
7.986974834437087,0.0036496350364963502,2.869606687930104,0.0,0.6866751824817519,74752.0,0
7.986974834437087,0.0036429872495446266,2.8765860305464277,0.0,0.6854244080145719,74752.0,0
7.986974834437087,0.0036363636363636364,2.8846211404713005,0.0,0.6841781818181818,74752.0,0
7.986974834437087,0.003629764065335753,2.892664538677002,0.0,0.6829364791288566,74752.0,0
7.986974834437087,0.0036231884057971015,2.9007074052740327,0.0,0.6816992753623189,74752.0,0
7.986974834437087,0.003616636528028933,2.9087507846303136,0.0,0.6804665461121158,74752.0,0
7.986974834437087,0.0036101083032490976,2.916794155286754,0.0,0.6792382671480145,74752.0,0
7.986974834437087,0.0036036036036036037,2.9248375172433683,0.0,0.6780144144144145,74752.0,0
7.986974834437087,0.0035971223021582736,2.931632595009251,0.0,0.676794964028777,74752.0,0
7.986974834437087,0.003590664272890485,2.939673046587971,0.0,0.6755798922800719,74752.0,0
7.986974834437087,0.0035842293906810036,2.947713492371386,0.0,0.6743691756272402,74752.0,0
7.986974834437087,0.0035778175313059034,2.9557533997562,0.0,0.6731627906976744,74752.0,0
7.986974834437087,0.0035714285714285713,2.9637932984486555,0.0,0.6719607142857142,74752.0,0
7.986974834437087,0.0035650623885918,2.971833723948941,0.0,0.6707629233511586,74752.0,0
7.986974834437087,0.0035587188612099642,2.979874143653951,0.0,0.6695693950177936,74752.0,0
7.986974834437087,0.003552397868561279,2.9879145575636925,0.0,0.668380106571936,74752.0,0
7.986974834437087,0.0035460992907801418,2.995954965678171,0.0,0.6671950354609929,74752.0,0
7.986974834437087,0.0035398230088495575,3.0039953679973936,0.0,0.6660141592920354,74752.0,0
7.97707105263158,0.0035335689045936395,2.99208641991895,140857.3402967729,0.6648374558303887,261888.0,0
7.967760130718955,0.003527336860670194,2.9922483439055703,140849.656221479,0.6636649029982363,261888.0,0
7.9586792207792225,0.0035211267605633804,2.9925326804387513,140847.73533364845,0.6624964788732395,261888.0,0
7.94661870967742,0.0035149384885764497,2.9928223796290117,140846.06723672245,0.6613321616871705,261888.0,0
7.934803846153847,0.0035087719298245615,2.993112071957385,140844.3991793074,0.6601719298245614,261888.0,0
7.923230573248408,0.0035026269702276708,2.9934017574241154,140842.73116140193,0.659015761821366,261888.0,0
7.908329113924051,0.0034965034965034965,2.9936919732086125,140841.08845510977,0.6578636363636363,261888.0,0
7.893703144654089,0.0034904013961605585,2.993983256673906,140839.4963301949,0.6567155322862129,261888.0,0
7.879354375,0.003484320557491289,2.994271309927281,140837.75261563683,0.6555714285714286,261888.0,0
7.865303105590061,0.0034782608695652175,2.9945507590243454,140835.6046208266,0.654431304347826,261888.0,0
7.8515148148148155,0.003472222222222222,2.994840946723708,140833.96208076878,0.6532951388888889,261888.0,0
7.8515148148148155,0.0034662045060658577,2.996459470772316,0.0,0.6521629116117851,74752.0,0
7.8515148148148155,0.0034602076124567475,3.0044476853716118,0.0,0.6510346020761246,74752.0,0
7.8515148148148155,0.0034542314335060447,3.0124261799993413,0.0,0.6499101899827289,74752.0,0
7.8515148148148155,0.0034482758620689655,3.020414345977032,0.0,0.6487896551724138,74752.0,0
7.840696932515337,0.0034423407917383822,3.0070065828299786,139894.70687612888,0.6476729776247848,261888.0,0
7.830598170731708,0.003436426116838488,3.0070990646994287,139883.98624159614,0.6465601374570447,261888.0,0
7.830598170731708,0.003430531732418525,2.9302158179192737,0.0,0.645451114922813,74752.0,0
7.830598170731708,0.003424657534246575,2.9379423647835647,0.0,0.6443458904109589,74752.0,0
7.830598170731708,0.003418803418803419,2.945670936381056,0.0,0.6432444444444444,74752.0,0
7.813387878787878,0.0034129692832764505,2.9353462865032105,135456.85244914837,0.6421467576791808,261888.0,0
7.797006024096385,0.0034071550255536627,2.935435580123021,135446.5440731534,0.6410528109028961,261888.0,0
7.797006024096385,0.003401360544217687,2.7992623956641203,0.0,0.6399625850340136,74752.0,0
7.797006024096385,0.003395585738539898,2.8065842568108725,0.0,0.6388760611205433,74752.0,0
7.797006024096385,0.003389830508474576,2.813907489061019,0.0,0.637793220338983,74752.0,0
7.797006024096385,0.00338409475465313,2.8212302510562464,0.0,0.6367140439932318,74752.0,0
7.797006024096385,0.0033783783783783786,2.8285520749473805,0.0,0.6356385135135135,74752.0,0
7.797006024096385,0.003372681281618887,2.835874815309581,0.0,0.6345666104553119,74752.0,0
7.797006024096385,0.003367003367003367,2.843197546056864,0.0,0.6334983164983164,74752.0,0
7.797006024096385,0.0033613445378151263,2.85051979934024,0.0,0.6324336134453782,74752.0,0
7.779137724550898,0.003355704697986577,2.8414150137631684,128399.73573355851,0.6313724832214765,261888.0,0
7.762022023809524,0.0033500837520938024,2.8415310660064743,128391.58652985179,0.6303149078726968,261888.0,0
7.745216568047338,0.0033444816053511705,2.8417874786896316,128389.7804030977,0.6292608695652174,261888.0,0
7.72870294117647,0.00333889816360601,2.8420485329344802,128388.18433337717,0.6282103505843072,261888.0,0
7.72870294117647,0.0033333333333333335,2.843040495237548,0.0,0.6271633333333333,74752.0,0
7.72870294117647,0.0033277870216306157,2.8503152692201796,0.0,0.6261198003327787,74752.0,0
7.72870294117647,0.0033222591362126247,2.8575969938445787,0.0,0.6250797342192691,74752.0,0
7.72870294117647,0.003316749585406302,2.864879176534758,0.0,0.6240431177446103,74752.0,0
7.699043274853801,0.0033112582781456954,2.85997644759141,127870.99295484273,0.6230099337748345,261888.0,0
7.670205813953488,0.003305785123966942,2.8601080877501586,127863.6814106125,0.6219801652892561,261888.0,0
7.670205813953488,0.003389830508474576,2.685361493193843,0.0,0.637793220338983,74752.0,0
7.670205813953488,0.00338409475465313,2.6924552636544,0.0,0.6367140439932318,74752.0,0
7.670205813953488,0.0033783783783783786,2.6995498791047767,0.0,0.6356385135135135,74752.0,0
7.670205813953488,0.003372681281618887,2.7066449159210557,0.0,0.6345666104553119,74752.0,0
7.670205813953488,0.003367003367003367,2.7137399459681304,0.0,0.6334983164983164,74752.0,0
7.670205813953488,0.0033613445378151263,2.72083496924601,0.0,0.6324336134453782,74752.0,0
7.670205813953488,0.003355704697986577,2.7279304195297938,0.0,0.6313724832214765,74752.0,0
7.670205813953488,0.0033500837520938024,2.7341415580322397,0.0,0.6303149078726968,74752.0,0
7.670205813953488,0.0033444816053511705,2.741234269675756,0.0,0.6292608695652174,74752.0,0
7.670205813953488,0.00333889816360601,2.7483269745544883,0.0,0.6282103505843072,74752.0,0
7.670205813953488,0.0033333333333333335,2.7554196726684457,0.0,0.6271633333333333,74752.0,0
7.670205813953488,0.0033277870216306157,2.7625119248865935,0.0,0.6261198003327787,74752.0,0
7.670205813953488,0.0033222591362126247,2.7695975642301236,0.0,0.6250797342192691,74752.0,0
7.670205813953488,0.003316749585406302,2.7766902228866757,0.0,0.6240431177446103,74752.0,0
7.670205813953488,0.0033112582781456954,2.7837828747785287,0.0,0.6230099337748345,74752.0,0
7.670205813953488,0.003305785123966942,2.790875519905692,0.0,0.6219801652892561,74752.0,0
7.661457803468209,0.0035842293906810036,2.560255606062004,131172.53538729946,0.6743691756272402,261888.0,0
7.653378160919541,0.0035778175313059034,2.560372365294721,131163.7516821469,0.6731627906976744,261888.0,0
7.645510857142858,0.0035714285714285713,2.5606222821211966,131161.79063546928,0.6719607142857142,261888.0,0
7.635062500000001,0.0035650623885918,2.56088359627339,131160.41376539532,0.6707629233511586,261888.0,0
7.624814124293786,0.0035587188612099642,2.5611444975860795,131159.01606322097,0.6695693950177936,261888.0,0
7.6147601123595505,0.003552397868561279,2.5614058007287017,131157.6392513982,0.668380106571936,261888.0,0
7.604874301675978,0.0035460992907801418,2.561667913241251,131156.30418875048,0.6671950354609929,261888.0,0
7.595178333333333,0.0035398230088495575,2.561928798021592,131154.9065741611,0.6660141592920354,261888.0,0
7.595178333333333,0.003745318352059925,2.868377012157642,0.0,0.7046779026217228,74752.0,0
7.595178333333333,0.003738317757009346,2.8508834632261406,0.0,0.7033607476635514,74752.0,0
7.595178333333333,0.0037313432835820895,2.8587702989259207,0.0,0.7020485074626865,74752.0,0
7.595178333333333,0.0037243947858473,2.8666581342339352,0.0,0.7007411545623836,74752.0,0
7.595178333333333,0.0037174721189591076,2.874545961175357,0.0,0.6994386617100372,74752.0,0
7.595178333333333,0.0037105751391465678,2.882433270186394,0.0,0.6981410018552876,74752.0,0
7.5906928176795585,0.003703703703703704,2.8683345098041286,138063.4611575336,0.6968481481481481,261888.0,0
7.586733516483516,0.0036968576709796672,2.8684655311573684,138054.4276837282,0.6955600739371535,261888.0,0
7.582888524590164,0.0036900369003690036,2.8687529435671797,138052.92221968752,0.6942767527675276,261888.0,0
7.582888524590164,0.003683241252302026,2.8516346059523454,0.0,0.6929981583793738,74752.0,0
7.582888524590164,0.003676470588235294,2.8594122690037147,0.0,0.6917242647058823,74752.0,0
7.582888524590164,0.003669724770642202,2.8671909129038933,0.0,0.6904550458715596,74752.0,0
7.582888524590164,0.003663003663003663,2.874970044514575,0.0,0.6891904761904762,74752.0,0
7.582888524590164,0.003656307129798903,2.8827496679037923,0.0,0.6879305301645339,74752.0,0
7.582888524590164,0.0036496350364963502,2.890528275183542,0.0,0.6866751824817519,74752.0,0
7.582888524590164,0.0036429872495446266,2.8982967621146543,0.0,0.6854244080145719,74752.0,0
7.582888524590164,0.0036363636363636364,2.904332828785878,0.0,0.6841781818181818,74752.0,0
7.582888524590164,0.003629764065335753,2.9121077206427737,0.0,0.6829364791288566,74752.0,0
7.582888524590164,0.0036231884057971015,2.9198836219611772,0.0,0.6816992753623189,74752.0,0
7.582888524590164,0.003616636528028933,2.9276590104195637,0.0,0.6804665461121158,74752.0,0
7.582888524590164,0.0036101083032490976,2.9354343934584484,0.0,0.6792382671480145,74752.0,0
7.582888524590164,0.0036036036036036037,2.938150406595154,0.0,0.6780144144144145,74752.0,0
7.582888524590164,0.0035971223021582736,2.945910364940181,0.0,0.676794964028777,74752.0,0
7.582888524590164,0.003590664272890485,2.953670820883338,0.0,0.6755798922800719,74752.0,0
7.582888524590164,0.0035842293906810036,2.9614302330353657,0.0,0.6743691756272402,74752.0,0
7.582888524590164,0.0035778175313059034,2.969191175775928,0.0,0.6731627906976744,74752.0,0
7.582888524590164,0.0035714285714285713,2.9769521077162757,0.0,0.6719607142857142,74752.0,0
7.582888524590164,0.0035650623885918,2.984430094590263,0.0,0.6707629233511586,74752.0,0
7.582888524590164,0.0035587188612099642,2.9921840241017295,0.0,0.6695693950177936,74752.0,0
7.568454347826088,0.003552397868561279,2.9890190190610095,136363.1863468862,0.668380106571936,261888.0,0
7.554614054054054,0.0035460992907801418,2.9891525712296354,136354.91881021622,0.6671950354609929,261888.0,0
7.540999462365591,0.0035398230088495575,2.989432029696297,136353.3080601653,0.6660141592920354,261888.0,0
7.523151871657754,0.0035335689045936395,2.9897275819586566,136352.4316386242,0.6648374558303887,261888.0,0
7.505538829787233,0.003527336860670194,2.9900220915850717,136351.50785514212,0.6636649029982363,261888.0,0
7.488157671957672,0.0035211267605633804,2.9903160777552564,136350.56039790678,0.6624964788732395,261888.0,0
7.488157671957672,0.0035149384885764497,2.995767823463685,0.0,0.6613321616871705,74752.0,0
7.488157671957672,0.0035087719298245615,3.0035122786721424,0.0,0.6601719298245614,74752.0,0
7.488157671957672,0.0035026269702276708,3.0112572458274256,0.0,0.659015761821366,74752.0,0
7.488157671957672,0.0034965034965034965,3.0190022049163723,0.0,0.6578636363636363,74752.0,0
7.488157671957672,0.0034904013961605585,3.026747155938995,0.0,0.6567155322862129,74752.0,0
7.488157671957672,0.003484320557491289,3.034492098895306,0.0,0.6555714285714286,74752.0,0
7.488157671957672,0.0034782608695652175,3.0422375618631814,0.0,0.654431304347826,74752.0,0
7.478768421052631,0.003472222222222222,3.036399131009277,135969.9688970569,0.6532951388888889,261888.0,0
7.469752879581152,0.0034662045060658577,3.0365909757799803,135964.5045373453,0.6521629116117851,261888.0,0
7.460874479166667,0.0034602076124567475,3.036881700640214,135963.46824280915,0.6510346020761246,261888.0,0
7.451476683937825,0.0034542314335060447,3.0371587424414725,135961.81962496685,0.6499101899827289,261888.0,0
7.427940206185568,0.0034482758620689655,3.037436829805245,135960.21814877438,0.6487896551724138,261888.0,0
7.404715897435898,0.0034423407917383822,3.0377170153499455,135958.71091152696,0.6476729776247848,261888.0,0
7.38180306122449,0.003436426116838488,3.037995616005177,135957.13305833767,0.6465601374570447,261888.0,0
7.59151421319797,0.003430531732418525,2.9405052276046217,131580.6254646111,0.645451114922813,261888.0,0
7.59151421319797,0.003424657534246575,2.9138243729994047,0.0,0.6443458904109589,74752.0,0
7.59151421319797,0.003418803418803419,2.9212155749698265,0.0,0.6432444444444444,74752.0,0
7.59151421319797,0.0034129692832764505,2.928607730310731,0.0,0.6421467576791808,74752.0,0
7.59151421319797,0.0034071550255536627,2.9359998734031487,0.0,0.6410528109028961,74752.0,0
7.59151421319797,0.003401360544217687,2.943392979661686,0.0,0.6399625850340136,74752.0,0
7.59151421319797,0.003395585738539898,2.9507738553155503,0.0,0.6388760611205433,74752.0,0
7.59151421319797,0.003389830508474576,2.9581654457971944,0.0,0.637793220338983,74752.0,0
7.59151421319797,0.00338409475465313,2.9655580043355654,0.0,0.6367140439932318,74752.0,0
7.59151421319797,0.0033783783783783786,2.9672605859333965,0.0,0.6356385135135135,74752.0,0
7.59151421319797,0.003372681281618887,2.974638979974135,0.0,0.6345666104553119,74752.0,0
7.59151421319797,0.003367003367003367,2.9820183505686164,0.0,0.6334983164983164,74752.0,0
7.578559595959597,0.0033613445378151263,2.977664957828722,129602.92851180874,0.6324336134453782,261888.0,0
7.56626432160804,0.003355704697986577,2.9777423950182627,129593.2778613769,0.6313724832214765,261888.0,0
7.5542615,0.0033500837520938024,2.9779560061972745,129589.55493477144,0.6303149078726968,261888.0,0
7.54253184079602,0.0033444816053511705,2.978186814286622,129586.58102640006,0.6292608695652174,261888.0,0
7.517411881188119,0.00333889816360601,2.9784185952242743,129583.65004163687,0.6282103505843072,261888.0,0
7.517411881188119,0.0033333333333333335,2.969394793713584,0.0,0.6271633333333333,74752.0,0
7.502785714285715,0.0033277870216306157,2.9604087877817653,128624.72972748423,0.6261198003327787,261888.0,0
6.366696850393701,0.0,1.7989208424661063,-87345.10985342275,0.0,255.0,0
6.508979527559056,0.0,1.8022995415882925,-49396.52262191688,0.0,1046.0,0
6.396832258064517,0.0,1.3198762546544467,-17118.903946149345,0.0,49153.0,0
6.396832258064517,0.0,1.3230862506279457,-17118.835711135678,0.0,49153.0,0
6.384551063829788,0.0,1.249033379764106,-49689.984827118584,0.0,251.0,0
6.573712790697676,0.0,1.177737432506059,-49748.834537120514,0.0,251.0,0
6.573712790697676,0.0,1.1782503132659472,-49745.9041840039,0.0,251.0,0
7.243541666666668,0.0,1.0076475268961376,-145684.08705236984,0.0,49153.0,0
13.52465,0.0,0.09177155573648767,-174780.53652105137,0.0,253.0,0
13.52465,0.0,0.09274416290715522,-174770.3764204376,0.0,253.0,0
13.52465,0.0,0.09375725770228092,-174766.17354614043,0.0,253.0,0
13.52465,0.0,0.09477173758952218,-174764.61491566562,0.0,253.0,0
13.52465,0.0,0.0957915736135548,-174763.11197689397,0.0,253.0,0
13.52465,0.0,0.09681146918504738,-174761.74822148998,0.0,253.0,0
13.52465,0.0,0.09782598962085562,-174760.35665628285,0.0,253.0,0
13.52465,0.0,0.0988404939002668,-174758.96511323663,0.0,253.0,0
13.52465,0.0,0.09986030967426311,-174757.54576215908,0.0,253.0,0
13.52465,0.0,0.10087885582429196,-174753.95574175424,0.0,253.0,0
13.52465,0.0,0.10186109224837459,-174752.31384359417,0.0,253.0,0
13.52465,0.0,0.10284349036476498,-174750.97808480076,0.0,253.0,0
13.52465,0.0,0.10386329317848747,-174749.67017410207,0.0,253.0,0
13.52465,0.0,0.10488308072704759,-174748.36228298114,0.0,253.0,0
13.52465,0.0,0.1058968689815137,-174745.99699769373,0.0,253.0,0
13.52465,0.0,0.10690982966131532,-174742.3239756999,0.0,253.0,0
19.509520000000002,0.0,0.02378263976769144,-173468.03280938297,0.0,1992.0,0
26.05518,0.0,0.03929938206516892,1905.5110162795447,0.0,1992.0,0
27.919516666666667,0.0,0.03998388660115761,1905.5095211317705,0.0,1992.0,0
29.249342857142857,0.0,0.04066840069969284,1905.5085243678911,0.0,1992.0,0
30.2451375,0.0,0.04135293571362811,1905.5085243678911,0.0,1992.0,0
31.018377777777776,0.0,0.042037448737953766,1905.5075276050545,0.0,1992.0,0
31.635789999999997,0.0,0.04272197221997727,1905.5070292240273,0.0,1992.0,0
32.13989090909091,0.0,0.043406495343929846,1905.5065308432609,0.0,1992.0,0
32.55898333333333,0.0,0.04409101810981177,1905.506032462755,0.0,1992.0,0
33.038799999999995,0.0,0.0446942389027852,1902.0455942311323,0.0,1992.0,0
33.449171428571425,0.0,0.04537745881260738,1902.042614804513,0.0,1992.0,0
33.80412666666667,0.0,0.046060700632289946,1902.040628525286,0.0,1992.0,0
34.11403125,0.0,0.046743977635545865,1902.0401319561274,0.0,1992.0,0
34.85329411764706,0.0,0.04701896478799967,1885.6654469143753,0.0,1992.0,0
35.50932777777777,0.0,0.04769634668347988,1885.6644708030897,0.0,1992.0,0
36.095,0.0,0.0483734023525904,1885.6508053512011,0.0,1992.0,0
36.095,0.0,0.04001362556240957,1518.3429657878673,0.0,1992.0,0
36.095,0.0,0.04107651880789383,1518.341700061959,0.0,1992.0,0
36.095,0.0,0.04533124380553252,1513.3066284250076,0.0,1992.0,0
36.095,0.0,0.049401053562611916,1513.290597457973,0.0,1992.0,0
34.502185,0.0,0.04989854714334746,-1.741781176464237,0.0,253.0,0
33.06534761904762,0.0,0.05024308726802653,0.0,0.0,255.0,0
33.06534761904762,0.0,0.0521098887961375,1446.2942100040082,0.0,1992.0,0
33.06534761904762,0.0,0.055048786145973715,1421.7280470970077,0.0,1992.0,0
33.06534761904762,0.0,0.05917397278005934,1421.7272147693245,0.0,1992.0,0
31.750645454545452,0.0,0.05945698323088817,-2.4471922633720844,0.0,252.0,0
31.750645454545452,0.0,0.06218830381189503,1385.7384508577286,0.0,1992.0,0
30.55592608695652,0.0,0.062447748293260295,0.0,0.0,255.0,0
30.55592608695652,0.0,0.06075430167071357,1323.2297873662037,0.0,1992.0,0
31.47518333333333,0.0,0.058846484727358386,0.0,0.0,255.0,0
31.47518333333333,0.0,0.05924412247260564,1261.8579646718167,0.0,1992.0,0
32.30962399999999,0.0,0.057488469795172754,0.0,0.0,255.0,0
32.30962399999999,0.017543859649122806,0.05933129188900685,45504.072172611224,74.32252105263159,65280.0,0
32.30962399999999,0.017241379310344827,0.05992732979384126,1210.5053010966399,73.04109827586207,1992.0,0
33.11017692307692,0.01694915254237288,0.058185751355148155,0.0,71.80311355932204,255.0,0
33.472684,0.017241379310344827,0.06605201946685951,-36024.1383346813,73.04109827586207,1992.0,0
34.49746538461538,0.01694915254237288,0.0635843966122253,-35711.814411710984,71.80311355932204,254.0,0
34.49746538461538,0.016666666666666666,0.06433302850315557,-34371.14778454459,70.606395,1992.0,0
34.49746538461538,0.01639344262295082,0.06521339031285567,-34371.12986750767,69.4489131147541,1992.0,0
34.49746538461538,0.016129032258064516,0.06609376268919899,-34371.117922826765,68.32876935483871,1992.0,0
34.49746538461538,0.015873015873015872,0.06697413445364718,-34371.105978154155,67.24418571428572,1992.0,0
33.42511851851852,0.015625,0.06713437982604928,-35494.37807190104,66.1934953125,254.0,0
32.430674999999994,0.015384615384615385,0.06756224820414986,-35494.13340334044,65.17513384615386,253.0,0
32.430674999999994,0.030303030303030304,0.06755778565765623,-33791.07340701601,64.18763181818183,1992.0,0
31.499651724137927,0.029850746268656716,0.06778695047783412,-34901.25798481815,63.22960746268657,253.0,0
27.01834444444444,0.08333333333333333,0.026659683451699397,-1187.1377706009498,176.51598750000002,255.0,0
27.690709999999996,0.08,0.02651836059579913,-633.2982125357108,169.45534800000001,1044.0,0
30.307244444444443,0.09090909090909091,0.01703492445309167,-1169.7368665014324,192.56289545454547,255.0,0
35.19741111111111,0.09523809523809523,0.01381257589020853,-643.1395846717921,201.73255714285716,1044.0,0
26.44973333333333,0.06666666666666667,0.009194681221493776,-1236.8696565755558,0.0,254.0,0
28.933557142857143,0.0625,0.009413409447550512,8394.773645161615,0.0,14156.0,0
41.954033333333335,0.0,0.004605740728196607,71232.1513633061,0.0,70656.0,0
41.954033333333335,0.0,0.005033915443249885,71106.07566617879,0.0,70656.0,0
32.252075,0.0,0.005452913051671051,65468.1815334029,0.0,65280.0,0
32.252075,0.0,0.005303969391311558,-1.8114649560490295,0.0,253.0,0
58.86638000000001,0.0,0.005029137708526631,12707.553317080683,0.0,16386.0,0
58.86638000000001,0.0,0.007900742611388694,1187.1617574379031,0.0,1992.0,0
58.86638000000001,0.0,0.011411418973753982,1184.3711016617272,0.0,1992.0,0
58.86638000000001,0.0,0.014935180424045576,1183.9361261668112,0.0,1992.0,0
58.86638000000001,0.0,0.01843540619638267,1182.1581719992873,0.0,1992.0,0
49.961166666666664,0.0,0.0188038863736598,0.0,0.0,255.0,0
43.22195714285714,0.0,0.019204784441485354,-2.7171455067183583,0.0,251.0,0
43.22195714285714,0.0,0.022707505686868027,1179.231564759919,0.0,1992.0,0
43.22195714285714,0.0,0.02618031810481287,1177.3822635682466,0.0,1992.0,0
38.117675,0.0,0.026538638194227075,0.0,0.0,255.0,0
38.117675,0.0,0.029910272828549387,-532.7615419388989,0.0,255.0,0
43.8913875,0.0,0.02963921841265214,642.6178176193831,0.0,1990.0,0
43.263928571428565,0.0,0.0389438952164792,1405.893405752119,0.0,1990.0,0
44.8797,0.0,0.03770743675174009,-0.7745981255493034,0.0,253.0,0
44.8797,0.0,0.03493735127385494,46258.27097112093,0.0,65280.0,0
44.8797,0.0,0.035424053808601946,46436.0975236816,0.0,65535.0,0
44.8797,0.0,0.034973533986399824,45220.79052777228,0.0,65535.0,0
44.8797,0.0,0.03579666451933144,1195.9778599992183,0.0,1990.0,0
45.04941111111111,0.0,0.03627520455168942,44952.19491911233,0.0,65535.0,0
40.9082,0.0,0.03659120531079332,44664.73412936715,0.0,65280.0,0
40.9082,0.0,0.043899224674165786,44664.39766651497,0.0,65280.0,0
40.9082,0.0,0.047042025170786796,44664.09777998456,0.0,65280.0,0
37.58626363636363,0.0,0.047986853094138325,-0.6868609454674557,0.0,253.0,0
37.58626363636363,0.0,0.0507866979972678,-0.6722797045068808,0.0,253.0,0
38.68054166666666,0.0,0.05166121045027565,173559.46252744787,0.0,268032.0,0
39.605776923076924,0.0,0.05208777553902707,173384.3662354059,0.0,267776.0,0
39.605776923076924,0.0,0.05918663790140648,173384.25319435768,0.0,267776.0,0
39.605776923076924,0.0,0.06628550181132904,173384.16841366823,0.0,267776.0,0
39.605776923076924,0.0,0.07338434681786221,173384.05537287798,0.0,267776.0,0
39.605776923076924,0.0,0.08048320880416215,173383.99885253812,0.0,267776.0,0
39.605776923076924,0.0,0.08758205188709306,173383.9140720974,0.0,267776.0,0
39.605776923076924,0.0,0.09468088802771378,173383.82929173962,0.0,267776.0,0
39.605776923076924,0.0,0.1017797338152667,173383.77277154714,0.0,267776.0,0
39.605776923076924,0.0,0.10887855722833685,173383.68799132755,0.0,267776.0,0
39.605776923076924,0.0,0.11561611271150113,173383.15105186208,0.0,267776.0,0
41.27704285714286,0.0,0.11610827212238398,35124.393036834466,0.0,65535.0,0
42.00264666666667,0.0,0.11641941353994864,-8308.842835595875,0.0,1990.0,0
39.71484375,0.0,0.11651037429623083,34821.791550840106,0.0,65280.0,0
37.70105294117647,0.0,0.11690689815690031,34819.79551974606,0.0,65280.0,0
35.91274444444444,0.0,0.11730750991125459,34819.02657166152,0.0,65280.0,0
34.31366315789474,0.0,0.11770911696933305,34818.557303856825,0.0,65280.0,0
32.877250000000004,0.0,0.1181074338088635,34817.12130987832,0.0,65280.0,0
32.877250000000004,0.0,0.1253523813248715,34816.77646282125,0.0,65280.0,0
32.877250000000004,0.0,0.12881612424109382,34816.420316473945,0.0,65280.0,0
31.661385714285718,0.0,0.12955711118153185,34078.94022069654,0.0,64256.0,0
31.661385714285718,0.0,0.1302752998590903,34030.577515957,0.0,64256.0,0
32.13142727272728,0.0,0.12951709532671946,-8190.400049556805,0.0,1988.0,0
31.925769565217394,0.0,0.12905692707577038,169728.84592979838,0.0,268032.0,0
31.736649999999997,0.0,0.12947406111417237,169386.49423811949,0.0,267520.0,0
31.506252,0.0,0.13541406020906865,169521.57020131097,0.0,267776.0,0
31.506252,0.0,0.14220335837953463,169170.29004428862,0.0,267520.0,0
31.506252,0.0,0.1489369206149651,168943.6513014417,0.0,267520.0,0
29.920728,0.0,0.2256961282079281,-5435.342537117534,0.0,65280.0,0
29.920728,0.0,0.23617602107191407,199021.28369761186,0.0,267520.0,0
29.920728,0.0,0.24667345473898042,199020.99587596164,0.0,267520.0,0
29.920728,0.0,0.25717110598797543,199020.8999355966,0.0,267520.0,0
29.920728,0.0,0.26766868259959203,199020.7560252224,0.0,267520.0,0
29.920728,0.0,0.2685108955841694,-5434.755634847199,0.0,65280.0,0
29.920728,0.0,0.2785550654431937,198692.2244246532,0.0,267520.0,0
29.920728,0.0,0.2890353598297091,198692.12880100237,0.0,267520.0,0
29.920728,0.0,0.2989816620733301,198691.3160036865,0.0,267520.0,0
29.91636923076923,0.0,0.2998615396167174,198949.5486067079,0.0,267776.0,0
29.053274074074075,0.0,0.2991621735629463,-5402.477174951626,0.0,65280.0,0
28.23042142857143,0.0,0.29973410868054856,-5402.06300041111,0.0,65280.0,0
27.464958620689657,0.0,0.30032300688690944,-5401.955584261326,0.0,65280.0,0
26.696533333333335,0.0,0.3009128909084811,-5401.866289749942,0.0,65280.0,0
25.978061290322582,0.0,0.302226497312953,-6430.693064800319,0.0,64256.0,0
25.978061290322582,0.0,0.30355584841343114,-6430.586768635339,0.0,64256.0,0
25.978061290322582,0.0,0.30848615073504754,-6430.478935536975,0.0,64256.0,0
26.732809375,0.0,0.29600920279132503,189662.6470974165,0.0,267776.0,0
27.258109090909088,0.0,0.3045967875964212,188922.0548561246,0.0,267008.0,0
27.258109090909088,0.0,0.305435580983107,188921.9248418482,0.0,267008.0,0
26.569970588235293,0.0,0.3048724839851014,-5153.422443415625,0.0,65280.0,0
26.569970588235293,0.0,0.30564655101358507,-5152.8971972184945,0.0,65280.0,0
27.479185714285713,0.0,0.304492061849968,-5123.921108909163,0.0,65280.0,0
27.647652777777775,0.0,0.2972547546712713,182340.81522172556,0.0,267008.0,0
33.61423243243243,0.0,0.2916325365550492,0.0,0.0,70656.0,0
33.61423243243243,0.0,0.2852089388435454,172392.45911875038,0.0,267008.0,0
33.61423243243243,0.0,0.28597429498143595,172392.31477402343,0.0,267008.0,0
33.61423243243243,0.0,0.2867959002789473,172392.20651563682,0.0,267008.0,0
32.848078947368414,0.0,0.2861850582506397,-4925.299002797888,0.0,65024.0,0
32.124164102564094,0.0,0.2869465478620816,-5148.65450709408,0.0,64768.0,0
32.124164102564094,0.0,0.28649984075297935,-4461.639960150855,0.0,65535.0,0
32.083845,0.0,0.2806071692739623,167234.59589296873,0.0,267008.0,0
31.945785365853652,0.0,0.28119727331824834,-4361.238693161236,0.0,65535.0,0
31.338228571428566,0.0,0.2801675987049134,-4553.477309833889,0.0,65280.0,0
31.338228571428566,0.0,0.28915364642184094,-4553.067235172976,0.0,65280.0,0
31.338228571428566,0.0,0.2930178138422662,-4552.890723531247,0.0,65280.0,0
31.73758837209302,0.0,0.28196236060102564,160351.572119216,0.0,267776.0,0
31.73758837209302,0.0,0.2898404018755846,160037.3669964012,0.0,267776.0,0
31.73758837209302,0.0,0.2982705375972938,160037.1501512819,0.0,267776.0,0
31.73758837209302,0.0,0.30670082857473024,160037.026240049,0.0,267776.0,0
31.73758837209302,0.0,0.3151311674963561,160036.93330675023,0.0,267776.0,0
31.73758837209302,0.0,0.32356143399647785,160036.8093958531,0.0,267776.0,0
31.73758837209302,0.0,0.3306623681392228,159395.8867446043,0.0,267776.0,0
31.73758837209302,0.0,0.3382493857764689,159015.22266483874,0.0,267776.0,0
31.73758837209302,0.0,0.3466258138750176,159015.10033103896,0.0,267776.0,0
31.73758837209302,0.0,0.35457486400407123,159014.33574905474,0.0,267776.0,0
31.201909090909087,0.0,0.3549822381109602,-4335.897341013964,0.0,65280.0,0
30.690902222222217,0.0,0.3554480835640274,-4335.755607177695,0.0,65280.0,0
30.182436956521734,0.0,0.35476714953564786,-4321.64460233763,0.0,65280.0,0
29.634555319148934,0.0,0.3552167658138842,-4321.324908614027,0.0,65280.0,0
29.109783333333336,0.0,0.3562658444636214,-5144.35455789212,0.0,64256.0,0
29.109783333333336,0.0,0.35729728112275644,-5143.83603984605,0.0,64256.0,0
29.109783333333336,0.0,0.3565923713183695,-54899.478399569976,0.0,1988.0,0
28.605524489795922,0.0,0.35643826249483584,-56090.030023885614,0.0,252.0,0
28.605524489795922,0.0,0.35507955601366303,-55160.14955955308,0.0,252.0,0
29.551308000000002,0.0,0.3501091819758167,149335.95727463992,0.0,267776.0,0
29.022262745098043,0.0,0.3498764235764438,-4064.8840207356407,0.0,65280.0,0
29.022262745098043,0.0,0.350466198933575,-4064.3579484927764,0.0,65280.0,0
29.847525,0.0,0.34977072460672937,-51741.64164245591,0.0,1988.0,0
30.279698113207548,0.0,0.3497200126328169,-51666.193219457884,0.0,1986.0,0
31.291503703703707,0.0,0.3503718802931932,148308.10551999244,0.0,267776.0,0
31.549069090909093,0.0,0.339215718328787,-3911.005622663547,0.0,65280.0,0
32.095925,0.0,0.33714126847196124,142336.083737113,0.0,267776.0,0
32.62228363636363,0.0,0.3130596117144875,1162.0181009175794,0.0,1986.0,0
32.115451785714285,0.0,0.31309216738662526,-0.668623185610308,0.0,252.0,0
32.115451785714285,0.0,0.3499691658756314,-11924.719795899164,0.0,252.0,0
32.16506666666667,0.0,0.3472878602240372,-10547.668956961275,0.0,1986.0,0
33.14319310344828,0.0,0.3292580457611909,-9988.318901347802,0.0,1984.0,0
32.34022407407409,0.0,0.29604764520685733,1155.8094100280364,0.0,1984.0,0
31.90459818181819,0.0,0.307897361112134,-1220.1879186722203,0.0,252.0,0
31.90459818181819,0.0,0.3069781178971018,-1201.4014540027265,0.0,252.0,0
31.797392857142853,0.0,0.30664044232461557,-4.1371554038292055,0.0,1984.0,0
32.0409350877193,0.0,0.2984179378069953,-5.3607691775557385,0.0,1982.0,0
30.731118181818182,0.0,0.29436030497509774,-42585.13726981895,0.0,1982.0,0
30.298126785714285,0.0,0.2940050338721507,-43555.80711120627,0.0,251.0,0
30.816472222222224,0.0,0.28523404803132774,1170.7792120403144,0.0,1982.0,0
30.816472222222224,0.0,0.28900419535204774,-1.3535228332336444,0.0,251.0,0
30.868823636363636,0.0,0.28279316545228506,-178295.11842845072,0.0,1980.0,0
31.94006363636364,0.0,0.10084898245989332,-177443.0449472396,0.0,1980.0,0
30.855213043478265,0.0,0.06701536782825075,-178355.41462647018,0.0,251.0,0
38.47497222222222,0.0,0.03532189987235816,1167.4874326594284,0.0,1980.0,0
38.47497222222222,0.0,0.03918496815875045,-0.6745793995102336,0.0,251.0,0
38.17785263157894,0.0,0.035949635589927934,-180616.61198645973,0.0,1978.0,0
27.473174999999998,0.0,0.027412232167515344,-5.390802786138711,0.0,1978.0,0
25.785661538461536,0.0,0.028234136717415738,-1165.4570415977203,0.0,250.0,0
27.5717,0.0,0.026731773606497387,1158.3410635874295,0.0,1978.0,0
19.328875,0.0,0.017007263703315144,52895.30494490491,0.0,76800.0,0
18.15258888888889,0.0,0.017206337331276817,44475.93680150114,0.0,65280.0,0
18.78166,0.0,0.017368959827347288,51682.74086710425,0.0,76800.0,0
18.78166,0.0,0.017687282201008892,51676.31520286955,0.0,76800.0,0
17.5989,0.0,0.01791646952969046,-1363.6882721907255,0.0,0.0,0
16.45035,0.0,0.011702258126028164,32336.81039687082,0.0,49155.0,0
16.920055555555557,0.0,0.012128081242133174,-1166.5775871556987,0.0,254.0,0
16.920055555555557,0.0,0.012717284957818816,-1166.562172469987,0.0,254.0,0
16.81148,0.0,0.013000076013291326,31547.252362500938,0.0,49155.0,0
19.16912,0.0,0.011606527067994872,31804.014546506627,0.0,49155.0,0
990.6916454545454,0.0,0.013426847074046223,19036.583781582736,0.0,30336.0,0
1089.85739,0.0,0.011068145004253412,52168.231903271575,0.0,65024.0,0
1089.85739,0.0,0.011298424746684809,51059.014620665985,0.0,65535.0,0
997.1663363636363,0.0,0.011217984021802725,47772.247303259945,0.0,64800.0,0
997.1663363636363,0.05555555555555555,0.011741161231791107,47772.22998080187,2.777777777777778e-05,64800.0,0
914.5339333333333,0.05263157894736842,0.012139857189538826,47933.95956912343,2.6315789473684212e-05,65280.0,0
914.5339333333333,0.05,0.012660666818917497,47933.34515377484,2.5e-05,65280.0,0
914.5339333333333,0.047619047619047616,0.01590817888246875,47789.46182697593,2.380952380952381e-05,65280.0,0
846.7185384615385,0.045454545454545456,0.015958331990847775,45970.073219204496,2.272727272727273e-05,64384.0,0
846.7185384615385,0.043478260869565216,0.023792667994561287,45963.51036616492,2.173913043478261e-05,64384.0,0
846.7185384615385,0.041666666666666664,0.031625222717041296,45957.611048800274,2.0833333333333333e-05,64384.0,0
846.7185384615385,0.04,0.039452754233119745,45948.20432726319,2e-05,64384.0,0
846.7185384615385,0.038461538461538464,0.04182058226685522,45948.155932136746,1.923076923076923e-05,64384.0,0
786.5419071428571,0.037037037037037035,0.04213341561572116,46472.14725582626,1.8518518518518518e-05,65280.0,0
734.37258,0.03571428571428571,0.04256690533337487,46470.92717669178,1.785714285714286e-05,65280.0,0
734.37258,0.034482758620689655,0.048802187445459305,44787.489848843135,1.7241379310344828e-05,64384.0,0
688.9635499999999,0.03333333333333333,0.04940879011579364,44445.9300732522,1.6666666666666667e-05,64256.0,0
688.9635499999999,0.03225806451612903,0.050073469464321896,44256.2944382811,1.6129032258064517e-05,64256.0,0
688.9635499999999,0.03125,0.05113851496813242,44253.06296111259,1.5625e-05,64256.0,0
649.8447764705882,0.030303030303030304,0.05239022383397214,43423.295786852774,1.5151515151515151e-05,64128.0,0
649.8447764705882,0.029411764705882353,0.05448390858387611,43412.49895497308,1.4705882352941177e-05,64128.0,0
649.8447764705882,0.02857142857142857,0.055190249140661896,43374.73424496885,1.4285714285714285e-05,64128.0,0
649.8447764705882,0.027777777777777776,0.05577644210525265,43374.69815867683,1.388888888888889e-05,64128.0,0
649.8447764705882,0.02702702702702703,0.05706055593252828,43374.67650693044,1.3513513513513513e-05,64128.0,0
649.8447764705882,0.02631578947368421,0.05764678492885117,43374.66928968644,1.3157894736842106e-05,64128.0,0
614.0867888888888,0.02564102564102564,0.057859961169620666,44026.4840604785,1.2820512820512822e-05,65280.0,0
582.0331578947367,0.025,0.058267058954731284,44022.98011496706,1.25e-05,65280.0,0
553.1871699999999,0.024390243902439025,0.05867686449486795,43843.528953060646,1.2195121951219513e-05,65024.0,0
553.1871699999999,0.023809523809523808,0.059259407008365114,43842.33681760922,1.1904761904761905e-05,65024.0,0
553.1871699999999,0.023255813953488372,0.05966963092566265,43841.26831227074,1.1627906976744187e-05,65024.0,0
528.6199523809524,0.022727272727272728,0.058693418564502,42126.246810141805,1.1363636363636365e-05,64128.0,0
528.6199523809524,0.022222222222222223,0.059092355378085604,42124.58578119862,1.1111111111111112e-05,64128.0,0
504.8305363636364,0.021739130434782608,0.05928487118347608,-1335.9628509036147,1.0869565217391305e-05,0.0,0
553.6639050000001,0.022727272727272728,0.09587044136264483,-29571.2479064736,1.1363636363636365e-05,49153.0,0
528.3217047619049,0.022222222222222223,0.0946292567979024,-80033.99254834527,1.1111111111111112e-05,255.0,0
528.3217047619049,0.021739130434782608,0.0955307155241046,-80025.37449431565,1.0869565217391305e-05,255.0,0
505.63989545454564,0.02127659574468085,0.09329959164308026,-28047.296996305668,1.0638297872340426e-05,49153.0,0
485.0943826086958,0.020833333333333332,0.09353254306510818,-27937.491552733856,1.0416666666666666e-05,49153.0,0
21.57625625,0.02631578947368421,0.055808124961366966,-23178.54691882061,1.3157894736842106e-05,30336.0,0
18.64935625,0.02631578947368421,0.05692888819839843,-348.3077331104118,1.3157894736842106e-05,65024.0,0
18.64935625,0.02564102564102564,0.05722061406789053,-348.29109239436895,1.2820512820512822e-05,65024.0,0
259.87204999999994,0.0,0.0033242643704257157,0.0,0.0,30336.0,0
0.0,0.0,0.012,0.0,0.0,255.0,0
22.3909,0.0,0.0264,15720.0,0.0,1041.0,0
0.0,0.0,0.0288,0.0,0.0,1978.0,0
16.8711,0.0,0.05664,-34460.0,0.0,255.0,0
16.8711,0.0,0.07248,-34480.0,0.0,254.0,0
48.697900000000004,0.0,0.04361580040537762,0.0,0.0,1978.0,0
52.68456666666666,0.0,0.04369105301228258,-8632.506441942929,0.0,1047.0,0
52.68456666666666,0.0,0.01528834452034751,-2457.432449662212,0.0,1047.0,0
40.61405,0.0,0.01705400436957225,-4498.33285390798,0.0,254.0,0
38.4608,0.0,0.01694501033375638,-2253.6863743895983,0.0,1047.0,0
38.4608,0.0,0.0170344866795308,-2500.887913158791,0.0,255.0,0
38.95353333333333,0.0,0.016922873195961093,-1281.537970179578,0.0,1042.0,0
38.95353333333333,0.0,0.021262614200522677,-875.0354771231632,0.0,1042.0,0
38.95353333333333,0.0,0.03097023132393379,-875.0343069066056,0.0,1042.0,0
38.95353333333333,0.0,0.04067785874928369,-875.0339168351152,0.0,1042.0,0
38.95353333333333,0.0,0.050385297834349814,-875.0304062073517,0.0,1042.0,0
33.778757142857145,0.0,0.050809282107398386,-1606.6729017590555,0.0,255.0,0
29.90715,0.0,0.051357454409646265,-1606.5521777018976,0.0,255.0,0
29.90715,0.0,0.0610039918363901,-872.2310943245315,0.0,1042.0,0
29.90715,0.0,0.06720625529441666,-872.2276061504991,0.0,1042.0,0
27.070188888888893,0.0,0.06748282980167795,-1599.0884001030245,0.0,255.0,0
27.070188888888893,0.0,0.04814500518545823,0.0,0.0,255.0,0
28.345075,0.0,0.04767179014066107,0.6706779704651248,0.0,255.0,0
27.62272857142857,0.0,0.05644967907312387,-0.8073466686659592,0.0,1046.0,0
34.471175,0.0,0.05688615738127439,-1.6105933573407245,0.0,1045.0,0
95.09570000000001,0.0,0.005854426172165273,35927.426075117655,0.0,49153.0,0
69.08273333333334,0.0,0.006414729097175126,-1.4512961758314764,0.0,253.0,0
69.08273333333334,0.0,0.0070470467851361665,-1.4512040331829008,0.0,253.0,0
61.98845000000001,0.0,0.007262108636960844,34461.89111233253,0.0,49152.0,0
61.98845000000001,0.0,0.01381148269960915,-553.3267228216591,0.0,255.0,0
61.98845000000001,0.0,0.021253139486861684,-553.292302991956,0.0,255.0,0
61.98845000000001,0.0,0.028695152944033096,-553.2826145361296,0.0,255.0,0
61.98845000000001,0.0,0.03613700822633846,-553.2744949487791,0.0,255.0,0
61.98845000000001,0.0,0.043578943049282934,-553.2701584486197,0.0,255.0,0
61.98845000000001,0.0,0.04877678379850388,-553.2642535364313,0.0,255.0,0
61.98845000000001,0.0,0.0494087974202788,-553.2610243408909,0.0,255.0,0
61.98602000000001,0.0,0.04775462012521718,-64.35932631430887,0.0,950.0,0
61.979133333333344,0.0,0.04815148724460275,-69.7225812185159,0.0,942.0,0
61.97208571428572,0.0,0.048548354110250505,-71.7337865913169,0.0,939.0,0
61.965775,0.0,0.04894522854546632,-71.73377512553276,0.0,939.0,0
61.965775,0.0,0.04955125462339151,-71.73374072820235,0.0,939.0,0
48.01072857142857,0.0,0.27272818816236716,-181829.94754787837,0.0,254.0,0
48.01072857142857,0.0,0.25760505912709686,-159135.02358489452,0.0,939.0,0
48.01072857142857,0.0,0.2591701938464358,-158397.1164956908,0.0,939.0,0
48.01072857142857,0.0,0.26213989338697197,-158396.99242730433,0.0,939.0,0
42.55885,0.0,0.26183330069313876,-159094.3120923854,0.0,252.0,0
42.55885,0.0,0.26391748825894734,-159001.44260485395,0.0,252.0,0
44.406277777777774,0.0,0.2491825673064696,-146943.35005031954,0.0,939.0,0
44.406277777777774,0.041666666666666664,0.2357311573616897,-131120.6970585661,2.6383416666666664,939.0,0
46.69938,0.04,0.2347761075526337,-131543.7036748176,2.5328079999999997,255.0,0
46.69938,0.038461538461538464,0.23707479425304678,-131517.55410902025,2.4353923076923074,255.0,0
46.69938,0.037037037037037035,0.23949378050112985,-131510.72319360622,2.3451925925925923,255.0,0
44.8809,0.03571428571428571,0.22494665306535153,-120990.38298631033,2.261435714285714,939.0,0
44.570008333333334,0.034482758620689655,0.21849639055188663,-116749.98863007205,2.183455172413793,939.0,0
44.570008333333334,0.03333333333333333,0.06985242664328578,-37603.971706043994,2.110673333333333,255.0,0
42.42599230769231,0.03225806451612903,0.06951349392792949,-36528.144435716975,2.0425870967741933,1044.0,0
35.143299999999996,0.0625,0.013259853814373073,0.0,3.9575124999999995,254.0,0
34.39698571428571,0.0625,0.01323530946595235,8957.962167733112,3.9575124999999995,14156.0,0
0.0,0.0,0.01872,0.0,0.0,49155.0,0
10.959399999999999,0.0,0.03616,-978020.0,0.0,254.0,0
10.959399999999999,0.0,0.0536,-978020.0,0.0,254.0,0
22.087449999999997,0.0,0.06608,-20.0,0.0,49154.0,0
28.36263333333333,0.0,0.0755248901500392,-19.227314192983503,0.0,49154.0,0
28.36263333333333,0.0,0.006206797852284442,-2.01171062628061,0.0,49152.0,0
25.127325,0.0,0.006145493509174316,-2.0057093698349595,0.0,251.0,0
25.127325,0.0,0.006727614522596727,-2.0054494801063374,0.0,251.0,0
28.572450000000003,0.0,0.005992248995270598,-1.3447596488488776,0.0,49152.0,0
28.590680000000003,0.0,0.006372655051070554,-1.341046938356598,0.0,49152.0,0
22.941633333333332,0.0,0.009528442691470539,-51494.450787746064,0.0,254.0,0
24.287575,0.0,0.009726930094291897,-49191.965116264895,0.0,1047.0,0
24.287575,0.0,0.008417434853462472,-38228.91839367562,0.0,1047.0,0
20.439140000000002,0.0,0.008972712931907285,-38703.92704167276,0.0,254.0,0
21.490633333333335,0.0,0.009146337069648326,-37286.82582503667,0.0,1047.0,0
21.490633333333335,0.0,0.011196801952227825,-33108.97587433986,0.0,255.0,0
22.302557142857147,0.0,0.007948392540072294,529.3554193354436,0.0,1039.0,0
21.82325,0.0,0.02086454162773358,849.1634787313801,0.0,1039.0,0
21.82325,0.0,0.03209387927150296,849.0730395028924,0.0,1039.0,0
21.82325,0.0,0.04332537203433495,849.0717257577626,0.0,1039.0,0
21.82325,0.0,0.05454694132561834,848.9165134934653,0.0,1039.0,0
21.82325,0.0,0.0657762779619834,848.9145436037908,0.0,1039.0,0
21.82325,0.0,0.07127833975321043,848.9121359732702,0.0,1039.0,0
18.20292,0.0,0.07164378732527166,1.0772853862214553,0.0,255.0,0
15.771733333333335,0.0,0.07227649090819901,1.0772101303833168,0.0,255.0,0
14.036257142857144,0.0,0.07291322554931332,1.0771957444349562,0.0,255.0,0
3.6536000000000004,0.0,0.0478822352627318,-637.0930937969853,0.0,251.0,0
351.6378,0.0,0.00275283228691768,-500.51496125776,0.0,75.0,0
351.6378,0.0,0.0011752295167962708,53637.37498497526,0.0,64512.0,0
325.28205,0.0,0.0012932616359220951,64132.016196642944,0.0,96256.0,0
298.92629999999997,0.0,0.0026697414135359947,-83438.50875952451,0.0,255.0,0
161.61065,0.0,0.0033735850311450983,-78717.8232603088,0.0,1978.0,0
161.61065,0.0,0.003515446608836173,-68869.52827560548,0.0,255.0,0
117.88356666666665,0.0,0.004151725974270865,-65877.51189674296,0.0,1042.0,0
117.88356666666665,0.0,0.0031188887755525968,-43567.48609797461,0.0,255.0,0
95.93702499999999,0.0,0.004046249412382412,-78943.32101494457,0.0,1046.0,0
95.93702499999999,0.0,0.011065780627812102,-65608.76184728368,0.0,254.0,0
95.93702499999999,0.0,0.01879622466414986,-65607.73560964642,0.0,254.0,0
95.93702499999999,0.0,0.026526431190524488,-65606.72009358852,0.0,254.0,0
95.93702499999999,0.0,0.03425637608943164,-65605.66185241017,0.0,254.0,0
95.93702499999999,0.0,0.041215247019690274,-65604.6250229524,0.0,254.0,0
95.93702499999999,0.0,0.04278364486495055,-65603.68442251762,0.0,254.0,0
31.9613,0.0,0.06057846246491109,47243.355974046586,0.0,49156.0,0
34.17562,0.0,0.061179393646638214,47241.8760850533,0.0,49156.0,0
35.64808333333334,0.0,0.06178220820672894,47241.865203859954,0.0,49156.0,0
36.6965,0.0,0.062385022489127875,47241.85432267162,0.0,49156.0,0
37.4799625,0.0,0.06298783649383524,47237.01308592895,0.0,49151.0,0
39.1196,0.0,0.06302482759647161,46821.47992062254,0.0,49156.0,0
39.1196,0.0,0.06124300793782795,38809.407152805885,0.0,49156.0,0
39.1196,0.0,0.07024589161871449,38809.363092538384,0.0,49156.0,0
39.1196,0.0,0.07248070243750328,38809.33371908229,0.0,49156.0,0
39.1196,0.0,0.07317272069660333,38809.31903237092,0.0,49156.0,0
35.95021,0.0,0.07321118925347125,0.0,0.0,255.0,0
33.36304545454545,0.0,0.07367435825430085,-0.7889398425244245,0.0,254.0,0
33.36304545454545,0.0,0.07436129273107464,-0.7889290096235215,0.0,254.0,0
32.802825,0.0,0.07331274148606783,37784.496824080066,0.0,49155.0,0
0.0,0.0,0.10656,0.0,0.0,49152.0,0
6.2946,0.0,0.124,-977940.0,0.0,255.0,0
6.2946,0.0,0.14144,-977940.0,0.0,255.0,0
21.29585,0.0,0.15328,0.0,0.0,49152.0,0
28.06873333333333,0.0,0.16512,0.0,0.0,49152.0,0
28.06873333333333,0.0,0.026366799565578483,-145580.10369897145,0.0,255.0,0
26.054074999999997,0.0,0.026907404040600283,-135177.67268015855,0.0,1044.0,0
26.054074999999997,0.0,0.01273210509588626,-61180.66774554307,0.0,254.0,0
25.904859999999996,0.0,0.013214520223351645,-42442.67159842274,0.0,14156.0,0
25.308,0.0,0.0017951326232068042,60557.677085992036,0.0,65024.0,0
57.200500000000005,0.0,0.002195655275243233,70704.58783745131,0.0,82176.0,0
57.200500000000005,0.0,0.002939011370881617,0.7951870592212168,0.0,255.0,0
59.94540000000001,0.0,0.003265303293219097,1303.0978883124358,0.0,1978.0,0
77.2641,0.0,0.009063105921501785,-136045.85141119084,0.0,1978.0,0
67.5842,0.0,0.00936592857439092,-126590.53168504288,0.0,255.0,0
67.5842,0.0,0.005833733224483913,-61179.576945692774,0.0,255.0,0
87.07457500000001,0.0,0.0067429763239756964,-48197.333231964214,0.0,6984.0,0
80.72128000000001,0.0,0.006916899486751977,-51423.40023616148,0.0,255.0,0
78.62835000000001,0.0,0.005317617877142906,-171.21118165043447,0.0,0.0,0
0.0,0.0,0.01872,0.0,0.0,49155.0,0
8.403,0.0,0.03616,-978020.0,0.0,254.0,0
8.403,0.0,0.0536,-978020.0,0.0,254.0,0
15.5137,0.0,0.06608,0.0,0.0,49155.0,0
19.676533333333335,0.0,0.07856,0.0,0.0,49155.0,0
0.0,0.0,0.10656,0.0,0.0,49152.0,0
20.9568,0.0,0.124,-977980.0,0.0,253.0,0
20.9568,0.0,0.14144,-977980.0,0.0,253.0,0
17.35215,0.0,0.15328,0.0,0.0,49152.0,0
21.202733333333335,0.0,0.16512,-20.0,0.0,49151.0,0
21.202733333333335,0.0,0.01256805767979512,673566.1481724344,0.0,523776.0,0
39.9768,0.0,0.011955915618164694,260812.75574061528,0.0,258048.0,0
39.9768,0.0,0.011821993173467762,-56806.210711778025,0.0,255.0,0
36.4928,0.0,0.01233520598445047,-54468.04015509044,0.0,1039.0,0
59.427899999999994,0.0,0.0029928711315970135,-479024.9402470928,0.0,75.0,0
40.83346666666666,0.0,0.003588264691345144,-477273.8467482617,0.0,250.0,0
117.278525,0.0,0.003025930956980781,-362793.7426972967,0.0,75.0,0
346.61370000000005,0.0,0.0006286246417461492,129.0410675144045,0.0,254.0,0
221.44060000000002,0.0,0.0009653350631299697,655.2413975993928,0.0,1047.0,0
96.26750000000001,0.0,0.003096958961355939,562687.3339551387,0.0,261888.0,0
133.643,0.0,0.0030943841016007638,117136.90386232403,0.0,74752.0,0
133.643,0.0,0.003594487839080268,1.3997226787695747,0.0,255.0,0
117.23066666666666,0.0,0.0040759451134724485,986.4388051032831,0.0,1042.0,0
117.23066666666666,0.0,0.003999780987938332,0.9900447989946368,0.0,255.0,0
117.23066666666666,0.0,0.004585500015223621,0.9899611431829924,0.0,255.0,0
99.082875,0.0,0.004983431744071889,749.9799295207124,0.0,1045.0,0
99.082875,0.0,0.0055750695219151875,749.9795904481145,0.0,1045.0,0
88.37478,0.0,0.006160939564430279,749.2778590812349,0.0,1045.0,0
74.32889999999999,0.0,0.006701958514790218,0.9444699147111356,0.0,255.0,0
74.32889999999999,0.0,0.006095676739964785,0.7920577884569627,0.0,255.0,0
71.10648571428571,0.0,0.006403378163480028,602.599275840801,0.0,1046.0,0
0.0,0.0,0.012,0.0,0.0,255.0,0
56.2483,0.0,0.023467422622731243,14027.118522223447,0.0,1044.0,0
56.2483,0.0,0.004110054308632883,-2.140653285746293,0.0,254.0,0
43.8386,0.0,0.005295078644593005,27881.39706003309,0.0,14156.0,0
43.8386,0.0,0.012767931635843503,78351.00216694326,0.0,49151.0,0
33.727,0.0,0.013865203333693572,-6.273847662304783,0.0,251.0,0
33.727,0.0,0.015230515727014062,-6.272864796958015,0.0,251.0,0
30.809075,0.0,0.015621051975343537,74127.22800722027,0.0,49151.0,0
30.011720000000004,0.0,0.01639755011049234,73584.30710376592,0.0,49151.0,0
23.452575,0.0,0.006887945590035168,44014.89287909069,0.0,65280.0,0
27.2875,0.0,0.006916743077139179,170379.21321134796,0.0,267776.0,0
26.25215,0.0,0.00697661764879437,10706.941609789867,0.0,64768.0,0
24.7231,0.0,0.007376150155960539,147480.3546739258,0.0,267008.0,0
30.61705,0.0,0.00952423818261078,0.0,0.0,65280.0,0
35.131766666666664,0.0,0.010303222541550796,526858.9272156237,0.0,267776.0,0
35.131766666666664,0.0,0.010610885349833123,582.1376429017741,0.0,65535.0,0
31.720599999999997,0.0,0.011681558344691473,554.9175443174973,0.0,65535.0,0
26.302659999999996,0.0,0.012840440389516863,424130.94913453824,0.0,262144.0,0
26.302659999999996,0.0,0.030145130987103735,422443.84016551747,0.0,262144.0,0
27.562249999999995,0.0,0.049452615751947065,-1536.3919456915594,0.0,64512.0,0
27.562249999999995,0.0,0.07080199462467907,-1536.3904801015349,0.0,64512.0,0
27.562249999999995,0.0,0.09215128881410192,-1536.388281721741,0.0,64512.0,0
27.562249999999995,0.0,0.10429766222844594,-1536.3780226992192,0.0,64512.0,0
24.093542857142854,0.0,0.10479504454507935,391260.2725178748,0.0,262144.0,0
21.4982875,0.0,0.10596087889991107,391220.60134568816,0.0,262144.0,0
19.48187777777778,0.0,0.10713317647103415,391205.402374122,0.0,262144.0,0
17.86983,0.0,0.10830651181507864,389668.1663894331,0.0,261376.0,0
17.86983,0.0,0.1083467558800247,381196.451863236,0.0,261376.0,0
17.86983,0.0,0.11072853712961676,381151.22905788035,0.0,261376.0,0
17.86983,0.0,0.13140496819331465,381138.15883972653,0.0,261376.0,0
17.86983,0.0,0.1331737947160264,381127.38541497244,0.0,261376.0,0
17.980827272727275,0.0,0.13672386230072883,-1439.5142334799261,0.0,64512.0,0
17.980827272727275,0.0,0.13882290574025985,-1439.511660300815,0.0,64512.0,0
17.055108333333333,0.0,0.13815322971170607,361934.22203083907,0.0,260864.0,0
16.27833076923077,0.0,0.1392266302727821,361876.744302464,0.0,260864.0,0
16.27833076923077,0.0,0.14077592336588765,361864.1335768291,0.0,260864.0,0
17.318114285714284,0.0,0.14112011527659737,0.0,0.0,65280.0,0
16.500186666666668,0.0,0.14090115800558362,355348.82514137693,0.0,260864.0,0
20.37621875,0.0,0.12629262050846915,0.0,0.0,65280.0,0
20.37621875,0.0,0.08979458555997233,0.0,0.0,65280.0,0
20.37621875,0.0,0.09066593556892784,0.0,0.0,65280.0,0
20.37621875,0.0,0.09232311519271306,0.0,0.0,65280.0,0
20.37621875,0.0,0.09320426288654206,0.0,0.0,65280.0,0
19.437158823529412,0.0,0.09339647399087703,198078.12048328033,0.0,262144.0,0
18.599888888888888,0.0,0.09398619537149022,197808.06178382665,0.0,261888.0,0
17.851184210526316,0.0,0.09458092402666701,197806.21129090022,0.0,261888.0,0
17.177715,0.0,0.095175801362892,197804.6929635885,0.0,261888.0,0
0.0,0.0,0.01872,0.0,0.0,49155.0,0
15.108099999999999,0.0,0.03616,-978020.0,0.0,254.0,0
15.108099999999999,0.0,0.0536,-978020.0,0.0,254.0,0
39.4071,0.0,0.041921470236258584,0.0,0.0,49155.0,0
47.5019,0.0,0.049838540808053916,0.0,0.0,49155.0,0
47.5019,0.0,0.005853721054841898,20772.08641211228,0.0,65535.0,0
43.497875,0.0,0.006506967596003389,19974.536960745034,0.0,65535.0,0
35.8863,0.0,0.007181241225059072,19533.99371694965,0.0,65280.0,0
35.8863,0.0,0.020070410883636997,19533.76240334661,0.0,65280.0,0
35.8863,0.0,0.026262635485088646,19533.440830122436,0.0,65280.0,0
36.753616666666666,0.0,0.02573743413373156,545319.9632747455,0.0,521728.0,0
36.753616666666666,0.0,0.038052187656973005,545318.9130767438,0.0,521728.0,0
36.753616666666666,0.0,0.050366935318595187,545318.3129654161,0.0,521728.0,0
36.753616666666666,0.0,0.06268165587603572,545317.7128554092,0.0,521728.0,0
36.753616666666666,0.0,0.06764794277542491,545315.7625070086,0.0,521728.0,0
32.017657142857146,0.0,0.06804856298871309,18530.178975158717,0.0,65280.0,0
28.4719625,0.0,0.06872457169408129,18529.021511621537,0.0,65280.0,0
28.4719625,0.0,0.06999247299238717,18528.83876743898,0.0,65280.0,0
28.4719625,0.0,0.08179503470532622,18528.671255104873,0.0,65280.0,0
29.106822222222224,0.0,0.07939335877776471,521360.5578528322,0.0,520704.0,0
29.106822222222224,0.0,0.08172837138975395,521360.0081232019,0.0,520704.0,0
32.29628,0.0,0.07717763719944279,16701.86546919979,0.0,65280.0,0
32.29628,0.0,0.07282842204828274,447956.9235683721,0.0,520704.0,0
30.19687272727273,0.0,0.07444988482284791,14944.409308006647,0.0,65024.0,0
30.19687272727273,0.0,0.07093186374161926,29280.941501800302,0.0,82176.0,0
28.080000000000002,0.0,0.07115431117488451,14012.059019585058,0.0,65024.0,0
31.370700000000003,0.0,0.0716924186002751,416295.04849942273,0.0,520704.0,0
31.66998571428572,0.0,0.07005653964889706,28269.344458723117,0.0,82176.0,0
29.783273333333337,0.0,0.0703603980790632,13546.408292689677,0.0,65024.0,0
29.783273333333337,0.0,0.06741448322299269,381238.99248439725,0.0,520704.0,0
28.406837499999998,0.0,0.07554277484717234,12749.811686907364,0.0,65024.0,0
28.406837499999998,0.0,0.0840866075667724,12749.086366631422,0.0,65024.0,0
28.406837499999998,0.0,0.09263321188644053,12748.876356639186,0.0,65024.0,0
28.406837499999998,0.0,0.10118001913781753,12748.727400257467,0.0,65024.0,0
28.406837499999998,0.0,0.10601748761379116,12748.480775212565,0.0,65024.0,0
29.394782352941178,0.0,0.10279663948460013,364791.1547717168,0.0,519680.0,0
30.26908333333333,0.0,0.10328032211057338,363996.9261292661,0.0,518656.0,0
31.05030526315789,0.0,0.10376404220242398,363202.8332252315,0.0,517632.0,0
31.992229999999996,0.0,0.10386205320808123,361067.85725753504,0.0,516608.0,0
32.98349523809524,0.0,0.10410728279543971,359854.01172410144,0.0,516096.0,0
32.98349523809524,0.0,0.09564555655024606,328465.75533308164,0.0,516096.0,0
32.98349523809524,0.0,0.0950339555351399,324077.2539694858,0.0,516096.0,0
32.98349523809524,0.0,0.09570020539338582,324077.1467175749,0.0,516096.0,0
31.71519545454545,0.0,0.0957733763018171,10975.070107838934,0.0,65024.0,0
30.560073913043475,0.0,0.09637752256639495,10797.519086029883,0.0,64768.0,0
30.560073913043475,0.0,0.09698511477519245,10797.408706396745,0.0,64768.0,0
30.549425,0.0,0.09541790682958476,316294.6731096173,0.0,516096.0,0
30.692244000000002,0.0,0.09559257627867808,315476.1757897647,0.0,516096.0,0
28.40001818181818,0.0,0.1595690202997484,-825.8396664636101,0.0,64768.0,0
28.40001818181818,0.0,0.17099984121337378,-825.7169366070113,0.0,64768.0,0
28.40001818181818,0.0,0.17730287868555075,-825.6709488040207,0.0,64768.0,0
29.631886956521736,0.0,0.16776314920470253,456158.3204540935,0.0,515072.0,0
30.764725,0.0,0.16835789028063794,455015.32035431796,0.0,514048.0,0
31.811248,0.0,0.1689635959802033,454422.36554321786,0.0,513536.0,0
31.811248,0.0,0.17947922561328086,-776.7953573344756,0.0,64768.0,0
31.811248,0.0,0.19025069895376323,-776.7773512559429,0.0,64768.0,0
31.811248,0.0,0.1934978558891174,-776.7053352886385,0.0,64768.0,0
31.811248,0.0,0.19158893720118966,-737.250224931329,0.0,64768.0,0
32.82111153846154,0.0,0.19125022354238927,427541.96759245853,0.0,512512.0,0
34.01539259259259,0.0,0.19055051247393995,423193.18548773625,0.0,510976.0,0
34.01539259259259,0.0,0.19422204178013833,-725.9098025756574,0.0,64768.0,0
34.01539259259259,0.0,0.1962462704911068,-697.3208503200232,0.0,64768.0,0
34.01539259259259,0.0,0.20590654349406443,-697.2764148591914,0.0,64768.0,0
34.01539259259259,0.0,0.2155715657169807,-697.2513279507295,0.0,64768.0,0
34.01539259259259,0.0,0.22523706407387228,-697.2298694976917,0.0,64768.0,0
34.01539259259259,0.0,0.2336486419473756,-697.2008573515293,0.0,64768.0,0
34.01539259259259,0.0,0.23255514768512892,0.0,0.0,65535.0,0
35.46628571428571,0.0,0.23170731398217387,398812.42038147646,0.0,510208.0,0
36.25668620689655,0.0,0.23226690915746842,398582.73726922437,0.0,509952.0,0
36.25668620689655,0.0,0.23011475391721725,393552.23120354326,0.0,509952.0,0
36.25668620689655,0.0,0.22851214254134253,389360.95164477127,0.0,509952.0,0
35.247460000000004,0.0,0.22783716916407062,-668.4790095053179,0.0,64768.0,0
35.73027741935484,0.0,0.2262522056016025,0.0,0.0,65535.0,0
36.499903124999996,0.0,0.22642085670896148,381016.1239843834,0.0,507648.0,0
37.22069393939394,0.0,0.22695839117495495,379030.1310195698,0.0,505344.0,0
36.25708823529412,0.0,0.22696706699278132,-219.27606645030477,0.0,65280.0,0
36.25708823529412,0.0,0.2360734414554909,-219.236108335337,0.0,65280.0,0
36.25708823529412,0.0,0.2413048261609179,-219.23359177628714,0.0,65280.0,0
36.25708823529412,0.0,0.24833352103186007,-653.8412788743226,0.0,64768.0,0
36.25708823529412,0.0,0.25736808293144076,-653.7506610600859,0.0,64768.0,0
36.25708823529412,0.0,0.26642899488135924,-653.7308666696606,0.0,64768.0,0
36.25708823529412,0.0,0.2754950122804319,-653.7244902085538,0.0,64768.0,0
36.25708823529412,0.0,0.2790990540300374,-653.7175825160588,0.0,64768.0,0
36.25708823529412,0.0,0.27966321940277034,0.0,0.0,65535.0,0
37.58375714285714,0.0,0.2781796784359083,370970.2101999198,0.0,504320.0,0
37.58375714285714,0.0,0.27887971396952854,-648.3569576572795,0.0,64768.0,0
37.58375714285714,0.0,0.27672389878025533,366967.77057028026,0.0,504320.0,0
36.6457,0.0,0.27633761535905155,-639.4233931686313,0.0,64768.0,0
36.6457,0.0,0.27578914273742006,-636.4645691303232,0.0,64768.0,0
36.6457,0.0,0.2752863761077081,362397.79107989126,0.0,504320.0,0
37.84388108108108,0.0,0.2683882832450552,2058.5030229963895,0.0,68096.0,0
37.84388108108108,0.0,0.2687467114186573,352140.5963169078,0.0,504320.0,0
37.84388108108108,0.0,0.2688149474016868,351214.7650537433,0.0,504320.0,0
38.84675789473683,0.0,0.269391099634644,0.0,0.0,65535.0,0
37.93785897435897,0.0,0.2698402336018471,-818.7599627903427,0.0,64512.0,0
39.18874,0.0,0.2699541768406313,4093.1455173174736,0.0,70656.0,0
39.18874,0.0,0.27845831853015285,4093.141617275514,0.0,70656.0,0
39.18874,0.0,0.28379635662250924,4093.124457179184,0.0,70656.0,0
38.3907,0.0,0.28280720451693947,-202.76850988544987,0.0,65280.0,0
38.3907,0.0,0.28356771536345643,-202.68462668931883,0.0,65280.0,0
37.68591190476191,0.0,0.2840352473721144,-202.68247576588115,0.0,65280.0,0
37.68591190476191,0.0,0.29192962138253403,-202.61854505320133,0.0,65280.0,0
37.68591190476191,0.0,0.3003769233549609,-202.61378546057304,0.0,65280.0,0
37.68591190476191,0.0,0.30423051805266627,-202.6021177279111,0.0,65280.0,0
37.5752534883721,0.0,0.29930832275848374,-797.8082247204967,0.0,64512.0,0
37.5752534883721,0.0,0.29998350964747883,-797.7787059348506,0.0,64512.0,0
39.36477272727273,0.0,0.298784662228911,338476.98432980693,0.0,502016.0,0
41.07345333333334,0.0,0.29926833284769994,336293.0181498699,0.0,499200.0,0
42.016452173913045,0.0,0.299752058170959,336292.8316225551,0.0,499200.0,0
42.016452173913045,0.0,0.30041797273159543,336274.36644257285,0.0,499200.0,0
42.016452173913045,0.0,0.2960714771672605,330583.1148575152,0.0,499200.0,0
42.261287234042555,0.0,0.2964712473405546,5854.21418573206,0.0,73216.0,0
42.261287234042555,0.0,0.2980564489392659,5854.21205813499,0.0,73216.0,0
41.859429166666665,0.0,0.30603950996731205,-779.3759053844628,0.0,64512.0,0
41.859429166666665,0.0,0.3141222924851134,-779.3180092647669,0.0,64512.0,0
41.859429166666665,0.0,0.3222178017368764,-779.2938058574902,0.0,64512.0,0
41.859429166666665,0.0,0.33031478783330676,-779.2742743793535,0.0,64512.0,0
41.859429166666665,0.0,0.3380948547870909,-779.2555930120085,0.0,64512.0,0
42.173410204081634,0.0,0.3377968869766551,1946.3494383160553,0.0,68096.0,0
42.47773600000001,0.0,0.3382151724573732,3891.2951321831874,0.0,70656.0,0
42.30570196078432,0.0,0.33868927008305605,329529.0368629824,0.0,499200.0,0
42.30570196078432,0.0,0.3466234628340438,3889.329245852553,0.0,70656.0,0
42.30570196078432,0.0,0.3547285077285757,3889.327133065354,0.0,70656.0,0
42.30570196078432,0.0,0.36283354381736005,3889.3250202804497,0.0,70656.0,0
42.30570196078432,0.0,0.36610731812195646,3889.3130478760186,0.0,70656.0,0
41.569138461538465,0.0,0.36544680986389566,-193.08166856309754,0.0,65280.0,0
40.86055849056604,0.0,0.36589103297352393,-193.0795423487033,0.0,65280.0,0
40.86055849056604,0.0,0.36672331267563735,-193.07762531029599,0.0,65280.0,0
40.86055849056604,0.0,0.3735765093116304,-193.07570830995587,0.0,65280.0,0
40.33016666666667,0.0,0.37330656543313784,-772.636557276358,0.0,64512.0,0
40.42446909090909,0.0,0.3643755933039316,317596.86944969697,0.0,496896.0,0
40.51409285714286,0.0,0.3648349598689912,315900.4548282809,0.0,494592.0,0
40.803545614035095,0.0,0.36237429949922084,-186.25924463085215,0.0,65280.0,0
41.21597068965518,0.0,0.3585377503626314,5544.048469479506,0.0,73216.0,0
41.21597068965518,0.0,0.3600619173515888,5544.044653236164,0.0,73216.0,0
41.55836610169492,0.0,0.3605111335854979,308947.572720796,0.0,493568.0,0
41.55836610169492,0.0,0.36114624177197086,308947.5195549973,0.0,493568.0,0
41.55836610169492,0.0,0.36092693198411685,308163.7227279133,0.0,493568.0,0
40.93445666666667,0.0,0.36028351219361926,-734.3319804548855,0.0,64512.0,0
40.93445666666667,0.0,0.35737126665752705,-727.1213658742585,0.0,64512.0,0
40.93445666666667,0.0,0.3567462096516351,0.0,0.0,65535.0,0
40.93445666666667,0.0,0.35923253077183426,-715.0262257366068,0.0,64512.0,0
40.93445666666667,0.0,0.366651093855188,-714.9906004839064,0.0,64512.0,0
40.93445666666667,0.0,0.3740848124742968,-714.9853582714402,0.0,64512.0,0
40.93445666666667,0.0,0.38140170508980065,-714.9814266625364,0.0,64512.0,0
41.007055737704924,0.0,0.3818134854860673,-178.2202561192068,0.0,65280.0,0
40.84117903225806,0.0,0.37934897689618763,0.0,0.0,65535.0,0
40.3001,0.0,0.37787844944724686,-176.06378378253805,0.0,65280.0,0
40.3001,0.0,0.3851762916377118,-176.04161475082535,0.0,65280.0,0
40.3001,0.0,0.3891544407671475,-176.03987623934302,0.0,65280.0,0
40.1170640625,0.0,0.38671079426959865,292436.29872509255,0.0,492288.0,0
39.93829692307692,0.0,0.38713807958386887,289980.09388306655,0.0,488704.0,0
39.812187878787874,0.0,0.38200269460116965,308556.07311754033,0.0,522240.0,0
39.68963582089552,0.0,0.38231605610888797,308210.0597025552,0.0,521728.0,0
39.68963582089552,0.0,0.3857265591035167,305203.61767387955,0.0,521728.0,0
39.68963582089552,0.0,0.39000071474525283,305201.8651221749,0.0,521728.0,0
39.17242205882353,0.0,0.38911326744322144,-170.08564493229318,0.0,65280.0,0
39.17242205882353,0.0,0.3897086463594802,-170.0706887008274,0.0,65280.0,0
39.17242205882353,0.0,0.39674734683986473,-170.06887682249447,0.0,65280.0,0
39.17242205882353,0.0,0.4035209188905956,286952.74475360033,0.0,488704.0,0
39.17242205882353,0.0,0.4041768665024936,286952.420007036,0.0,488704.0,0
38.68161594202898,0.0,0.4031275814719466,-864.1845839690457,0.0,64256.0,0
38.68161594202898,0.0,0.4086523287427365,-860.6791165440857,0.0,64256.0,0
38.68161594202898,0.0,0.41580584661437386,-860.6657223355173,0.0,64256.0,0
38.68161594202898,0.0,0.42295948112416426,-860.6530189352767,0.0,64256.0,0
38.68161594202898,0.0,0.4249876817319205,-860.6394874648914,0.0,64256.0,0
38.78743676470588,0.0,0.4212353342228523,-682.7931006689515,0.0,64256.0,0
39.290069117647064,0.0,0.42256163714702466,0.0,0.0,521728.0,0
39.42164782608696,0.0,0.41532352478493495,-24775.532742264717,0.0,484864.0,0
39.42164782608696,0.0,0.41642308192188393,-301021.7474227794,0.0,73216.0,0
39.01781594202899,0.0,0.3912330996376152,-170.71369025313197,0.0,65024.0,0
40.07425820895523,0.0,0.39124633746116266,-309809.05920478894,0.0,65535.0,0
40.21211470588236,0.0,0.39064918316609176,-309277.0658815575,0.0,65280.0,0
40.98982608695653,0.0,0.3896880161277516,0.0,0.0,520704.0,0
40.98982608695653,0.0,0.390260493803668,-24257.943394850194,0.0,484864.0,0
40.98982608695653,0.0,0.38759104023377744,-24051.63598929736,0.0,484864.0,0
40.47844857142858,0.0,0.3866407804752361,-305250.88725172717,0.0,64256.0,0
40.47844857142858,0.0,0.38720341519094664,-305230.49582247133,0.0,64256.0,0
40.93122000000001,0.0,0.39144433104145215,172.99053131207853,0.0,65535.0,0
40.393815492957756,0.0,0.3911094820868613,0.0,0.0,65280.0,0
40.393815492957756,0.0,0.3983034209522284,0.0,0.0,65280.0,0
40.393815492957756,0.0,0.40242106550138823,0.0,0.0,65280.0,0
40.438740277777775,0.0,0.4025312717455318,283877.3717965531,0.0,484864.0,0
40.14912535211269,0.0,0.4203459486830154,-25309.11284170509,0.0,484864.0,0
41.11852916666666,0.0,0.4175270585051161,-311777.455502424,0.0,75776.0,0
41.11852916666666,0.0,0.41600772282307563,-24982.434528322396,0.0,484864.0,0
40.64444931506849,0.0,0.414539129709724,-316731.76544650836,0.0,64256.0,0
40.64444931506849,0.0,0.41513630522020584,-316721.49536195846,0.0,64256.0,0
41.04314459459459,0.0,0.41025215674597604,526.0837402670704,0.0,521472.0,0
41.04314459459459,0.0,0.41756225593856117,526.0833965917539,0.0,521472.0,0
41.04314459459459,0.0,0.4221586267031539,526.0816782219064,0.0,521472.0,0
40.59514533333333,0.0,0.42042059108544294,-310383.9114163156,0.0,65280.0,0
40.59514533333333,0.0,0.4211365925336684,-310357.0828986728,0.0,65280.0,0
40.59514533333333,0.0,0.4281469296256451,-310332.9311144477,0.0,65280.0,0
40.59514533333333,0.0,0.4267788198719132,-302748.187342811,0.0,73216.0,0
40.59514533333333,0.0,0.42660074793372954,0.0,0.0,520704.0,0
40.15182368421053,0.0,0.42854992781050194,-306857.45751783415,0.0,65024.0,0
39.74395714285714,0.0,0.42698468986694843,-305391.17687089724,0.0,65024.0,0
40.145814473684204,0.0,0.44527830406530766,-12405.60939672752,0.0,64256.0,0
40.145814473684204,0.0,0.44815063293351315,-12405.400548325768,0.0,64256.0,0
40.41424805194805,0.0,0.4458810364351375,301397.2827676471,0.0,520192.0,0
40.41424805194805,0.0,0.4473340027236392,301397.0849848602,0.0,520192.0,0
40.55698205128205,0.0,0.4429844982164901,298602.30757412134,0.0,520704.0,0
41.20248734177215,0.0,0.4344648497491534,7183.8876757813805,0.0,75776.0,0
41.53759743589743,0.0,0.4408708277725471,-11466.420228752517,0.0,65280.0,0
42.99887848101265,0.0,0.4385547162532105,271586.4545326346,0.0,484864.0,0
43.4432475,0.0,0.4389753512734037,270550.3934888588,0.0,483328.0,0
43.4432475,0.0,0.4355087795620791,-4275.667275969655,0.0,75776.0,0
44.05807435897436,0.0,0.4585162416124601,-316475.1606677698,0.0,64256.0,0
44.05807435897436,0.0,0.4658673076774183,-316457.4268024237,0.0,64256.0,0
44.05807435897436,0.0,0.4732371832020704,-316452.8236460706,0.0,64256.0,0
44.05807435897436,0.0,0.4806092275506519,-316449.78982078144,0.0,64256.0,0
44.05807435897436,0.0,0.483404596586018,-316446.18069059815,0.0,64256.0,0
44.05807435897436,0.0,0.470752055273308,-344.6050640240165,0.0,520192.0,0
44.05807435897436,0.0,0.477702497075696,-307079.85390782706,0.0,64256.0,0
44.05807435897436,0.0,0.4828109405572837,-307066.70335227984,0.0,64256.0,0
44.240351898734176,0.0,0.4832022221480867,-306545.6209116781,0.0,65024.0,0
44.240351898734176,0.0,0.4835541850560978,0.0,0.0,520704.0,0
44.240351898734176,0.0,0.48400829476997487,-299142.1479110853,0.0,75776.0,0
44.240351898734176,0.0,0.4845836610238066,-299142.0520073705,0.0,75776.0,0
43.72611875,0.0,0.48397245000779027,-305733.4806796692,0.0,65024.0,0
43.72611875,0.0,0.4891467180048247,-305023.7181818341,0.0,64256.0,0
43.72611875,0.0,0.49621813430127043,-304999.85856155306,0.0,64256.0,0
43.72611875,0.0,0.5033239638147917,-304997.52625313844,0.0,64256.0,0
43.72611875,0.0,0.510430985718182,-304995.9714006785,0.0,64256.0,0
43.72611875,0.0,0.5175380176084413,-304994.4651524756,0.0,64256.0,0
43.72611875,0.0,0.5246448121410784,-304992.86174331733,0.0,64256.0,0
43.72611875,0.0,0.5317500918507114,-304990.4323676246,0.0,64256.0,0
43.72611875,0.0,0.538856288484209,-304988.58606798167,0.0,64256.0,0
43.72611875,0.0,0.5459623990816378,-304986.73979069217,0.0,64256.0,0
43.72611875,0.0,0.5530693047069675,-304985.37939015083,0.0,64256.0,0
43.72611875,0.0,0.5601760576934197,-304983.9704166699,0.0,64256.0,0
43.72611875,0.0,0.5672826546467307,-304982.512871596,0.0,64256.0,0
43.72611875,0.0,0.5743864386443515,-304979.597823242,0.0,64256.0,0
43.72611875,0.0,0.5751953457978465,-304977.7030716941,0.0,64256.0,0
43.72611875,0.0,0.5823010756135618,-304975.9055086551,0.0,64256.0,0
43.72611875,0.0,0.5894066277746812,-304974.059384888,0.0,64256.0,0
43.72611875,0.0,0.5965111436840778,-304971.72747102345,0.0,64256.0,0
43.72611875,0.0,0.6036166086394691,-304969.9299784249,0.0,64256.0,0
43.72611875,0.0,0.6085516988285579,-304968.0353470018,0.0,64256.0,0
43.3215962962963,0.0,0.6114228636080166,-304452.6781924506,0.0,65024.0,0
43.3215962962963,0.0,0.6120491893557839,-304450.4958187169,0.0,65024.0,0
43.3215962962963,0.0,0.6133228691889423,-43389.039876891526,0.0,254.0,0
43.953116049382714,0.0,0.5809687929821401,-304520.345333281,0.0,65024.0,0
44.77839113924051,0.0,0.578456615366586,-23764.65124043424,0.0,481024.0,0
45.69642435897436,0.0,0.6239170487232025,-27311.616888217013,0.0,478208.0,0
46.62771898734177,0.0,0.609515263817803,-28103.152305632015,0.0,476160.0,0
47.36019375,0.0,0.6099041197697659,-362439.31892404647,0.0,1047.0,0
48.121556790123456,0.0,0.6103429205667029,-309852.4617725202,0.0,75776.0,0
48.121556790123456,0.0,0.6109617651074362,-28102.878835831834,0.0,476160.0,0
48.121556790123456,0.0,0.6116427394262579,-28102.869405933652,0.0,476160.0,0
48.86654146341464,0.0,0.6120816413772276,-29724.17882081344,0.0,473856.0,0
49.59335060240965,0.0,0.6125204402683518,-31345.481888663868,0.0,471552.0,0
50.30345714285715,0.0,0.6129312678271426,-32965.27896618125,0.0,469248.0,0
50.99661411764707,0.0,0.6133700458254546,-34586.504786633566,0.0,466944.0,0
51.67347441860466,0.0,0.6138089263586953,-36207.735049607734,0.0,464640.0,0
52.33462068965518,0.0,0.614247703547221,-37828.95787819683,0.0,462336.0,0
52.98048068181818,0.0,0.6146864802940744,-38729.627858886306,0.0,461056.0,0
53.611633707865174,0.0,0.6151252565992559,-40350.847786289865,0.0,458752.0,0
54.22843777777778,0.0,0.6155641357336435,-42692.62373483267,0.0,455424.0,0
54.831572527472524,0.0,0.6160030145735148,2702.0638867135203,0.0,519936.0,0
54.308281521739126,0.0,0.6135624148861647,-315751.94246374635,0.0,65280.0,0
54.308281521739126,0.0,0.6130286543162055,-42415.14901957908,0.0,455424.0,0
53.74419999999999,0.0,0.6196661055181407,-314753.8748008713,0.0,65280.0,0
53.74419999999999,0.0,0.6270062035324305,-314709.39843825286,0.0,65280.0,0
53.74419999999999,0.0,0.6341161757308849,-314679.2308181586,0.0,65280.0,0
53.74419999999999,0.0,0.6290058021793891,-311841.1395176476,0.0,65280.0,0
53.74419999999999,0.0,0.6232280228929158,-41538.67599655385,0.0,455424.0,0
53.559609574468084,0.0,0.62014759820176,-42873.59498567826,0.0,453120.0,0
53.559609574468084,0.0,0.620746091159452,-42873.553231912316,0.0,453120.0,0
53.05772,0.0,0.618672489535827,-305688.1877993049,0.0,65280.0,0
53.05772,0.0,0.6169876057248372,-304561.9316725447,0.0,65280.0,0
52.889250000000004,0.0,0.6164378127608154,-43169.04769983913,0.0,452096.0,0
52.889250000000004,0.0,0.614950509873833,2581.182129117062,0.0,519936.0,0
52.889250000000004,0.0,0.6152070055940078,-42992.156088960866,0.0,452096.0,0
52.889250000000004,0.0,0.6150624403652525,-295435.230154411,0.0,75776.0,0
52.889250000000004,0.0,0.6214292004423706,-302102.17917413724,0.0,65280.0,0
52.889250000000004,0.0,0.6271858452546833,-302078.4337759993,0.0,65280.0,0
52.889250000000004,0.0,0.6256294062095504,-42737.8981272001,0.0,452096.0,0
52.452065979381445,0.0,0.6260478602831124,-301081.3841079743,0.0,65024.0,0
52.01472755102041,0.0,0.626608617618546,-300897.72409302264,0.0,65280.0,0
51.84256969696969,0.0,0.6276328639892337,-42782.69722664806,0.0,452096.0,0
51.386917999999994,0.0,0.6262441790205835,170.9940077191941,0.0,65280.0,0
52.33126020408163,0.0,0.6355594069704688,-306080.0917991305,0.0,65280.0,0
52.36278282828283,0.0,0.6281604611731298,-302497.3049107985,0.0,65024.0,0
52.331831,0.0,0.6279147073162161,2572.4545040437656,0.0,519936.0,0
52.621716000000006,0.0,0.62529288980616,-44061.4702318089,0.0,450048.0,0
52.934151,0.0,0.722561295813198,297007.20363220456,0.0,450048.0,0
52.934151,0.0,0.7232391443468684,297006.9852801574,0.0,450048.0,0
52.934151,0.0,0.7214888077727148,295982.8015020567,0.0,450048.0,0
52.440345544554454,0.0,0.720250525460535,196.20509934312133,0.0,65024.0,0
52.440345544554454,0.0,0.7208537190109644,196.18570500132557,0.0,65024.0,0
52.16405392156863,0.0,0.7081666792812059,289870.61776335345,0.0,450048.0,0
52.16405392156863,0.0,0.6836116423066451,330268.8189448562,0.0,519936.0,0
52.16405392156863,0.0,0.6792798524800362,277527.57277024817,0.0,450048.0,0
52.16405392156863,0.0,0.6754685382828964,325690.32164528535,0.0,519936.0,0
51.70738834951456,0.0,0.6734214383868505,182.5083085893526,0.0,65024.0,0
51.70738834951456,0.0,0.6739892391234258,182.49217873781245,0.0,65024.0,0
51.70738834951456,0.0,0.671405657201397,273318.08842246124,0.0,450048.0,0
51.239980769230776,0.0,0.6703528199185648,181.20857785075117,0.0,65024.0,0
51.239980769230776,0.0,0.6709363204849307,181.19793614190164,0.0,65024.0,0
51.1287161904762,0.0,0.657629115660256,315572.34445171023,0.0,519936.0,0
51.25033490566039,0.0,0.6426965599817639,260881.3378458574,0.0,450048.0,0
51.25033490566039,0.0,0.6437184435858946,172.9786553588108,0.0,65024.0,0
51.07154672897197,0.0,0.6363825418926066,3166.2737358890668,0.0,519680.0,0
50.69647352941177,0.0,0.6031734249299654,-43907.437220738015,0.0,255.0,0
50.69647352941177,0.0,0.6011881811778239,308259.37542376714,0.0,519680.0,0
50.26383689320389,0.0,0.599978812347487,0.0,0.0,64768.0,0
50.149332692307695,0.0,0.558910875036872,-43016.5392943824,0.0,1039.0,0
49.87788058252428,0.0,0.5589433397222152,6505.6243225863955,0.0,519680.0,0
50.30825294117648,0.0,0.5638732099432077,-11003.871838504461,0.0,49151.0,0
49.74517900000001,0.0,0.5595968227373577,-43396.07610517861,0.0,255.0,0
49.74517900000001,0.0,0.5601335873506412,-43392.575576946976,0.0,255.0,0
50.28735531914893,0.0,0.500300114062975,-10784.19757372039,0.0,49151.0,0
51.21470326086956,0.0,0.4843762413090338,305665.0949470257,0.0,519680.0,0
51.21470326086956,0.0,0.4845065856302185,305212.4879152439,0.0,519680.0,0
50.73615591397849,0.0,0.4827316157787818,170.8916808261814,0.0,64768.0,0
50.43489268292682,0.0,0.4091432686460285,170.71420594673452,0.0,64768.0,0
50.43489268292682,0.0,0.40971172923055793,170.70655228803372,0.0,64768.0,0
50.90668888888889,0.0,0.42341625874216127,-292961.0923950224,0.0,65024.0,0
50.90668888888889,0.0,0.43060968467274635,-292944.6047077431,0.0,65024.0,0
50.90668888888889,0.0,0.43438093158550206,-292937.1669045814,0.0,65024.0,0
53.559782352941184,0.005917159763313609,0.38806417006958704,-305869.2973937592,0.9193289940828403,65024.0,0
57.05814626865672,0.006172839506172839,0.3665369114285377,304274.22158746806,0.9590530864197531,519680.0,0
59.02185147058824,0.006134969325153374,0.3669536379355413,304274.07618373743,0.9531693251533743,519680.0,0
60.8016884057971,0.006097560975609756,0.36737036404426227,256212.6747097574,0.9473573170731707,447744.0,0
62.530154285714275,0.006060606060606061,0.3677870311698771,255870.43868225077,0.9416157575757577,447232.0,0
62.530154285714275,0.006024096385542169,0.3684281241958049,304273.4945702047,0.9359433734939759,519680.0,0
62.530154285714275,0.005988023952095809,0.3692943824602465,7696.305296149632,0.9303389221556887,75776.0,0
62.530154285714275,0.005952380952380952,0.3690646220322789,255411.88287404596,0.9248011904761905,447232.0,0
61.761259154929576,0.006060606060606061,0.34958142849035845,344.64864476219947,0.9416157575757577,64768.0,0
61.014598611111104,0.006024096385542169,0.3501386256139406,344.61933163079124,0.9359433734939759,64768.0,0
61.014598611111104,0.005988023952095809,0.35634263615895234,515.5435622222806,0.9303389221556887,65024.0,0
61.014598611111104,0.005952380952380952,0.35794379907128004,515.5292882880937,0.9248011904761905,65024.0,0
61.014598611111104,0.005952380952380952,0.3555275781428583,-49668.78415222108,0.9248011904761905,447232.0,0
60.935447222222216,0.005952380952380952,0.35694479488687525,23363.62025820333,0.9248011904761905,519680.0,0
60.510076712328754,0.005917159763313609,0.3573339216770499,-26110.11755129675,0.9193289940828403,445952.0,0
60.15790405405404,0.0058823529411764705,0.3576034649047868,-274401.80641603784,0.9139211764705882,75776.0,0
60.319395890410966,0.005917159763313609,0.3556064879676888,255112.14697346016,0.9193289940828403,445952.0,0
59.56469864864866,0.0058823529411764705,0.3549399815594782,0.0,0.9139211764705882,65024.0,0
59.56469864864866,0.005847953216374269,0.355511721827268,0.0,0.9085766081871345,65024.0,0
60.76495714285715,0.006134969325153374,0.3498509190781011,254021.60881074792,0.9531693251533743,445952.0,0
61.86975147058824,0.00625,0.34004657701196644,-26087.292996848755,0.9710412500000001,445952.0,0
61.15219253731343,0.006289308176100629,0.3385826851846748,-26000.823832682207,0.977148427672956,445952.0,0
60.336830882352935,0.006289308176100629,0.3385130751766145,342.2997663417703,0.977148427672956,64768.0,0
60.336830882352935,0.00625,0.3390721636559937,342.27025131673446,0.9710412500000001,64768.0,0
60.53746716417911,0.00641025641025641,0.3256853038075981,253868.6132587558,0.9959397435897436,445952.0,0
62.9898888888889,0.009615384615384616,0.12752729182594347,-278755.67334429047,1.4939096153846154,64768.0,0
62.9898888888889,0.009523809523809525,0.1346514584877524,-278753.2699942203,1.4796819047619048,64768.0,0
62.9898888888889,0.009433962264150943,0.14064520250410725,-278751.0447070319,1.465722641509434,64768.0,0
60.06962641509435,0.009523809523809525,0.14272847858789872,-21287.945765316395,1.4796819047619048,444928.0,0
59.410455555555565,0.009433962264150943,0.14315377801121107,-22683.872948868247,1.465722641509434,442880.0,0
59.410455555555565,0.009345794392523364,0.1501420253819689,-279915.2925077899,1.4520242990654206,64768.0,0
59.410455555555565,0.009259259259259259,0.15737081611043865,-279896.1314171202,1.4385796296296296,64768.0,0
59.410455555555565,0.009174311926605505,0.16460521189241217,-279888.18623666314,1.4253816513761468,64768.0,0
59.410455555555565,0.00909090909090909,0.16835617900196573,-279880.65008234204,1.4124236363636364,64768.0,0
43.21165238095238,0.010416666666666666,0.15931771050747742,251877.58678739765,1.6184020833333335,441856.0,0
42.950372093023255,0.010309278350515464,0.1597350297982571,251192.59141261494,1.601717525773196,440832.0,0
42.70002954545455,0.01020408163265306,0.160152374362203,250507.6364230169,1.5853734693877553,439808.0,0
42.70002954545455,0.010101010101010102,0.16682250978832908,-341.5432062205074,1.569359595959596,64768.0,0
42.70002954545455,0.01,0.17390911324141525,-341.5214252056022,1.553666,64768.0,0
42.70002954545455,0.009900990099009901,0.17883981809042013,-341.5112146139606,1.5382831683168317,64768.0,0
43.38560909090909,0.009900990099009901,0.1790836437119041,-10770.984388651174,1.5382831683168317,439296.0,0
44.541080952380945,0.010638297872340425,0.16251842656754034,-342.4143830761977,1.652836170212766,64768.0,0
44.541080952380945,0.010526315789473684,0.1696211622741816,-342.3880144309476,1.6354378947368422,64768.0,0
44.541080952380945,0.010416666666666666,0.17673167937216727,-342.3788436801885,1.6184020833333335,64768.0,0
44.541080952380945,0.010309278350515464,0.18384257762707842,-342.37109259538556,1.601717525773196,64768.0,0
44.541080952380945,0.01020408163265306,0.19095327569444134,-342.3635601872548,1.5853734693877553,64768.0,0
44.541080952380945,0.010101010101010102,0.19459099510592978,-342.3543361678947,1.569359595959596,64768.0,0
44.57296744186046,0.01,0.19468799570142406,248995.55922598258,1.553666,438272.0,0
44.60124772727272,0.009900990099009901,0.19510446168924658,248311.85642304792,1.5382831683168317,437248.0,0
44.62727777777777,0.00980392156862745,0.19552102063627425,247799.16848824464,1.5232019607843137,436480.0,0
45.708437209302325,0.010526315789473684,0.18685620674227552,-259102.70665694843,1.6354378947368422,64768.0,0
45.708437209302325,0.010416666666666666,0.19396182212172855,-259086.67383561246,1.6184020833333335,64768.0,0
45.708437209302325,0.010309278350515464,0.19505982683791037,-259080.889284107,1.601717525773196,64768.0,0
47.22326904761905,0.010526315789473684,0.19386655302551334,-12003.125536282094,1.6354378947368422,434176.0,0
47.014688372093026,0.010416666666666666,0.19424047117526064,-13543.313322422122,1.6184020833333335,431872.0,0
46.813959090909094,0.010309278350515464,0.19465815591776142,-14743.339619806782,1.601717525773196,430080.0,0
46.223777777777784,0.01020408163265306,0.19453267728179752,-15386.101408056926,1.5853734693877553,429056.0,0
45.65786521739131,0.010101010101010102,0.19494565958302493,-16069.621112760378,1.569359595959596,428032.0,0
45.12437234042554,0.01,0.1953068844282709,-16065.058064487375,1.553666,428032.0,0
45.12437234042554,0.009900990099009901,0.1958176970766157,-16058.770217466672,1.5382831683168317,428032.0,0
45.34509565217392,0.009900990099009901,0.19613456323026973,242469.1413373688,1.5382831683168317,428032.0,0
45.36283043478261,0.009900990099009901,0.19600605807927785,-342.0046270910816,1.5382831683168317,64768.0,0
45.36283043478261,0.00980392156862745,0.19658082345859335,-341.981915826741,1.5232019607843137,64768.0,0
44.71343255813954,0.010101010101010102,0.20624851722809392,-262921.9563700734,1.569359595959596,64768.0,0
44.71343255813954,0.01,0.2096662049160538,-262908.4393146341,1.553666,64768.0,0
44.46680227272727,0.009900990099009901,0.21023793604740348,-15021.28410837953,1.5382831683168317,428032.0,0
44.46680227272727,0.00980392156862745,0.208952490441002,-303876.5407417346,1.5232019607843137,255.0,0
44.46680227272727,0.009708737864077669,0.20737020746359253,-14715.14648393086,1.5084135922330097,428032.0,0
43.09746818181818,0.00980392156862745,0.20667458277876907,-257407.88007203682,1.5232019607843137,64768.0,0
43.09746818181818,0.00980392156862745,0.20656373641910705,-170.9920471172472,1.5232019607843137,64768.0,0
43.09746818181818,0.009708737864077669,0.21171013468204236,-170.98390565406478,1.5084135922330097,64768.0,0
44.02857674418604,0.00980392156862745,0.2133470370701562,-14846.036361309545,1.5232019607843137,428032.0,0
44.21932727272727,0.009708737864077669,0.21333870344778014,-16022.207173587889,1.5084135922330097,426240.0,0
44.17455999999999,0.009615384615384616,0.21311131947586182,-300627.10595138214,1.4939096153846154,1978.0,0
44.17455999999999,0.009523809523809525,0.2126282605603257,-15889.057210986297,1.4796819047619048,426240.0,0
43.71894222222222,0.009523809523809525,0.21923095825333358,-313235.8454278312,1.4796819047619048,64768.0,0
43.71894222222222,0.009433962264150943,0.21982580525103082,-313220.53080470435,1.465722641509434,64768.0,0
43.71894222222222,0.009345794392523364,0.21877050319985034,-63990.41316342367,1.4520242990654206,426240.0,0
43.71894222222222,0.009259259259259259,0.219014279230835,-63886.21051409777,1.4385796296296296,426240.0,0
43.747702173913034,0.009174311926605505,0.21910596630518042,-64311.89565068906,1.4253816513761468,425472.0,0
42.896361702127656,0.00909090909090909,0.2192850133330912,-309740.14934437175,1.4124236363636364,64512.0,0
42.50138125,0.009009009009009009,0.2190472166596804,-63951.28036388939,1.3996990990990992,425472.0,0
41.706591836734695,0.008928571428571428,0.21911540202878194,-307577.40369114775,1.3872017857142858,64512.0,0
41.706591836734695,0.008849557522123894,0.21970006552885593,-307563.88369425084,1.3749256637168141,64512.0,0
43.71877708333333,0.009433962264150943,0.21578383307834512,-63841.43471697274,1.465722641509434,425472.0,0
43.71877708333333,0.009345794392523364,0.21442998334420746,-63266.51616222488,1.4520242990654206,425472.0,0
43.80732127659574,0.009345794392523364,0.21634263027559802,-16588.572289502725,1.4520242990654206,425472.0,0
43.02422708333334,0.009259259259259259,0.21583624226853027,-259145.4528727144,1.4385796296296296,64512.0,0
43.02422708333334,0.009174311926605505,0.21641595924293286,-259131.33342862802,1.4253816513761468,64512.0,0
42.57750212765958,0.009259259259259259,0.21646134823125984,-63980.54358001345,1.4385796296296296,425472.0,0
42.36252708333333,0.009174311926605505,0.21530830215882787,-63447.03884245926,1.4253816513761468,425472.0,0
41.5498306122449,0.00909090909090909,0.2153385848621114,-306194.29910656105,1.4124236363636364,64256.0,0
41.5498306122449,0.009009009009009009,0.21591133663865747,-306167.50291848485,1.3996990990990992,64256.0,0
41.74628541666667,0.009009009009009009,0.23236049786147894,1244.3344330129798,1.3996990990990992,1978.0,0
41.89497142857144,0.008928571428571428,0.2248268575486172,0.0,1.3872017857142858,255.0,0
42.809568000000006,0.008849557522123894,0.22323481346126972,293916.39111828315,1.3749256637168141,425472.0,0
30.847554838709677,0.0,0.1815567943515071,8257.218609409147,0.0,75776.0,0
30.118409375000002,0.0,0.18118358200984902,-190.9519686564295,0.0,64512.0,0
29.941569696969697,0.0,0.17839397786390374,8064.85900518223,0.0,75776.0,0
30.293499999999998,0.0,0.11788868277098258,-244275.77085673623,0.0,75776.0,0
29.191793103448273,0.0,0.11725914428357305,-341.76998060609685,0.0,64256.0,0
28.88108275862069,0.0,0.09910858769416749,7424.10673782865,0.0,75776.0,0
